period,year,revenue,cogs,gross_profit,gross_margin_pct,operating_expense,operating_contribution,revenue_3m_average,prior_year_revenue,prior_year_gross_margin_pct,revenue_yoy_change,revenue_yoy_pct,gross_margin_yoy_change
2024-01,2024,8720377.57,-2661835.18,6058542.39,0.6947568888350324,-6480235.51,-421693.12,8720377.57,,,,,
2024-02,2024,8971825.11,-2733731.36,6238093.75,0.6952981888876789,-6490989.41,-252895.66,8846101.34,,,,,
2024-03,2024,9210712.43,-2810601.56,6400110.87,0.6948551394520087,-6367548.80,32562.07,8967638.37,,,,,
2024-04,2024,9201551.00,-2803269.56,6398281.44,0.6953481472851697,-6572713.33,-174431.89,9128029.513333334,,,,,
2024-05,2024,9158898.21,-2792685.85,6366212.36,0.6950849560757374,-6521574.86,-155362.50,9190387.213333333,,,,,
2024-06,2024,9016745.79,-2747733.41,6269012.38,0.6952632940980363,-6493911.07,-224898.69,9125731.666666666,,,,,
2024-07,2024,8752315.23,-2674172.66,6078142.57,0.694461112319877,-6556845.94,-478703.37,8975986.41,,,,,
2024-08,2024,8535916.28,-2604813.79,5931102.49,0.6948407523509592,-6534648.03,-603545.54,8768325.766666668,,,,,
2024-09,2024,8325491.98,-2540368.96,5785123.02,0.6948686076327226,-6553660.36,-768537.34,8537907.83,,,,,
2024-10,2024,8315156.60,-2539586.70,5775569.90,0.6945834189099939,-6598269.96,-822700.06,8392188.286666667,,,,,
2024-11,2024,8368484.87,-2553612.95,5814871.92,0.694853609743098,-6627004.69,-812132.77,8336377.816666666,,,,,
2024-12,2024,8497295.76,-2593132.84,5904162.92,0.6948284591661665,-6660875.92,-756713.00,8393645.743333334,,,,,
2025-01,2025,10402376.76,-3922567.67,6479809.09,0.6229162084300435,-6578741.02,-98931.93,9089385.796666667,8720377.57,0.6947568888350324,1681999.19,0.1928814637323093,-0.07184068040498892
2025-02,2025,10675992.76,-4025724.42,6650268.34,0.6229180264075038,-6747972.78,-97704.44,9858555.093333334,8971825.11,0.6952981888876789,1704167.65,0.18994659716455398,-0.07238016248017509
2025-03,2025,10878129.53,-4107244.44,6770885.09,0.6224310044596426,-6735779.48,35105.61,10652166.35,9210712.43,0.6948551394520087,1667417.10,0.18103019855110158,-0.07242413499236611
2025-04,2025,10977776.78,-4137984.87,6839791.91,0.6230580241402941,-6664615.63,175176.28,10843966.356666667,9201551.00,0.6953481472851697,1776225.78,0.19303547630176698,-0.0722901231448756
2025-05,2025,10903498.59,-4109719.27,6793779.32,0.6230825146555093,-6730127.92,63651.40,10919801.633333333,9158898.21,0.6950849560757374,1744600.38,0.19048146840361047,-0.07200244142022805
2025-06,2025,10719612.17,-4048105.07,6671507.10,0.622364596237067,-6684391.85,-12884.75,10866962.513333334,9016745.79,0.6952632940980363,1702866.38,0.18885598193181408,-0.07289869786096936
2025-07,2025,10432387.09,-3936575.83,6495811.26,0.622658189727889,-6766265.48,-270454.22,10685165.95,8752315.23,0.694461112319877,1680071.86,0.19195742107657154,-0.07180292259198795
2025-08,2025,10067059.07,-3798801.15,6268257.92,0.6226503566150228,-6670456.52,-402198.60,10406352.776666667,8535916.28,0.6948407523509592,1531142.79,0.17937650039838493,-0.07219039573593644
2025-09,2025,9637118.38,-3639543.26,5997575.12,0.6223411276597808,-6798546.43,-800971.31,10045521.513333334,8325491.98,0.6948686076327226,1311626.40,0.15754341042557818,-0.07252747997294184
2025-10,2025,9210777.79,-3475538.67,5735239.12,0.6226661038578807,-6785690.76,-1050451.64,9638318.413333334,8315156.60,0.6945834189099939,895621.19,0.1077094795785325,-0.07191731505211318
2025-11,2025,8986426.06,-3390294.83,5596131.23,0.6227315723332174,-6869569.52,-1273438.29,9278107.41,8368484.87,0.694853609743098,617941.19,0.07384146588054952,-0.07212203740988055
2025-12,2025,8884513.89,-3352719.40,5531794.49,0.6226333323904567,-6853643.80,-1321849.31,9027239.246666666,8497295.76,0.6948284591661665,387218.13,0.04556957188930433,-0.07219512677570983
