period,financial_statement_line,actual_amount,forecast_amount,variance_amount,variance_pct
2024-01,Revenue,8720377.57,8737647.34,-17269.77,-0.001976478258734576
2024-01,Cost of Revenue,-2661835.18,-2614245.82,-47589.36,-0.01820385812073327
2024-01,Operating Expense,-6480235.51,-6417737.22,-62498.29,-0.009738368502411198
2024-02,Revenue,8971825.11,8991812.45,-19987.34,-0.002222837732786564
2024-02,Cost of Revenue,-2733731.36,-2685774.36,-47957.00,-0.017855930384263554
2024-02,Operating Expense,-6490989.41,-6467495.13,-23494.28,-0.003632670690546001
2024-03,Revenue,9210712.43,9232505.44,-21793.01,-0.002360465438296021
2024-03,Cost of Revenue,-2810601.56,-2761908.55,-48693.01,-0.017630203577884578
2024-03,Operating Expense,-6367548.80,-6323042.77,-44506.03,-0.007038704563435999
2024-04,Revenue,9201551.00,9222258.82,-20707.82,-0.0022454173542702633
2024-04,Cost of Revenue,-2803269.56,-2754457.43,-48812.13,-0.01772114154619554
2024-04,Operating Expense,-6572713.33,-6523618.48,-49094.85,-0.007525708339706585
2024-05,Revenue,9158898.21,9178167.18,-19268.97,-0.0020994354997137896
2024-05,Cost of Revenue,-2792685.85,-2743737.35,-48948.50,-0.017840082251313158
2024-05,Operating Expense,-6521574.86,-6449331.10,-72243.76,-0.01120174462743896
2024-06,Revenue,9016745.79,9033100.76,-16354.97,-0.001810559899035157
2024-06,Cost of Revenue,-2747733.41,-2698783.85,-48949.56,-0.01813763632830395
2024-06,Operating Expense,-6493911.07,-6439561.75,-54349.32,-0.008439909750069561
2024-07,Revenue,8752315.23,8764245.99,-11930.76,-0.0013612990796484936
2024-07,Cost of Revenue,-2674172.66,-2625329.29,-48843.37,-0.018604664255279003
2024-07,Operating Expense,-6556845.94,-6535545.54,-21300.40,-0.0032591617439789123
2024-08,Revenue,8535916.28,8542925.25,-7008.97,-0.0008204414524170161
2024-08,Cost of Revenue,-2604813.79,-2555707.36,-49106.43,-0.019214418195360208
2024-08,Operating Expense,-6534648.03,-6452079.85,-82568.18,-0.012797141684475587
2024-09,Revenue,8325491.98,8327604.68,-2112.70,-0.0002536984020235696
2024-09,Cost of Revenue,-2540368.96,-2490844.42,-49524.54,-0.019882630806784794
2024-09,Operating Expense,-6553660.36,-6498496.38,-55163.98,-0.008488729819066239
2024-10,Revenue,8315156.60,8312511.90,2644.70,0.0003181589430265958
2024-10,Cost of Revenue,-2539586.70,-2488439.36,-51147.34,-0.020553982878650498
2024-10,Operating Expense,-6598269.96,-6590775.58,-7494.38,-0.0011371013788941664
2024-11,Revenue,8368484.87,8360768.84,7716.03,0.0009228852211634642
2024-11,Cost of Revenue,-2553612.95,-2500408.11,-53204.84,-0.021278462418680925
2024-11,Operating Expense,-6627004.69,-6585926.52,-41078.17,-0.006237265155518316
2024-12,Revenue,8497295.76,8485853.58,11442.18,0.001348382916595174
2024-12,Cost of Revenue,-2593132.84,-2537748.99,-55383.85,-0.021824006321444735
2024-12,Operating Expense,-6660875.92,-6621677.82,-39198.10,-0.005919662820442085
2025-01,Revenue,10402376.76,10524138.32,-121761.56,-0.011569741512101297
2025-01,Cost of Revenue,-3922567.67,-3867570.70,-54996.97,-0.014220029642897026
2025-01,Operating Expense,-6578741.02,-6583296.57,4555.55,0.0006919861427418574
2025-02,Revenue,10675992.76,10903821.86,-227829.10,-0.020894426094374953
2025-02,Cost of Revenue,-4025724.42,-3984957.74,-40766.68,-0.010230141110605604
2025-02,Operating Expense,-6747972.78,-6709960.77,-38012.01,-0.005665012256099972
2025-03,Revenue,10878129.53,11216797.70,-338668.17,-0.03019294624525501
2025-03,Cost of Revenue,-4107244.44,-4082045.29,-25199.15,-0.006173167667132866
2025-03,Operating Expense,-6735779.48,-6715315.92,-20463.56,-0.0030472966936751357
2025-04,Revenue,10977776.78,11425260.58,-447483.80,-0.03916617891265636
2025-04,Cost of Revenue,-4137984.87,-4127502.53,-10482.34,-0.002539632604416599
2025-04,Operating Expense,-6664615.63,-6603633.70,-60981.93,-0.009234602155476916
2025-05,Revenue,10903498.59,11449236.06,-545737.47,-0.04766584138365647
2025-05,Cost of Revenue,-4109719.27,-4113595.08,3875.81,0.0009421953120383448
2025-05,Operating Expense,-6730127.92,-6664170.11,-65957.81,-0.00989737790471858
2025-06,Revenue,10719612.17,11357762.97,-638150.80,-0.05618631078017646
2025-06,Cost of Revenue,-4048105.07,-4066250.74,18145.67,0.004462506411987766
2025-06,Operating Expense,-6684391.85,-6621622.37,-62769.48,-0.009479471418422189
2025-07,Revenue,10432387.09,11148281.54,-715894.45,-0.0642156773159498
2025-07,Cost of Revenue,-3936575.83,-3966226.85,29651.02,0.007475875970130151
2025-07,Operating Expense,-6766265.48,-6720222.50,-46042.98,-0.006851407077667444
2025-08,Revenue,10067059.07,10845150.64,-778091.57,-0.0717455751264696
2025-08,Cost of Revenue,-3798801.15,-3838142.71,39341.56,0.01025015560195259
2025-08,Operating Expense,-6670456.52,-6672350.08,1893.56,0.0002837920638600545
2025-09,Revenue,9637118.38,10472179.98,-835061.60,-0.0797409518929983
2025-09,Cost of Revenue,-3639543.26,-3688628.55,49085.29,0.013307192452327574
2025-09,Operating Expense,-6798546.43,-6755815.62,-42730.81,-0.006325040883812634
2025-10,Revenue,9210777.79,10091622.23,-880844.44,-0.08728472191333701
2025-10,Cost of Revenue,-3475538.67,-3532182.79,56644.12,0.016036576634812266
2025-10,Operating Expense,-6785690.76,-6737479.50,-48211.26,-0.007155681883707401
2025-11,Revenue,8986426.06,9922482.94,-936056.88,-0.09433696038181347
2025-11,Cost of Revenue,-3390294.83,-3454762.73,64467.90,0.01866058685888394
2025-11,Operating Expense,-6869569.52,-6852407.53,-17161.99,-0.0025045197508852778
2025-12,Revenue,8884513.89,9898340.92,-1013827.03,-0.10242393530329122
2025-12,Cost of Revenue,-3352719.40,-3427131.07,74411.67,0.021712525281386452
2025-12,Operating Expense,-6853643.80,-6784999.83,-68643.97,-0.010117018676476517
