period,financial_statement_line,actual_amount,budget_amount,variance_amount,variance_pct
2024-01,Revenue,8720377.57,8894785.19,-174407.62,-0.0196078506984158
2024-01,Cost of Revenue,-2661835.18,-2555361.93,-106473.25,-0.041666602585724515
2024-01,Operating Expense,-6480235.51,-6245995.66,-234239.85,-0.03750240357996022
2024-02,Revenue,8971825.11,9151261.66,-179436.55,-0.019607848258160282
2024-02,Cost of Revenue,-2733731.36,-2624382.06,-109349.30,-0.04166668476616549
2024-02,Operating Expense,-6490989.41,-6272602.29,-218387.12,-0.03481603167287687
2024-03,Revenue,9210712.43,9394926.62,-184214.19,-0.019607837022148026
2024-03,Cost of Revenue,-2810601.56,-2698177.44,-112424.12,-0.04166668890389951
2024-03,Operating Expense,-6367548.80,-6153222.70,-214326.10,-0.03483152007483818
2024-04,Revenue,9201551.00,9385582.07,-184031.07,-0.019607848360117745
2024-04,Cost of Revenue,-2803269.56,-2691138.69,-112130.87,-0.041666700574246505
2024-04,Operating Expense,-6572713.33,-6321877.49,-250835.84,-0.03967742816857402
2024-05,Revenue,9158898.21,9342076.34,-183178.13,-0.01960786053692214
2024-05,Cost of Revenue,-2792685.85,-2680978.48,-111707.37,-0.04166664180012366
2024-05,Operating Expense,-6521574.86,-6261102.81,-260472.05,-0.04160162481024649
2024-06,Revenue,9016745.79,9197080.84,-180335.05,-0.019607857442731795
2024-06,Cost of Revenue,-2747733.41,-2637824.03,-109909.38,-0.04166668388414067
2024-06,Operating Expense,-6493911.07,-6234380.47,-259530.60,-0.04162893189609906
2024-07,Revenue,8752315.23,8927361.63,-175046.40,-0.019607853613968586
2024-07,Cost of Revenue,-2674172.66,-2567205.78,-106966.88,-0.04166665595463096
2024-07,Operating Expense,-6556845.94,-6379739.33,-177106.61,-0.027760790972630536
2024-08,Revenue,8535916.28,8706634.58,-170718.30,-0.01960784025462109
2024-08,Cost of Revenue,-2604813.79,-2500621.22,-104192.57,-0.04166667433142873
2024-08,Operating Expense,-6534648.03,-6277443.36,-257204.67,-0.04097283802493759
2024-09,Revenue,8325491.98,8492001.85,-166509.87,-0.01960784664690105
2024-09,Cost of Revenue,-2540368.96,-2438754.23,-101614.73,-0.04166665453615635
2024-09,Operating Expense,-6553660.36,-6340498.48,-213161.88,-0.033619104345247
2024-10,Revenue,8315156.60,8481459.85,-166303.25,-0.019607856777156117
2024-10,Cost of Revenue,-2539586.70,-2438003.17,-101583.53,-0.04166669315692481
2024-10,Operating Expense,-6598269.96,-6333961.52,-264308.44,-0.04172877261180457
2024-11,Revenue,8368484.87,8535854.59,-167369.72,-0.01960784573299532
2024-11,Cost of Revenue,-2553612.95,-2451468.39,-102144.56,-0.04166668451311338
2024-11,Operating Expense,-6627004.69,-6380079.33,-246925.36,-0.038702553248659996
2024-12,Revenue,8497295.76,8667241.65,-169945.89,-0.019607840286765283
2024-12,Cost of Revenue,-2593132.84,-2489407.41,-103725.43,-0.04166671537303731
2024-12,Operating Expense,-6660875.92,-6467162.84,-193713.08,-0.029953332673466438
2025-01,Revenue,10402376.76,10610424.36,-208047.60,-0.019607849124707394
2025-01,Cost of Revenue,-3922567.67,-3765665.13,-156902.54,-0.04166662052607955
2025-01,Operating Expense,-6578741.02,-6322712.14,-256028.88,-0.04049352150325794
2025-02,Revenue,10675992.76,10889512.53,-213519.77,-0.019607835466625798
2025-02,Cost of Revenue,-4025724.42,-3864695.42,-161029.00,-0.041666672919854576
2025-02,Operating Expense,-6747972.78,-6557492.02,-190480.76,-0.029047806603354435
2025-03,Revenue,10878129.53,11095692.16,-217562.63,-0.019607846618556513
2025-03,Cost of Revenue,-4107244.44,-3942954.64,-164289.80,-0.04166667258439473
2025-03,Operating Expense,-6735779.48,-6486277.79,-249501.69,-0.03846608148430843
2025-04,Revenue,10977776.78,11197332.17,-219555.39,-0.01960783038912027
2025-04,Cost of Revenue,-4137984.87,-3972465.40,-165519.47,-0.04166668638573919
2025-04,Operating Expense,-6664615.63,-6391943.21,-272672.42,-0.04265876761442628
2025-05,Revenue,10903498.59,11121568.59,-218070.00,-0.019607845623150537
2025-05,Cost of Revenue,-4109719.27,-3945330.56,-164388.71,-0.04166665061393487
2025-05,Operating Expense,-6730127.92,-6480917.52,-249210.40,-0.038452950408787184
2025-06,Revenue,10719612.17,10934004.37,-214392.20,-0.01960783924581512
2025-06,Cost of Revenue,-4048105.07,-3886180.83,-161924.24,-0.04166667663789592
2025-06,Operating Expense,-6684391.85,-6514427.72,-169964.13,-0.026090416120235962
2025-07,Revenue,10432387.09,10641034.78,-208647.69,-0.01960783836475723
2025-07,Cost of Revenue,-3936575.83,-3779112.75,-157463.08,-0.04166667956651994
2025-07,Operating Expense,-6766265.48,-6553249.71,-213015.77,-0.032505364426285537
2025-08,Revenue,10067059.07,10268400.22,-201341.15,-0.019607840139289
2025-08,Cost of Revenue,-3798801.15,-3646849.15,-151952.00,-0.04166665352747042
2025-08,Operating Expense,-6670456.52,-6466693.46,-203763.06,-0.03150962099261158
2025-09,Revenue,9637118.38,9829860.86,-192742.48,-0.019607854347594503
2025-09,Cost of Revenue,-3639543.26,-3493961.57,-145581.69,-0.041666654622077026
2025-09,Operating Expense,-6798546.43,-6508821.02,-289725.41,-0.04451273266076074
2025-10,Revenue,9210777.79,9394993.27,-184215.48,-0.019607835227326353
2025-10,Cost of Revenue,-3475538.67,-3336517.08,-139021.59,-0.041666680153784795
2025-10,Operating Expense,-6785690.76,-6566346.04,-219344.72,-0.033404380254075064
2025-11,Revenue,8986426.06,9166154.63,-179728.57,-0.019607848356797793
2025-11,Cost of Revenue,-3390294.83,-3254683.16,-135611.67,-0.04166662723630524
2025-11,Operating Expense,-6869569.52,-6602279.36,-267290.16,-0.040484527452652345
2025-12,Revenue,8884513.89,9062204.27,-177690.38,-0.0196078541937347
2025-12,Cost of Revenue,-3352719.40,-3218610.62,-134108.78,-0.04166666796122111
2025-12,Operating Expense,-6853643.80,-6643218.37,-210425.43,-0.03167522400742639
