year,customer_id,customer_name,segment,region,revenue,prior_year_revenue,revenue_growth,revenue_growth_pct
2024,CUST009,Evercrest Health Tech,Enterprise,West,998056.15,,,
2024,CUST095,Pioneer Industries 095,Mid-Market,Central,528608.63,,,
2024,CUST041,Alto Digital 041,Enterprise,Central,988890.80,,,
2024,CUST057,Rivet Digital 057,Mid-Market,West,529512.49,,,
2024,CUST099,Tandem Industries 099,Mid-Market,West,527134.14,,,
2024,CUST101,Alto Labs 101,Mid-Market,Central,524159.64,,,
2024,CUST102,Beacon Labs 102,Mid-Market,West,525951.70,,,
2024,CUST023,Cedar Cloud 023,Enterprise,Central,993930.90,,,
2024,CUST122,Beacon Networks 122,SMB,Central,231597.92,,,
2024,CUST109,Indigo Labs 109,Mid-Market,East,524502.99,,,
2024,CUST105,Ember Labs 105,Mid-Market,West,533708.22,,,
2024,CUST103,Cedar Labs 103,Mid-Market,East,530712.63,,,
2024,CUST037,Rivet Cloud 037,Enterprise,East,982822.81,,,
2024,CUST058,Summit Digital 058,Mid-Market,East,527877.01,,,
2024,CUST061,Alto Dynamics 061,Mid-Market,East,527645.00,,,
2024,CUST086,Foundry Industries 086,Mid-Market,Central,528113.38,,,
2024,CUST088,Helix Industries 088,Mid-Market,East,526669.88,,,
2024,CUST055,Pioneer Digital 055,Mid-Market,East,532355.76,,,
2024,CUST022,Beacon Cloud 022,Enterprise,East,991477.56,,,
2024,CUST062,Beacon Dynamics 062,Mid-Market,Central,531532.87,,,
2024,CUST031,Lattice Cloud 031,Enterprise,East,988690.52,,,
2024,CUST077,Rivet Dynamics 077,Mid-Market,Central,524884.59,,,
2024,CUST047,Granite Digital 047,Enterprise,Central,985768.82,,,
2024,CUST071,Lattice Dynamics 071,Mid-Market,Central,519879.95,,,
2024,CUST081,Alto Industries 081,Mid-Market,West,529034.29,,,
2024,CUST126,Foundry Networks 126,SMB,West,232522.04,,,
2024,CUST085,Ember Industries 085,Mid-Market,East,529089.25,,,
2024,CUST100,Vertex Industries 100,Mid-Market,East,527180.44,,,
2024,CUST092,Mosaic Industries 092,Mid-Market,Central,527011.90,,,
2024,CUST090,Kinetic Industries 090,Mid-Market,West,528018.28,,,
2024,CUST110,Kinetic Labs 110,Mid-Market,Central,526814.00,,,
2024,CUST089,Indigo Industries 089,Mid-Market,Central,530144.81,,,
2024,CUST125,Ember Networks 125,SMB,Central,233120.99,,,
2024,CUST142,Beacon Operations 142,SMB,East,229531.72,,,
2024,CUST051,Lattice Digital 051,Mid-Market,West,526105.12,,,
2024,CUST014,Orchid Advisory 014,Enterprise,Central,994729.67,,,
2024,CUST083,Cedar Industries 083,Mid-Market,Central,522465.62,,,
2024,CUST054,Orchid Digital 054,Mid-Market,West,526959.31,,,
2024,CUST065,Ember Dynamics 065,Mid-Market,Central,532509.25,,,
2024,CUST075,Pioneer Dynamics 075,Mid-Market,West,532974.02,,,
2024,CUST084,Delta Industries 084,Mid-Market,West,523753.00,,,
2024,CUST117,Rivet Labs 117,SMB,West,230471.02,,,
2024,CUST025,Ember Cloud 025,Enterprise,East,984969.16,,,
2024,CUST033,Nova Cloud 033,Enterprise,West,988766.37,,,
2024,CUST039,Tandem Cloud 039,Enterprise,West,989767.97,,,
2024,CUST046,Foundry Digital 046,Enterprise,East,993031.73,,,
2024,CUST094,Orchid Industries 094,Mid-Market,East,524426.15,,,
2024,CUST123,Cedar Networks 123,SMB,West,232464.37,,,
2024,CUST135,Pioneer Networks 135,SMB,West,229299.82,,,
2024,CUST016,Quartz Advisory 016,Enterprise,East,995332.18,,,
2024,CUST127,Granite Networks 127,SMB,East,232293.00,,,
2024,CUST008,Brightpath Logistics,Enterprise,Central,991531.30,,,
2024,CUST113,Nova Labs 113,SMB,Central,228603.79,,,
2024,CUST028,Helix Cloud 028,Enterprise,East,1001427.45,,,
2024,CUST087,Granite Industries 087,Mid-Market,West,521745.62,,,
2024,CUST030,Kinetic Cloud 030,Enterprise,West,984133.17,,,
2024,CUST076,Quartz Dynamics 076,Mid-Market,East,527307.44,,,
2024,CUST038,Summit Cloud 038,Enterprise,Central,1001414.01,,,
2024,CUST049,Indigo Digital 049,Enterprise,East,988829.05,,,
2024,CUST042,Beacon Digital 042,Enterprise,West,992995.26,,,
2024,CUST136,Quartz Networks 136,SMB,East,229650.55,,,
2024,CUST015,Pioneer Advisory 015,Enterprise,West,1002472.39,,,
2024,CUST003,Cobalt Harbor Group,Enterprise,West,3292710.71,,,
2024,CUST063,Cedar Dynamics 063,Mid-Market,West,521057.56,,,
2024,CUST002,Aster Ridge Technologies,Enterprise,Central,3288508.53,,,
2024,CUST064,Delta Dynamics 064,Mid-Market,East,527410.04,,,
2024,CUST139,Tandem Networks 139,SMB,East,230863.23,,,
2024,CUST080,Vertex Dynamics 080,Mid-Market,Central,520724.38,,,
2024,CUST131,Lattice Networks 131,SMB,Central,231455.89,,,
2024,CUST098,Summit Industries 098,Mid-Market,Central,533531.01,,,
2024,CUST006,Silverline Data Works,Enterprise,West,987708.39,,,
2024,CUST111,Lattice Labs 111,SMB,West,228267.06,,,
2024,CUST052,Mosaic Digital 052,Mid-Market,East,531384.48,,,
2024,CUST118,Summit Labs 118,SMB,East,230744.31,,,
2024,CUST027,Granite Cloud 027,Enterprise,West,995030.88,,,
2024,CUST096,Quartz Industries 096,Mid-Market,West,523178.56,,,
2024,CUST035,Pioneer Cloud 035,Enterprise,Central,987824.04,,,
2024,CUST134,Orchid Networks 134,SMB,Central,230437.94,,,
2024,CUST050,Kinetic Digital 050,Enterprise,Central,990042.46,,,
2024,CUST129,Indigo Networks 129,SMB,West,232210.94,,,
2024,CUST137,Rivet Networks 137,SMB,Central,231553.52,,,
2024,CUST128,Helix Networks 128,SMB,Central,229923.85,,,
2024,CUST140,Vertex Networks 140,SMB,Central,233440.15,,,
2024,CUST124,Delta Networks 124,SMB,East,232688.70,,,
2024,CUST143,Cedar Operations 143,SMB,Central,231008.29,,,
2024,CUST107,Granite Labs 107,Mid-Market,Central,528973.06,,,
2024,CUST007,Arcfield Commerce,Enterprise,East,990401.22,,,
2024,CUST097,Rivet Industries 097,Mid-Market,East,526874.68,,,
2024,CUST072,Mosaic Dynamics 072,Mid-Market,West,530337.09,,,
2024,CUST069,Indigo Dynamics 069,Mid-Market,West,528742.34,,,
2024,CUST026,Foundry Cloud 026,Enterprise,Central,990645.40,,,
2024,CUST018,Summit Advisory 018,Enterprise,West,992738.26,,,
2024,CUST029,Indigo Cloud 029,Enterprise,Central,985979.09,,,
2024,CUST001,Northstar Systems,Enterprise,West,7834197.33,,,
2024,CUST032,Mosaic Cloud 032,Enterprise,Central,990947.98,,,
2024,CUST121,Alto Networks 121,SMB,East,230526.70,,,
2024,CUST043,Cedar Digital 043,Enterprise,East,996752.96,,,
2024,CUST116,Quartz Labs 116,SMB,Central,230700.27,,,
2024,CUST056,Quartz Digital 056,Mid-Market,Central,529482.48,,,
2024,CUST106,Foundry Labs 106,Mid-Market,East,530649.79,,,
2024,CUST078,Summit Dynamics 078,Mid-Market,West,525802.56,,,
2024,CUST010,Redwood Signal Partners,Enterprise,East,993563.54,,,
2024,CUST040,Vertex Cloud 040,Enterprise,East,984623.68,,,
2024,CUST070,Kinetic Dynamics 070,Mid-Market,East,520783.70,,,
2024,CUST045,Ember Digital 045,Enterprise,West,993384.98,,,
2024,CUST034,Orchid Cloud 034,Enterprise,East,995186.79,,,
2024,CUST059,Tandem Digital 059,Mid-Market,Central,527337.77,,,
2024,CUST141,Alto Operations 141,SMB,West,230300.47,,,
2024,CUST079,Tandem Dynamics 079,Mid-Market,East,529155.78,,,
2024,CUST138,Summit Networks 138,SMB,West,230848.51,,,
2024,CUST104,Delta Labs 104,Mid-Market,Central,533940.64,,,
2024,CUST132,Mosaic Networks 132,SMB,West,231655.93,,,
2024,CUST114,Orchid Labs 114,SMB,West,232318.54,,,
2024,CUST024,Delta Cloud 024,Enterprise,West,990141.14,,,
2024,CUST144,Delta Operations 144,SMB,West,230886.12,,,
2024,CUST108,Helix Labs 108,Mid-Market,West,527763.31,,,
2024,CUST012,Mosaic Advisory 012,Enterprise,West,995224.08,,,
2024,CUST013,Nova Advisory 013,Enterprise,East,988083.18,,,
2024,CUST017,Rivet Advisory 017,Enterprise,Central,990309.70,,,
2024,CUST120,Vertex Labs 120,SMB,West,229886.09,,,
2024,CUST019,Tandem Advisory 019,Enterprise,East,989390.36,,,
2024,CUST093,Nova Industries 093,Mid-Market,West,524906.59,,,
2024,CUST020,Vertex Advisory 020,Enterprise,Central,988531.32,,,
2024,CUST115,Pioneer Labs 115,SMB,East,232694.15,,,
2024,CUST021,Alto Cloud 021,Enterprise,West,993882.42,,,
2024,CUST073,Nova Dynamics 073,Mid-Market,East,525353.56,,,
2024,CUST048,Helix Digital 048,Enterprise,West,990358.26,,,
2024,CUST036,Quartz Cloud 036,Enterprise,West,990898.19,,,
2024,CUST060,Vertex Digital 060,Mid-Market,West,528274.93,,,
2024,CUST066,Foundry Dynamics 066,Mid-Market,West,528124.41,,,
2024,CUST091,Lattice Industries 091,Mid-Market,East,522869.02,,,
2024,CUST005,Meridian Forge Labs,Enterprise,Central,3286001.35,,,
2024,CUST053,Nova Digital 053,Mid-Market,Central,527658.07,,,
2024,CUST067,Granite Dynamics 067,Mid-Market,East,529704.71,,,
2024,CUST074,Orchid Dynamics 074,Mid-Market,Central,524994.93,,,
2024,CUST082,Beacon Industries 082,Mid-Market,East,529454.62,,,
2024,CUST112,Mosaic Labs 112,SMB,East,230657.88,,,
2024,CUST004,Juniper Peak Networks,Enterprise,East,3271789.64,,,
2024,CUST130,Kinetic Networks 130,SMB,East,233160.06,,,
2024,CUST119,Tandem Labs 119,SMB,Central,231081.42,,,
2024,CUST133,Nova Networks 133,SMB,East,230183.16,,,
2024,CUST011,Lattice Advisory 011,Enterprise,Central,982457.74,,,
2024,CUST044,Delta Digital 044,Enterprise,Central,986287.21,,,
2024,CUST068,Helix Dynamics 068,Mid-Market,Central,527826.88,,,
2025,CUST001,Northstar Systems,Enterprise,West,10625951.72,7834197.33,2791754.39,0.3563548724142236
2025,CUST005,Meridian Forge Labs,Enterprise,Central,3811286.73,3286001.35,525285.38,0.15985549732047422
2025,CUST004,Juniper Peak Networks,Enterprise,East,3761951.91,3271789.64,490162.27,0.14981472647489658
2025,CUST003,Cobalt Harbor Group,Enterprise,West,3768300.53,3292710.71,475589.82,0.14443717103832654
2025,CUST002,Aster Ridge Technologies,Enterprise,Central,3745390.85,3288508.53,456882.32,0.13893298917488295
2025,CUST029,Indigo Cloud 029,Enterprise,Central,1142335.12,985979.09,156356.03,0.15857945831285347
2025,CUST030,Kinetic Cloud 030,Enterprise,West,1136813.82,984133.17,152680.65,0.15514226595979896
2025,CUST048,Helix Digital 048,Enterprise,West,1142767.51,990358.26,152409.25,0.15389304674451854
2025,CUST037,Rivet Cloud 037,Enterprise,East,1133426.17,982822.81,150603.36,0.15323551556561843
2025,CUST049,Indigo Digital 049,Enterprise,East,1138534.38,988829.05,149705.33,0.15139657355333558
2025,CUST039,Tandem Cloud 039,Enterprise,West,1136884.58,989767.97,147116.61,0.148637473083717
2025,CUST011,Lattice Advisory 011,Enterprise,Central,1129309.58,982457.74,146851.84,0.1494739509100922
2025,CUST040,Vertex Cloud 040,Enterprise,East,1130973.82,984623.68,146350.14,0.14863560868249692
2025,CUST032,Mosaic Cloud 032,Enterprise,Central,1135614.21,990947.98,144666.23,0.1459877137042047
2025,CUST022,Beacon Cloud 022,Enterprise,East,1135895.19,991477.56,144417.63,0.1456590000887159
2025,CUST006,Silverline Data Works,Enterprise,West,1132103.23,987708.39,144394.84,0.14619177224970215
2025,CUST050,Kinetic Digital 050,Enterprise,Central,1134250.47,990042.46,144208.01,0.14565840943831843
2025,CUST046,Foundry Digital 046,Enterprise,East,1137157.99,993031.73,144126.26,0.14513761811014847
2025,CUST033,Nova Cloud 033,Enterprise,West,1132521.77,988766.37,143755.40,0.14538864221282122
2025,CUST007,Arcfield Commerce,Enterprise,East,1133005.24,990401.22,142604.02,0.1439861110025693
2025,CUST019,Tandem Advisory 019,Enterprise,East,1131948.32,989390.36,142557.96,0.1440866676728083
2025,CUST013,Nova Advisory 013,Enterprise,East,1130573.30,988083.18,142490.12,0.14420862826548664
2025,CUST025,Ember Cloud 025,Enterprise,East,1126336.59,984969.16,141367.43,0.1435247272107485
2025,CUST016,Quartz Advisory 016,Enterprise,East,1136670.58,995332.18,141338.40,0.14200123621040772
2025,CUST035,Pioneer Cloud 035,Enterprise,Central,1129003.95,987824.04,141179.91,0.14292009941365658
2025,CUST027,Granite Cloud 027,Enterprise,West,1136157.65,995030.88,141126.77,0.14183154798170672
2025,CUST034,Orchid Cloud 034,Enterprise,East,1136261.00,995186.79,141074.21,0.1417565138701249
2025,CUST009,Evercrest Health Tech,Enterprise,West,1138754.41,998056.15,140698.26,0.14097228898394132
2025,CUST045,Ember Digital 045,Enterprise,West,1134038.79,993384.98,140653.81,0.1415904335497402
2025,CUST036,Quartz Cloud 036,Enterprise,West,1131278.18,990898.19,140379.99,0.1416694383103072
2025,CUST024,Delta Cloud 024,Enterprise,West,1130341.19,990141.14,140200.05,0.141596025390885
2025,CUST014,Orchid Advisory 014,Enterprise,Central,1134164.97,994729.67,139435.30,0.14017406357246776
2025,CUST010,Redwood Signal Partners,Enterprise,East,1132696.98,993563.54,139133.44,0.14003476818402572
2025,CUST031,Lattice Cloud 031,Enterprise,East,1127594.70,988690.52,138904.18,0.14049308372047498
2025,CUST041,Alto Digital 041,Enterprise,Central,1127533.60,988890.80,138642.80,0.1402003133207428
2025,CUST018,Summit Advisory 018,Enterprise,West,1131193.11,992738.26,138454.85,0.13946762765041432
2025,CUST028,Helix Cloud 028,Enterprise,East,1137673.31,1001427.45,136245.86,0.1360516530678284
2025,CUST020,Vertex Advisory 020,Enterprise,Central,1124201.20,988531.32,135669.88,0.1372438862129326
2025,CUST042,Beacon Digital 042,Enterprise,West,1128430.85,992995.26,135435.59,0.13639097330635797
2025,CUST044,Delta Digital 044,Enterprise,Central,1121026.81,986287.21,134739.60,0.1366129446208677
2025,CUST023,Cedar Cloud 023,Enterprise,Central,1128013.25,993930.90,134082.35,0.13490107813329888
2025,CUST017,Rivet Advisory 017,Enterprise,Central,1124297.24,990309.70,133987.54,0.13529862425865358
2025,CUST047,Granite Digital 047,Enterprise,Central,1119390.97,985768.82,133622.15,0.13555120357732564
2025,CUST012,Mosaic Advisory 012,Enterprise,West,1128696.30,995224.08,133472.22,0.13411273167747306
2025,CUST021,Alto Cloud 021,Enterprise,West,1127224.97,993882.42,133342.55,0.1341633047498716
2025,CUST026,Foundry Cloud 026,Enterprise,Central,1123932.05,990645.40,133286.65,0.1345452671561389
2025,CUST038,Summit Cloud 038,Enterprise,Central,1134279.95,1001414.01,132865.94,0.132678331512458
2025,CUST043,Cedar Digital 043,Enterprise,East,1127004.40,996752.96,130251.44,0.13067574938528392
2025,CUST008,Brightpath Logistics,Enterprise,Central,1120668.03,991531.30,129136.73,0.13023969087007137
2025,CUST015,Pioneer Advisory 015,Enterprise,West,1126305.70,1002472.39,123833.31,0.12352790085320953
2025,CUST096,Quartz Industries 096,Mid-Market,West,613144.12,523178.56,89965.56,0.1719595695970415
2025,CUST070,Kinetic Dynamics 070,Mid-Market,East,607530.21,520783.70,86746.51,0.16656917257586978
2025,CUST080,Vertex Dynamics 080,Mid-Market,Central,605771.13,520724.38,85046.75,0.1633239257973671
2025,CUST109,Indigo Labs 109,Mid-Market,East,609346.21,524502.99,84843.22,0.1617592685219964
2025,CUST097,Rivet Industries 097,Mid-Market,East,610121.60,526874.68,83246.92,0.15800136761174377
2025,CUST071,Lattice Dynamics 071,Mid-Market,Central,602955.65,519879.95,83075.70,0.15979785333133156
2025,CUST054,Orchid Digital 054,Mid-Market,West,609825.15,526959.31,82865.84,0.15725282470101898
2025,CUST091,Lattice Industries 091,Mid-Market,East,605010.55,522869.02,82141.53,0.1570977182775144
2025,CUST087,Granite Industries 087,Mid-Market,West,603685.92,521745.62,81940.30,0.15705028822283174
2025,CUST077,Rivet Dynamics 077,Mid-Market,Central,606541.33,524884.59,81656.74,0.1555708465359975
2025,CUST094,Orchid Industries 094,Mid-Market,East,605536.49,524426.15,81110.34,0.15466494186073665
2025,CUST101,Alto Labs 101,Mid-Market,Central,604515.20,524159.64,80355.56,0.15330360040692925
2025,CUST088,Helix Industries 088,Mid-Market,East,606753.37,526669.88,80083.49,0.15205633175757072
2025,CUST081,Alto Industries 081,Mid-Market,West,608688.15,529034.29,79653.86,0.1505646448739646
2025,CUST102,Beacon Labs 102,Mid-Market,West,604833.55,525951.70,78881.85,0.14997926615694968
2025,CUST083,Cedar Industries 083,Mid-Market,Central,600833.86,522465.62,78368.24,0.1499969318555352
2025,CUST107,Granite Labs 107,Mid-Market,Central,606549.53,528973.06,77576.47,0.1466548598902182
2025,CUST051,Lattice Digital 051,Mid-Market,West,603618.30,526105.12,77513.18,0.14733401568112492
2025,CUST056,Quartz Digital 056,Mid-Market,Central,606954.22,529482.48,77471.74,0.1463159649777268
2025,CUST074,Orchid Dynamics 074,Mid-Market,Central,602411.06,524994.93,77416.13,0.14746071928732718
2025,CUST093,Nova Industries 093,Mid-Market,West,602268.54,524906.59,77361.95,0.14738231806158142
2025,CUST063,Cedar Dynamics 063,Mid-Market,West,598376.26,521057.56,77318.70,0.14838802070159018
2025,CUST078,Summit Dynamics 078,Mid-Market,West,602842.00,525802.56,77039.44,0.14651781079194426
2025,CUST092,Mosaic Industries 092,Mid-Market,Central,603823.92,527011.90,76812.02,0.1457500675032195
2025,CUST084,Delta Industries 084,Mid-Market,West,600385.88,523753.00,76632.88,0.14631492325580941
2025,CUST069,Indigo Dynamics 069,Mid-Market,West,604460.77,528742.34,75718.43,0.14320477909902207
2025,CUST082,Beacon Industries 082,Mid-Market,East,604947.27,529454.62,75492.65,0.142585685624955
2025,CUST053,Nova Digital 053,Mid-Market,Central,603022.30,527658.07,75364.23,0.1428277786029124
2025,CUST086,Foundry Industries 086,Mid-Market,Central,603200.35,528113.38,75086.97,0.14217963953119295
2025,CUST089,Indigo Industries 089,Mid-Market,Central,605134.74,530144.81,74989.93,0.14145178559797644
2025,CUST100,Vertex Industries 100,Mid-Market,East,601839.85,527180.44,74659.41,0.14162022020392118
2025,CUST110,Kinetic Labs 110,Mid-Market,Central,601473.16,526814.00,74659.16,0.1417182535012358
2025,CUST099,Tandem Industries 099,Mid-Market,West,601622.88,527134.14,74488.74,0.14130888961204446
2025,CUST060,Vertex Digital 060,Mid-Market,West,602761.33,528274.93,74486.40,0.14099930882580392
2025,CUST068,Helix Dynamics 068,Mid-Market,Central,602051.01,527826.88,74224.13,0.14062211079511533
2025,CUST066,Foundry Dynamics 066,Mid-Market,West,602043.31,528124.41,73918.90,0.1399649374282852
2025,CUST090,Kinetic Industries 090,Mid-Market,West,601716.01,528018.28,73697.73,0.13957420186285963
2025,CUST106,Foundry Labs 106,Mid-Market,East,603776.76,530649.79,73126.97,0.1378064617720851
2025,CUST079,Tandem Dynamics 079,Mid-Market,East,602073.31,529155.78,72917.53,0.13779974207217394
2025,CUST076,Quartz Dynamics 076,Mid-Market,East,600207.70,527307.44,72900.26,0.1382500121750605
2025,CUST095,Pioneer Industries 095,Mid-Market,Central,601243.97,528608.63,72635.34,0.1374085398492264
2025,CUST065,Ember Dynamics 065,Mid-Market,Central,605035.49,532509.25,72526.24,0.13619714587117504
2025,CUST073,Nova Dynamics 073,Mid-Market,East,597623.87,525353.56,72270.31,0.13756509045070509
2025,CUST085,Ember Industries 085,Mid-Market,East,600947.42,529089.25,71858.17,0.13581483653277782
2025,CUST075,Pioneer Dynamics 075,Mid-Market,West,604554.50,532974.02,71580.48,0.1343038822042395
2025,CUST062,Beacon Dynamics 062,Mid-Market,Central,602986.07,531532.87,71453.20,0.1344285631855655
2025,CUST064,Delta Dynamics 064,Mid-Market,East,598802.54,527410.04,71392.50,0.1353643172966521
2025,CUST058,Summit Digital 058,Mid-Market,East,598833.43,527877.01,70956.42,0.13441846993867013
2025,CUST098,Summit Industries 098,Mid-Market,Central,604230.03,533531.01,70699.02,0.1325115479229595
2025,CUST055,Pioneer Digital 055,Mid-Market,East,603016.82,532355.76,70661.06,0.1327327800491911
2025,CUST108,Helix Labs 108,Mid-Market,West,597947.07,527763.31,70183.76,0.13298340121445706
2025,CUST061,Alto Dynamics 061,Mid-Market,East,597527.74,527645.00,69882.74,0.13244272190582684
2025,CUST103,Cedar Labs 103,Mid-Market,East,599777.09,530712.63,69064.46,0.1301353238945906
2025,CUST052,Mosaic Digital 052,Mid-Market,East,600031.75,531384.48,68647.27,0.12918568867498736
2025,CUST104,Delta Labs 104,Mid-Market,Central,602374.00,533940.64,68433.36,0.12816660668496782
2025,CUST057,Rivet Digital 057,Mid-Market,West,597707.28,529512.49,68194.79,0.12878787807252667
2025,CUST105,Ember Labs 105,Mid-Market,West,600912.86,533708.22,67204.64,0.12592018912506164
2025,CUST072,Mosaic Dynamics 072,Mid-Market,West,596625.61,530337.09,66288.52,0.12499318122366287
2025,CUST059,Tandem Digital 059,Mid-Market,Central,593344.85,527337.77,66007.08,0.12517040074713393
2025,CUST067,Granite Dynamics 067,Mid-Market,East,593680.30,529704.71,63975.59,0.1207759508122932
2025,CUST123,Cedar Networks 123,SMB,West,268272.22,232464.37,35807.85,0.15403586364654487
2025,CUST133,Nova Networks 133,SMB,East,265765.10,230183.16,35581.94,0.15458098672378973
2025,CUST113,Nova Labs 113,SMB,Central,264036.61,228603.79,35432.82,0.154996642881555
2025,CUST111,Lattice Labs 111,SMB,West,263335.02,228267.06,35067.96,0.15362689649570993
2025,CUST112,Mosaic Labs 112,SMB,East,265643.19,230657.88,34985.31,0.1516761967984792
2025,CUST120,Vertex Labs 120,SMB,West,264820.38,229886.09,34934.29,0.15196347895603424
2025,CUST127,Granite Networks 127,SMB,East,267046.66,232293.00,34753.66,0.14961130985436477
2025,CUST134,Orchid Networks 134,SMB,Central,265086.99,230437.94,34649.05,0.15036174164723048
2025,CUST144,Delta Operations 144,SMB,West,265534.81,230886.12,34648.69,0.1500683107325811
2025,CUST143,Cedar Operations 143,SMB,Central,265276.84,231008.29,34268.55,0.1483433776337637
2025,CUST137,Rivet Networks 137,SMB,Central,265713.18,231553.52,34159.66,0.14752382084280136
2025,CUST128,Helix Networks 128,SMB,Central,263775.57,229923.85,33851.72,0.14723013728240897
2025,CUST138,Summit Networks 138,SMB,West,264696.04,230848.51,33847.53,0.14662225890043645
2025,CUST121,Alto Networks 121,SMB,East,264274.78,230526.70,33748.08,0.14639553682935658
2025,CUST129,Indigo Networks 129,SMB,West,265615.37,232210.94,33404.43,0.14385381670648245
2025,CUST142,Beacon Operations 142,SMB,East,262881.38,229531.72,33349.66,0.14529434101744187
2025,CUST141,Alto Operations 141,SMB,West,263504.46,230300.47,33203.99,0.14417682256575515
2025,CUST131,Lattice Networks 131,SMB,Central,264654.86,231455.89,33198.97,0.1434354079302107
2025,CUST139,Tandem Networks 139,SMB,East,263917.39,230863.23,33054.16,0.1431763733011966
2025,CUST116,Quartz Labs 116,SMB,Central,263610.85,230700.27,32910.58,0.14265514296970694
2025,CUST136,Quartz Networks 136,SMB,East,262484.82,229650.55,32834.27,0.14297492429258285
2025,CUST140,Vertex Networks 140,SMB,Central,265851.76,233440.15,32411.61,0.13884333950265204
2025,CUST135,Pioneer Networks 135,SMB,West,261578.00,229299.82,32278.18,0.1407684489242076
2025,CUST115,Pioneer Labs 115,SMB,East,264767.52,232694.15,32073.37,0.13783487896021462
2025,CUST117,Rivet Labs 117,SMB,West,262451.81,230471.02,31980.79,0.1387627390202899
2025,CUST124,Delta Networks 124,SMB,East,264028.90,232688.70,31340.20,0.13468724523365339
2025,CUST122,Beacon Networks 122,SMB,Central,262909.11,231597.92,31311.19,0.135196335096619
2025,CUST132,Mosaic Networks 132,SMB,West,262573.09,231655.93,30917.16,0.13346155222531975
2025,CUST119,Tandem Labs 119,SMB,Central,261283.97,231081.42,30202.55,0.1307009018725953
2025,CUST130,Kinetic Networks 130,SMB,East,263094.92,233160.06,29934.86,0.12838759777296338
2025,CUST118,Summit Labs 118,SMB,East,260446.36,230744.31,29702.05,0.12872278410678906
2025,CUST114,Orchid Labs 114,SMB,West,262012.56,232318.54,29694.02,0.12781597198398376
2025,CUST125,Ember Networks 125,SMB,Central,262707.51,233120.99,29586.52,0.12691486939893326
2025,CUST126,Foundry Networks 126,SMB,West,261994.03,232522.04,29471.99,0.12674923202978938
