year,customer_id,customer_name,segment,region,revenue,cogs,gross_profit,gross_margin_pct,support_tickets,implementation_hours,gross_profit_rank
2024,CUST001,Northstar Systems,Enterprise,West,7834197.33,-3260259.56,4573937.77,0.583842553018766,320,28617,1
2024,CUST003,Cobalt Harbor Group,Enterprise,West,3292710.71,-974292.00,2318418.71,0.7041064078174059,79,4821,2
2024,CUST002,Aster Ridge Technologies,Enterprise,Central,3288508.53,-971749.24,2316759.29,0.7045015297558009,76,4816,3
2024,CUST005,Meridian Forge Labs,Enterprise,Central,3286001.35,-974574.60,2311426.75,0.7034162508788987,77,4810,4
2024,CUST004,Juniper Peak Networks,Enterprise,East,3271789.64,-967032.49,2304757.15,0.7044331707095937,79,4788,5
2024,CUST015,Pioneer Advisory 015,Enterprise,West,1002472.39,-297170.67,705301.72,0.7035622397540544,18,1459,6
2024,CUST028,Helix Cloud 028,Enterprise,East,1001427.45,-296602.21,704825.24,0.7038205713254615,16,1459,7
2024,CUST038,Summit Cloud 038,Enterprise,Central,1001414.01,-296608.41,704805.60,0.7038104050491564,21,1457,8
2024,CUST009,Evercrest Health Tech,Enterprise,West,998056.15,-295652.17,702403.98,0.7037720072162272,19,1451,9
2024,CUST043,Cedar Digital 043,Enterprise,East,996752.96,-295920.43,700832.53,0.7031155743946825,20,1453,10
2024,CUST016,Quartz Advisory 016,Enterprise,East,995332.18,-294751.70,700580.48,0.7038659997911451,19,1450,11
2024,CUST034,Orchid Cloud 034,Enterprise,East,995186.79,-294608.66,700578.13,0.703966468445587,20,1450,12
2024,CUST027,Granite Cloud 027,Enterprise,West,995030.88,-294824.48,700206.40,0.703703185573497,17,1451,13
2024,CUST012,Mosaic Advisory 012,Enterprise,West,995224.08,-295099.28,700124.80,0.7034845861044682,19,1448,14
2024,CUST010,Redwood Signal Partners,Enterprise,East,993563.54,-293548.21,700015.33,0.7045501387862924,16,1446,15
2024,CUST014,Orchid Advisory 014,Enterprise,Central,994729.67,-294855.05,699874.62,0.7035827331861931,19,1449,16
2024,CUST023,Cedar Cloud 023,Enterprise,Central,993930.90,-294324.88,699606.02,0.7038779255177599,18,1447,17
2024,CUST046,Foundry Digital 046,Enterprise,East,993031.73,-293589.79,699441.94,0.7043500412620249,19,1444,18
2024,CUST021,Alto Cloud 021,Enterprise,West,993882.42,-294482.46,699399.96,0.7037049312130905,15,1445,19
2024,CUST045,Ember Digital 045,Enterprise,West,993384.98,-294136.19,699248.79,0.7039051365564235,19,1446,20
2024,CUST018,Summit Advisory 018,Enterprise,West,992738.26,-293989.17,698749.09,0.7038603407911366,20,1447,21
2024,CUST008,Brightpath Logistics,Enterprise,Central,991531.30,-293128.07,698403.23,0.7043683139402659,20,1443,22
2024,CUST042,Beacon Digital 042,Enterprise,West,992995.26,-294614.61,698380.65,0.703307133611091,18,1445,23
2024,CUST022,Beacon Cloud 022,Enterprise,East,991477.56,-293752.29,697725.27,0.7037227045259602,20,1444,24
2024,CUST036,Quartz Cloud 036,Enterprise,West,990898.19,-293347.45,697550.74,0.7039580322575825,21,1441,25
2024,CUST039,Tandem Cloud 039,Enterprise,West,989767.97,-292274.82,697493.15,0.7047036993933034,22,1444,26
2024,CUST007,Arcfield Commerce,Enterprise,East,990401.22,-292939.58,697461.64,0.7042213053816715,19,1441,27
2024,CUST026,Foundry Cloud 026,Enterprise,Central,990645.40,-293557.36,697088.04,0.7036705969663818,15,1442,28
2024,CUST048,Helix Digital 048,Enterprise,West,990358.26,-293325.24,697033.02,0.7038190603872987,17,1441,29
2024,CUST024,Delta Cloud 024,Enterprise,West,990141.14,-293183.77,696957.37,0.703896991897539,20,1442,30
2024,CUST050,Kinetic Digital 050,Enterprise,Central,990042.46,-293132.32,696910.14,0.7039194460407284,21,1441,31
2024,CUST017,Rivet Advisory 017,Enterprise,Central,990309.70,-293410.01,696899.69,0.7037189376212309,20,1442,32
2024,CUST032,Mosaic Cloud 032,Enterprise,Central,990947.98,-294091.52,696856.46,0.7032220399702515,19,1442,33
2024,CUST049,Indigo Digital 049,Enterprise,East,988829.05,-292750.56,696078.49,0.7039421930413553,19,1439,34
2024,CUST031,Lattice Cloud 031,Enterprise,East,988690.52,-292682.32,696008.20,0.7039697316001371,16,1439,35
2024,CUST033,Nova Cloud 033,Enterprise,West,988766.37,-292834.80,695931.57,0.7038382282358572,18,1440,36
2024,CUST019,Tandem Advisory 019,Enterprise,East,989390.36,-293507.33,695883.03,0.7033452701115868,18,1440,37
2024,CUST020,Vertex Advisory 020,Enterprise,Central,988531.32,-292790.24,695741.08,0.7038128847551335,21,1441,38
2024,CUST041,Alto Digital 041,Enterprise,Central,988890.80,-293451.23,695439.57,0.7032521386587881,21,1438,39
2024,CUST035,Pioneer Cloud 035,Enterprise,Central,987824.04,-292496.63,695327.41,0.7038980444330956,17,1441,40
2024,CUST006,Silverline Data Works,Enterprise,West,987708.39,-292617.02,695091.37,0.7037414858853229,18,1437,41
2024,CUST013,Nova Advisory 013,Enterprise,East,988083.18,-293053.95,695029.23,0.703411660139787,20,1437,42
2024,CUST044,Delta Digital 044,Enterprise,Central,986287.21,-291399.16,694888.05,0.7045493877995235,21,1436,43
2024,CUST029,Indigo Cloud 029,Enterprise,Central,985979.09,-291876.61,694102.48,0.7039728195452908,19,1435,44
2024,CUST047,Granite Digital 047,Enterprise,Central,985768.82,-292045.32,693723.50,0.7037385296889387,18,1434,45
2024,CUST040,Vertex Cloud 040,Enterprise,East,984623.68,-291339.46,693284.22,0.7041108538035566,19,1434,46
2024,CUST025,Ember Cloud 025,Enterprise,East,984969.16,-291768.04,693201.12,0.7037795173201159,17,1434,47
2024,CUST030,Kinetic Cloud 030,Enterprise,West,984133.17,-291449.37,692683.80,0.7038516951928365,19,1433,48
2024,CUST037,Rivet Cloud 037,Enterprise,East,982822.81,-291283.60,691539.21,0.7036255192327088,16,1430,49
2024,CUST011,Lattice Advisory 011,Enterprise,Central,982457.74,-291021.95,691435.79,0.7037817117711344,17,1432,50
2024,CUST105,Ember Labs 105,Mid-Market,West,533708.22,-157963.87,375744.35,0.7040257877234868,12,771,51
2024,CUST104,Delta Labs 104,Mid-Market,Central,533940.64,-158234.04,375706.60,0.7036486303046721,12,771,52
2024,CUST098,Summit Industries 098,Mid-Market,Central,533531.01,-158108.58,375422.43,0.703656250458619,12,773,53
2024,CUST075,Pioneer Dynamics 075,Mid-Market,West,532974.02,-157813.32,375160.70,0.703900539091943,12,773,54
2024,CUST065,Ember Dynamics 065,Mid-Market,Central,532509.25,-157626.11,374883.14,0.7039936677156312,12,767,55
2024,CUST055,Pioneer Digital 055,Mid-Market,East,532355.76,-157769.89,374585.87,0.7036382399619382,12,769,56
2024,CUST062,Beacon Dynamics 062,Mid-Market,Central,531532.87,-156968.65,374564.22,0.7046868427911146,12,768,57
2024,CUST052,Mosaic Digital 052,Mid-Market,East,531384.48,-157514.61,373869.87,0.7035769467711966,12,766,58
2024,CUST103,Cedar Labs 103,Mid-Market,East,530712.63,-156967.15,373745.48,0.7042332495459925,12,768,59
2024,CUST106,Foundry Labs 106,Mid-Market,East,530649.79,-157003.47,373646.32,0.7041297802077713,12,765,60
2024,CUST072,Mosaic Dynamics 072,Mid-Market,West,530337.09,-157247.90,373089.19,0.7034944321921742,12,768,61
2024,CUST067,Granite Dynamics 067,Mid-Market,East,529704.71,-156634.34,373070.37,0.704298759208692,12,766,62
2024,CUST089,Indigo Industries 089,Mid-Market,Central,530144.81,-157115.01,373029.80,0.7036375589529962,12,768,63
2024,CUST057,Rivet Digital 057,Mid-Market,West,529512.49,-156791.19,372721.30,0.7038951999035943,12,764,64
2024,CUST056,Quartz Digital 056,Mid-Market,Central,529482.48,-156907.51,372574.97,0.7036587310688731,12,765,65
2024,CUST085,Ember Industries 085,Mid-Market,East,529089.25,-156589.25,372500.00,0.7040400083728785,12,763,66
2024,CUST082,Beacon Industries 082,Mid-Market,East,529454.62,-157132.76,372321.86,0.7032176997530024,12,765,67
2024,CUST079,Tandem Dynamics 079,Mid-Market,East,529155.78,-156883.90,372271.88,0.7035203886462319,12,763,68
2024,CUST069,Indigo Dynamics 069,Mid-Market,West,528742.34,-156542.39,372199.95,0.7039344532159086,12,764,69
2024,CUST107,Granite Labs 107,Mid-Market,Central,528973.06,-156983.06,371990.00,0.7032305199058719,12,763,70
2024,CUST086,Foundry Industries 086,Mid-Market,Central,528113.38,-156144.96,371968.42,0.7043343987989852,12,762,71
2024,CUST081,Alto Industries 081,Mid-Market,West,529034.29,-157067.99,371966.30,0.7031043299669667,12,765,72
2024,CUST095,Pioneer Industries 095,Mid-Market,Central,528608.63,-156721.88,371886.75,0.7035200125279831,12,765,73
2024,CUST090,Kinetic Industries 090,Mid-Market,West,528018.28,-156204.38,371813.90,0.7041686132533139,12,763,74
2024,CUST058,Summit Digital 058,Mid-Market,East,527877.01,-156133.53,371743.48,0.7042236599771602,12,764,75
2024,CUST108,Helix Labs 108,Mid-Market,West,527763.31,-156135.13,371628.18,0.7041569070043917,12,763,76
2024,CUST060,Vertex Digital 060,Mid-Market,West,528274.93,-156688.60,371586.33,0.7033957299469047,12,764,77
2024,CUST066,Foundry Dynamics 066,Mid-Market,West,528124.41,-156574.66,371549.75,0.7035269397981434,12,766,78
2024,CUST061,Alto Dynamics 061,Mid-Market,East,527645.00,-156119.04,371525.96,0.7041210662471927,12,763,79
2024,CUST068,Helix Dynamics 068,Mid-Market,Central,527826.88,-156326.48,371500.40,0.7038300133558943,12,760,80
2024,CUST100,Vertex Industries 100,Mid-Market,East,527180.44,-155840.34,371340.10,0.7043889944019927,12,761,81
2024,CUST059,Tandem Digital 059,Mid-Market,Central,527337.77,-156061.59,371276.18,0.7040576289462445,12,760,82
2024,CUST053,Nova Digital 053,Mid-Market,Central,527658.07,-156421.48,371236.59,0.7035552209028094,12,763,83
2024,CUST064,Delta Dynamics 064,Mid-Market,East,527410.04,-156277.88,371132.16,0.7036880829951586,12,763,84
2024,CUST097,Rivet Industries 097,Mid-Market,East,526874.68,-155853.23,371021.45,0.7041929781100886,12,760,85
2024,CUST099,Tandem Industries 099,Mid-Market,West,527134.14,-156196.27,370937.87,0.7036878127453479,12,762,86
2024,CUST088,Helix Industries 088,Mid-Market,East,526669.88,-155771.69,370898.19,0.7042327729089045,12,761,87
2024,CUST076,Quartz Dynamics 076,Mid-Market,East,527307.44,-156431.17,370876.27,0.703339725303326,12,764,88
2024,CUST092,Mosaic Industries 092,Mid-Market,Central,527011.90,-156232.17,370779.73,0.7035509634602178,12,760,89
2024,CUST110,Kinetic Labs 110,Mid-Market,Central,526814.00,-156056.82,370757.18,0.7037724509978854,12,761,90
2024,CUST054,Orchid Digital 054,Mid-Market,West,526959.31,-156465.57,370493.74,0.7030784597011863,12,762,91
2024,CUST078,Summit Dynamics 078,Mid-Market,West,525802.56,-155376.43,370426.13,0.7044966270228885,12,758,92
2024,CUST051,Lattice Digital 051,Mid-Market,West,526105.12,-155873.40,370231.72,0.7037219481916466,12,760,93
2024,CUST102,Beacon Labs 102,Mid-Market,West,525951.70,-155853.71,370097.99,0.7036729608441232,12,761,94
2024,CUST073,Nova Dynamics 073,Mid-Market,East,525353.56,-155638.82,369714.74,0.7037446172440517,12,761,95
2024,CUST077,Rivet Dynamics 077,Mid-Market,Central,524884.59,-155418.39,369466.20,0.7038998801622277,12,758,96
2024,CUST093,Nova Industries 093,Mid-Market,West,524906.59,-155480.70,369425.89,0.7037935835402639,12,758,97
2024,CUST074,Orchid Dynamics 074,Mid-Market,Central,524994.93,-155640.52,369354.41,0.7035390037004737,12,760,98
2024,CUST094,Orchid Industries 094,Mid-Market,East,524426.15,-155097.32,369328.83,0.7042532680721585,12,757,99
2024,CUST109,Indigo Labs 109,Mid-Market,East,524502.99,-155185.84,369317.15,0.7041278258490005,12,758,100
2024,CUST101,Alto Labs 101,Mid-Market,Central,524159.64,-155235.87,368923.77,0.7038385671968181,12,756,101
2024,CUST084,Delta Industries 084,Mid-Market,West,523753.00,-155133.85,368619.15,0.7038034149685062,12,757,102
2024,CUST096,Quartz Industries 096,Mid-Market,West,523178.56,-154814.42,368364.14,0.7040887531782648,12,757,103
2024,CUST083,Cedar Industries 083,Mid-Market,Central,522465.62,-154695.66,367769.96,0.7039122689068039,12,755,104
2024,CUST091,Lattice Industries 091,Mid-Market,East,522869.02,-155180.73,367688.29,0.7032129958665364,12,756,105
2024,CUST087,Granite Industries 087,Mid-Market,West,521745.62,-154517.47,367228.15,0.7038451995054602,12,754,106
2024,CUST063,Cedar Dynamics 063,Mid-Market,West,521057.56,-154146.27,366911.29,0.7041665224087719,12,756,107
2024,CUST070,Kinetic Dynamics 070,Mid-Market,East,520783.70,-153982.81,366800.89,0.7043248281388224,12,753,108
2024,CUST071,Lattice Dynamics 071,Mid-Market,Central,519879.95,-153587.56,366292.39,0.7045711033864646,12,752,109
2024,CUST080,Vertex Dynamics 080,Mid-Market,Central,520724.38,-154566.60,366157.78,0.7031700340206849,12,752,110
2024,CUST130,Kinetic Networks 130,SMB,East,233160.06,-68796.22,164363.84,0.7049399455464199,12,330,111
2024,CUST140,Vertex Networks 140,SMB,Central,233440.15,-69194.91,164245.24,0.7035860797724812,12,331,112
2024,CUST125,Ember Networks 125,SMB,Central,233120.99,-69003.22,164117.77,0.7040025439150718,12,331,113
2024,CUST126,Foundry Networks 126,SMB,West,232522.04,-68755.49,163766.55,0.7043054929330569,12,327,114
2024,CUST115,Pioneer Labs 115,SMB,East,232694.15,-68991.68,163702.47,0.703509177175275,12,329,115
2024,CUST123,Cedar Networks 123,SMB,West,232464.37,-68836.61,163627.76,0.703883180033138,12,330,116
2024,CUST124,Delta Networks 124,SMB,East,232688.70,-69078.24,163610.46,0.7031302336555234,12,330,117
2024,CUST127,Granite Networks 127,SMB,East,232293.00,-68748.33,163544.67,0.7040447624336507,12,328,118
2024,CUST114,Orchid Labs 114,SMB,West,232318.54,-68810.64,163507.90,0.7038090890206179,12,329,119
2024,CUST129,Indigo Networks 129,SMB,West,232210.94,-68809.99,163400.95,0.7036746416857018,12,329,120
2024,CUST132,Mosaic Networks 132,SMB,West,231655.93,-68571.52,163084.41,0.7039941088492749,12,328,121
2024,CUST131,Lattice Networks 131,SMB,Central,231455.89,-68431.00,163024.89,0.7043453938458857,12,329,122
2024,CUST122,Beacon Networks 122,SMB,Central,231597.92,-68588.64,163009.28,0.7038460449040301,12,327,123
2024,CUST137,Rivet Networks 137,SMB,Central,231553.52,-68574.30,162979.22,0.7038511874058317,12,329,124
2024,CUST119,Tandem Labs 119,SMB,Central,231081.42,-68322.41,162759.01,0.7043362032308785,12,326,125
2024,CUST143,Cedar Operations 143,SMB,Central,231008.29,-68359.03,162649.26,0.7040840828699264,12,326,126
2024,CUST139,Tandem Networks 139,SMB,East,230863.23,-68313.04,162550.19,0.704097356690366,12,327,127
2024,CUST138,Summit Networks 138,SMB,West,230848.51,-68389.21,162459.30,0.7037485318835283,12,327,128
2024,CUST144,Delta Operations 144,SMB,West,230886.12,-68461.76,162424.36,0.7034825653443351,12,328,129
2024,CUST116,Quartz Labs 116,SMB,Central,230700.27,-68334.07,162366.20,0.7037971823786769,12,327,130
2024,CUST121,Alto Networks 121,SMB,East,230526.70,-68182.58,162344.12,0.7042313102994143,12,326,131
2024,CUST112,Mosaic Labs 112,SMB,East,230657.88,-68382.09,162275.79,0.7035345594956479,12,326,132
2024,CUST118,Summit Labs 118,SMB,East,230744.31,-68501.93,162242.38,0.7031262439364161,12,326,133
2024,CUST134,Orchid Networks 134,SMB,Central,230437.94,-68210.04,162227.90,0.7039982218205908,12,327,134
2024,CUST117,Rivet Labs 117,SMB,West,230471.02,-68286.67,162184.35,0.7037082145946159,12,325,135
2024,CUST141,Alto Operations 141,SMB,West,230300.47,-68278.56,162021.91,0.7035240093083613,12,327,136
2024,CUST133,Nova Networks 133,SMB,East,230183.16,-68182.83,162000.33,0.7037888001885106,12,327,137
2024,CUST128,Helix Networks 128,SMB,Central,229923.85,-67999.95,161923.90,0.7042501245521071,12,324,138
2024,CUST120,Vertex Labs 120,SMB,West,229886.09,-68068.85,161817.24,0.7039018324249197,12,327,139
2024,CUST136,Quartz Networks 136,SMB,East,229650.55,-67970.92,161679.63,0.7040245712453117,12,323,140
2024,CUST135,Pioneer Networks 135,SMB,West,229299.82,-67722.80,161577.02,0.7046539330035234,12,325,141
2024,CUST142,Beacon Operations 142,SMB,East,229531.72,-67996.48,161535.24,0.7037599857658018,12,326,142
2024,CUST113,Nova Labs 113,SMB,Central,228603.79,-67577.02,161026.77,0.7043923899949339,12,323,143
2024,CUST111,Lattice Labs 111,SMB,West,228267.06,-67669.28,160597.78,0.7035521463324581,12,323,144
2025,CUST001,Northstar Systems,Enterprise,West,10625951.72,-6093166.53,4532785.19,0.4265768666601847,600,55312,1
2025,CUST005,Meridian Forge Labs,Enterprise,Central,3811286.73,-1368841.49,2442445.24,0.6408453136770427,93,6981,2
2025,CUST003,Cobalt Harbor Group,Enterprise,West,3768300.53,-1351582.99,2416717.54,0.6413282382230804,94,6900,3
2025,CUST004,Juniper Peak Networks,Enterprise,East,3761951.91,-1348547.58,2413404.33,0.6415298195558273,91,6889,4
2025,CUST002,Aster Ridge Technologies,Enterprise,Central,3745390.85,-1341717.72,2403673.13,0.6417683030330465,92,6861,5
2025,CUST048,Helix Digital 048,Enterprise,West,1142767.51,-409778.74,732988.77,0.6414154791642616,24,2084,6
2025,CUST029,Indigo Cloud 029,Enterprise,Central,1142335.12,-410606.26,731728.86,0.6405553389621776,24,2082,7
2025,CUST009,Evercrest Health Tech,Enterprise,West,1138754.41,-407929.56,730824.85,0.6417756485351394,22,2075,8
2025,CUST028,Helix Cloud 028,Enterprise,East,1137673.31,-407149.12,730524.19,0.6421212342583653,24,2074,9
2025,CUST046,Foundry Digital 046,Enterprise,East,1137157.99,-407185.51,729972.48,0.6419270553601791,22,2076,10
2025,CUST039,Tandem Cloud 039,Enterprise,West,1136884.58,-407187.34,729697.24,0.6418393325380488,23,2073,11
2025,CUST016,Quartz Advisory 016,Enterprise,East,1136670.58,-407027.44,729643.14,0.6419125759373485,25,2074,12
2025,CUST049,Indigo Digital 049,Enterprise,East,1138534.38,-409256.91,729277.47,0.6405405781422253,24,2075,13
2025,CUST030,Kinetic Cloud 030,Enterprise,West,1136813.82,-407973.90,728839.92,0.6411251404385636,22,2075,14
2025,CUST027,Granite Cloud 027,Enterprise,West,1136157.65,-407351.97,728805.68,0.6414652755275644,22,2073,15
2025,CUST034,Orchid Cloud 034,Enterprise,East,1136261.00,-407609.93,728651.07,0.6412708611841821,23,2073,16
2025,CUST022,Beacon Cloud 022,Enterprise,East,1135895.19,-407349.20,728545.99,0.6413848710812835,23,2070,17
2025,CUST050,Kinetic Digital 050,Enterprise,Central,1134250.47,-406230.90,728019.57,0.6418507986159353,22,2068,18
2025,CUST014,Orchid Advisory 014,Enterprise,Central,1134164.97,-406296.74,727868.23,0.6417657477112876,22,2068,19
2025,CUST045,Ember Digital 045,Enterprise,West,1134038.79,-406299.68,727739.11,0.6417232959024267,24,2069,20
2025,CUST032,Mosaic Cloud 032,Enterprise,Central,1135614.21,-407883.20,727731.01,0.6408259104119524,22,2070,21
2025,CUST038,Summit Cloud 038,Enterprise,Central,1134279.95,-407117.73,727162.22,0.6410782629103159,23,2067,22
2025,CUST007,Arcfield Commerce,Enterprise,East,1133005.24,-406188.32,726816.92,0.641494756017192,22,2068,23
2025,CUST036,Quartz Cloud 036,Enterprise,West,1131278.18,-404618.33,726659.85,0.6423352477283704,24,2064,24
2025,CUST037,Rivet Cloud 037,Enterprise,East,1133426.17,-406862.52,726563.65,0.6410330634945548,23,2065,25
2025,CUST033,Nova Cloud 033,Enterprise,West,1132521.77,-406051.50,726470.27,0.6414625212899882,24,2064,26
2025,CUST040,Vertex Cloud 040,Enterprise,East,1130973.82,-404686.77,726287.05,0.6421784811959661,23,2064,27
2025,CUST010,Redwood Signal Partners,Enterprise,East,1132696.98,-406790.41,725906.57,0.6408656355736023,24,2064,28
2025,CUST019,Tandem Advisory 019,Enterprise,East,1131948.32,-406171.42,725776.90,0.6411749433931754,22,2065,29
2025,CUST018,Summit Advisory 018,Enterprise,West,1131193.11,-405517.46,725675.65,0.641513498963939,23,2063,30
2025,CUST006,Silverline Data Works,Enterprise,West,1132103.23,-406556.10,725547.13,0.6408842504583262,22,2067,31
2025,CUST013,Nova Advisory 013,Enterprise,East,1130573.30,-405049.52,725523.78,0.6417308634477746,24,2063,32
2025,CUST035,Pioneer Cloud 035,Enterprise,Central,1129003.95,-403698.70,725305.25,0.642429328967361,23,2058,33
2025,CUST011,Lattice Advisory 011,Enterprise,Central,1129309.58,-404533.25,724776.33,0.6417871085446737,25,2062,34
2025,CUST024,Delta Cloud 024,Enterprise,West,1130341.19,-405601.18,724740.01,0.6411692473137248,22,2063,35
2025,CUST012,Mosaic Advisory 012,Enterprise,West,1128696.30,-404128.79,724567.51,0.6419508152901715,23,2057,36
2025,CUST023,Cedar Cloud 023,Enterprise,Central,1128013.25,-403714.17,724299.08,0.6421015710586733,24,2058,37
2025,CUST042,Beacon Digital 042,Enterprise,West,1128430.85,-404362.22,724068.63,0.641659725981437,23,2056,38
2025,CUST031,Lattice Cloud 031,Enterprise,East,1127594.70,-403951.47,723643.23,0.6417582753803295,21,2056,39
2025,CUST015,Pioneer Advisory 015,Enterprise,West,1126305.70,-403539.45,722766.25,0.6417141012426734,23,2054,40
2025,CUST041,Alto Digital 041,Enterprise,Central,1127533.60,-404996.31,722537.29,0.6408122028469927,23,2054,41
2025,CUST021,Alto Cloud 021,Enterprise,West,1127224.97,-404688.05,722536.92,0.6409873266026036,24,2055,42
2025,CUST043,Cedar Digital 043,Enterprise,East,1127004.40,-404637.96,722366.44,0.6409615082248126,23,2055,43
2025,CUST025,Ember Cloud 025,Enterprise,East,1126336.59,-404258.51,722078.08,0.6410855213360332,22,2053,44
2025,CUST020,Vertex Advisory 020,Enterprise,Central,1124201.20,-402664.28,721536.92,0.641821873166476,22,2049,45
2025,CUST017,Rivet Advisory 017,Enterprise,Central,1124297.24,-403515.23,720782.01,0.6410955967480628,20,2049,46
2025,CUST026,Foundry Cloud 026,Enterprise,Central,1123932.05,-404021.18,719910.87,0.6405288202253864,22,2050,47
2025,CUST044,Delta Digital 044,Enterprise,Central,1121026.81,-401597.62,719429.19,0.6417591297392788,20,2047,48
2025,CUST008,Brightpath Logistics,Enterprise,Central,1120668.03,-401310.58,719357.45,0.6419005724648003,22,2046,49
2025,CUST047,Granite Digital 047,Enterprise,Central,1119390.97,-400925.48,718465.49,0.6418360601926242,20,2041,50
2025,CUST096,Quartz Industries 096,Mid-Market,West,613144.12,-219486.15,393657.97,0.6420317135227521,12,1111,51
2025,CUST054,Orchid Digital 054,Mid-Market,West,609825.15,-218415.26,391409.89,0.6418395338401507,12,1110,52
2025,CUST097,Rivet Industries 097,Mid-Market,East,610121.60,-218778.90,391342.70,0.6414175469283501,12,1107,53
2025,CUST109,Indigo Labs 109,Mid-Market,East,609346.21,-218156.76,391189.45,0.641982248482353,12,1104,54
2025,CUST081,Alto Industries 081,Mid-Market,West,608688.15,-218362.06,390326.09,0.6412579085037223,12,1101,55
2025,CUST088,Helix Industries 088,Mid-Market,East,606753.37,-217039.73,389713.64,0.6422933258697846,12,1103,56
2025,CUST070,Kinetic Dynamics 070,Mid-Market,East,607530.21,-217885.69,389644.52,0.6413582626615392,12,1103,57
2025,CUST107,Granite Labs 107,Mid-Market,Central,606549.53,-217549.94,388999.59,0.6413319453070881,12,1100,58
2025,CUST077,Rivet Dynamics 077,Mid-Market,Central,606541.33,-217676.00,388865.33,0.6411192622273573,12,1099,59
2025,CUST056,Quartz Digital 056,Mid-Market,Central,606954.22,-218130.81,388823.41,0.6406140647642256,12,1103,60
2025,CUST075,Pioneer Dynamics 075,Mid-Market,West,604554.50,-216246.93,388307.57,0.6423036632760156,12,1097,61
2025,CUST065,Ember Dynamics 065,Mid-Market,Central,605035.49,-216751.19,388284.30,0.6417545853384568,12,1096,62
2025,CUST094,Orchid Industries 094,Mid-Market,East,605536.49,-217366.91,388169.58,0.6410341678996092,12,1101,63
2025,CUST082,Beacon Industries 082,Mid-Market,East,604947.27,-216792.56,388154.71,0.6416339559644595,12,1099,64
2025,CUST080,Vertex Dynamics 080,Mid-Market,Central,605771.13,-217706.02,388065.11,0.6406134112069685,12,1102,65
2025,CUST069,Indigo Dynamics 069,Mid-Market,West,604460.77,-216520.91,387939.86,0.6417949340202839,12,1098,66
2025,CUST102,Beacon Labs 102,Mid-Market,West,604833.55,-216899.52,387934.03,0.6413897344153611,12,1097,67
2025,CUST101,Alto Labs 101,Mid-Market,Central,604515.20,-216621.77,387893.43,0.641660342039373,12,1098,68
2025,CUST092,Mosaic Industries 092,Mid-Market,Central,603823.92,-216021.13,387802.79,0.6422448285917522,12,1093,69
2025,CUST091,Lattice Industries 091,Mid-Market,East,605010.55,-217262.35,387748.20,0.6408949397659264,12,1096,70
2025,CUST089,Indigo Industries 089,Mid-Market,Central,605134.74,-217561.64,387573.10,0.640474053761977,12,1098,71
2025,CUST106,Foundry Labs 106,Mid-Market,East,603776.76,-216223.03,387553.73,0.6418824898129567,12,1098,72
2025,CUST087,Granite Industries 087,Mid-Market,West,603685.92,-216349.43,387336.49,0.6416192214653607,12,1096,73
2025,CUST098,Summit Industries 098,Mid-Market,Central,604230.03,-217045.52,387184.51,0.6407899157213355,12,1096,74
2025,CUST086,Foundry Industries 086,Mid-Market,Central,603200.35,-216074.03,387126.32,0.6417872933926514,12,1092,75
2025,CUST055,Pioneer Digital 055,Mid-Market,East,603016.82,-215900.37,387116.45,0.6419662556012949,12,1094,76
2025,CUST053,Nova Digital 053,Mid-Market,Central,603022.30,-216141.88,386880.42,0.6415690099686197,12,1095,77
2025,CUST051,Lattice Digital 051,Mid-Market,West,603618.30,-216750.24,386868.06,0.6409150617202957,12,1094,78
2025,CUST062,Beacon Dynamics 062,Mid-Market,Central,602986.07,-216119.44,386866.63,0.6415846886811167,12,1092,79
2025,CUST060,Vertex Digital 060,Mid-Market,West,602761.33,-215917.33,386844.00,0.6417863601170302,12,1093,80
2025,CUST093,Nova Industries 093,Mid-Market,West,602268.54,-215479.34,386789.20,0.6422204951963787,12,1094,81
2025,CUST078,Summit Dynamics 078,Mid-Market,West,602842.00,-216057.33,386784.67,0.6416020615683711,12,1095,82
2025,CUST074,Orchid Dynamics 074,Mid-Market,Central,602411.06,-215997.48,386413.58,0.641445029246309,12,1094,83
2025,CUST100,Vertex Industries 100,Mid-Market,East,601839.85,-215493.76,386346.09,0.6419416893048874,12,1090,84
2025,CUST079,Tandem Dynamics 079,Mid-Market,East,602073.31,-215737.77,386335.54,0.6416752471555331,12,1093,85
2025,CUST066,Foundry Dynamics 066,Mid-Market,West,602043.31,-215718.15,386325.16,0.6416899807424152,12,1094,86
2025,CUST071,Lattice Dynamics 071,Mid-Market,Central,602955.65,-216692.63,386263.02,0.6406159723356104,12,1094,87
2025,CUST104,Delta Labs 104,Mid-Market,Central,602374.00,-216203.45,386170.55,0.6410810393542882,12,1091,88
2025,CUST110,Kinetic Labs 110,Mid-Market,Central,601473.16,-215344.43,386128.73,0.6419716716868962,12,1091,89
2025,CUST068,Helix Dynamics 068,Mid-Market,Central,602051.01,-216185.54,385865.47,0.6409182338220809,12,1093,90
2025,CUST099,Tandem Industries 099,Mid-Market,West,601622.88,-215907.21,385715.67,0.6411253341960664,12,1092,91
2025,CUST084,Delta Industries 084,Mid-Market,West,600385.88,-214802.87,385583.01,0.642225313493382,12,1090,92
2025,CUST105,Ember Labs 105,Mid-Market,West,600912.86,-215391.91,385520.95,0.6415588276809386,12,1089,93
2025,CUST085,Ember Industries 085,Mid-Market,East,600947.42,-215432.13,385515.29,0.6415125136904656,12,1092,94
2025,CUST090,Kinetic Industries 090,Mid-Market,West,601716.01,-216250.28,385465.73,0.6406107259801845,12,1088,95
2025,CUST095,Pioneer Industries 095,Mid-Market,Central,601243.97,-216203.91,385040.06,0.6404056908878438,12,1090,96
2025,CUST103,Cedar Labs 103,Mid-Market,East,599777.09,-214789.56,384987.53,0.6418843540689426,12,1088,97
2025,CUST064,Delta Dynamics 064,Mid-Market,East,598802.54,-213958.78,384843.76,0.6426889237978182,12,1086,98
2025,CUST083,Cedar Industries 083,Mid-Market,Central,600833.86,-216061.83,384772.03,0.6403967146591906,12,1090,99
2025,CUST076,Quartz Dynamics 076,Mid-Market,East,600207.70,-215534.08,384673.62,0.6409008414920369,12,1090,100
2025,CUST063,Cedar Dynamics 063,Mid-Market,West,598376.26,-213916.78,384459.48,0.6425045672767833,12,1086,101
2025,CUST058,Summit Digital 058,Mid-Market,East,598833.43,-214406.55,384426.88,0.6419596180527195,12,1085,102
2025,CUST052,Mosaic Digital 052,Mid-Market,East,600031.75,-215819.94,384211.81,0.6403191331125394,12,1087,103
2025,CUST057,Rivet Digital 057,Mid-Market,West,597707.28,-213823.65,383883.63,0.6422602548859703,12,1085,104
2025,CUST073,Nova Dynamics 073,Mid-Market,East,597623.87,-214103.93,383519.94,0.6417413347294846,12,1085,105
2025,CUST108,Helix Labs 108,Mid-Market,West,597947.07,-214658.50,383288.57,0.6410075226223619,12,1086,106
2025,CUST061,Alto Dynamics 061,Mid-Market,East,597527.74,-214267.99,383259.75,0.641409133574284,12,1084,107
2025,CUST072,Mosaic Dynamics 072,Mid-Market,West,596625.61,-214322.12,382303.49,0.6407761979912328,12,1083,108
2025,CUST067,Granite Dynamics 067,Mid-Market,East,593680.30,-213136.43,380543.87,0.6409912372029187,12,1075,109
2025,CUST059,Tandem Digital 059,Mid-Market,Central,593344.85,-212978.86,380365.99,0.6410538323539844,12,1079,110
2025,CUST123,Cedar Networks 123,SMB,West,268272.22,-96251.89,172020.33,0.641215590641476,12,482,111
2025,CUST127,Granite Networks 127,SMB,East,267046.66,-95757.63,171289.03,0.6414198552417769,12,478,112
2025,CUST112,Mosaic Labs 112,SMB,East,265643.19,-95086.64,170556.55,0.6420512793872111,12,477,113
2025,CUST140,Vertex Networks 140,SMB,Central,265851.76,-95324.17,170527.59,0.6414386348241591,12,475,114
2025,CUST129,Indigo Networks 129,SMB,West,265615.37,-95122.25,170493.12,0.6418797225476823,12,477,115
2025,CUST144,Delta Operations 144,SMB,West,265534.81,-95058.57,170476.24,0.6420108911520865,12,477,116
2025,CUST137,Rivet Networks 137,SMB,Central,265713.18,-95257.90,170455.28,0.641501035063447,12,477,117
2025,CUST133,Nova Networks 133,SMB,East,265765.10,-95509.32,170255.78,0.6406250482098665,12,475,118
2025,CUST143,Cedar Operations 143,SMB,Central,265276.84,-95153.95,170122.89,0.641303213654083,12,473,119
2025,CUST120,Vertex Labs 120,SMB,West,264820.38,-94897.25,169923.13,0.6416542790248998,12,474,120
2025,CUST134,Orchid Networks 134,SMB,Central,265086.99,-95188.22,169898.77,0.640917043873032,12,477,121
2025,CUST138,Summit Networks 138,SMB,West,264696.04,-94797.64,169898.40,0.6418622658654055,12,472,122
2025,CUST115,Pioneer Labs 115,SMB,East,264767.52,-94973.14,169794.38,0.6412961076192427,12,476,123
2025,CUST131,Lattice Networks 131,SMB,Central,264654.86,-94936.01,169718.85,0.6412837081472829,12,474,124
2025,CUST121,Alto Networks 121,SMB,East,264274.78,-94823.41,169451.37,0.6411938740427671,12,470,125
2025,CUST128,Helix Networks 128,SMB,Central,263775.57,-94324.68,169450.89,0.642405549535918,12,472,126
2025,CUST124,Delta Networks 124,SMB,East,264028.90,-94599.89,169429.01,0.6417063056354816,12,474,127
2025,CUST113,Nova Labs 113,SMB,Central,264036.61,-94625.83,169410.78,0.6416185240372538,12,474,128
2025,CUST116,Quartz Labs 116,SMB,Central,263610.85,-94267.36,169343.49,0.6423995446317934,12,472,129
2025,CUST139,Tandem Networks 139,SMB,East,263917.39,-94625.07,169292.32,0.6414595112508501,12,472,130
2025,CUST141,Alto Operations 141,SMB,West,263504.46,-94585.40,168919.06,0.6410482008539817,12,471,131
2025,CUST130,Kinetic Networks 130,SMB,East,263094.92,-94289.57,168805.35,0.6416138707657297,12,471,132
2025,CUST122,Beacon Networks 122,SMB,Central,262909.11,-94120.22,168788.89,0.6420047217078176,12,471,133
2025,CUST111,Lattice Labs 111,SMB,West,263335.02,-94561.20,168773.82,0.6409091354427527,12,470,134
2025,CUST142,Beacon Operations 142,SMB,East,262881.38,-94335.55,168545.83,0.6411478439439111,12,471,135
2025,CUST136,Quartz Networks 136,SMB,East,262484.82,-94007.72,168477.10,0.6418546413464977,12,471,136
2025,CUST125,Ember Networks 125,SMB,Central,262707.51,-94254.89,168452.62,0.6412173751713455,12,471,137
2025,CUST132,Mosaic Networks 132,SMB,West,262573.09,-94205.23,168367.86,0.6412228305650056,12,470,138
2025,CUST114,Orchid Labs 114,SMB,West,262012.56,-93723.64,168288.92,0.6422933312815233,12,469,139
2025,CUST117,Rivet Labs 117,SMB,West,262451.81,-94227.89,168223.92,0.6409706985827227,12,469,140
2025,CUST126,Foundry Networks 126,SMB,West,261994.03,-93975.72,168018.31,0.6413058725040414,12,468,141
2025,CUST135,Pioneer Networks 135,SMB,West,261578.00,-93698.29,167879.71,0.6417959843717743,12,469,142
2025,CUST119,Tandem Labs 119,SMB,Central,261283.97,-93517.94,167766.03,0.6420831327693007,12,466,143
2025,CUST118,Summit Labs 118,SMB,East,260446.36,-93576.89,166869.47,0.6407057099972524,12,466,144
