period,region,actual_revenue,budget_revenue,forecast_revenue,forecast_variance,absolute_forecast_error_pct,revenue_share,rolling_3m_revenue
2024-01,Central,2856637.69,2913770.42,2862605.58,-5967.89,0.010059510189315009,0.3275818812969127,2856637.69
2024-01,East,2600252.53,2652257.61,2603785.17,-3532.64,0.010008406338684233,0.29818118643686203,2600252.53
2024-01,West,3263487.35,3328757.16,3271256.59,-7769.24,0.00938631353280667,0.37423693226622523,3263487.35
2024-02,Central,2952250.70,3011295.72,2958743.98,-6493.28,0.01013127198656776,0.32905798583940526,5808888.39
2024-02,East,2674376.23,2727863.77,2677773.84,-3397.61,0.010063758782556484,0.29808608585327184,5274628.76
2024-02,West,3345198.18,3412102.17,3355294.63,-10096.45,0.010063137137974677,0.372855928307323,6608685.53
2024-03,Central,3021185.80,3081609.49,3027529.73,-6343.93,0.010156772267270188,0.32800783033457487,8830074.19
2024-03,East,2732428.38,2787076.90,2735643.75,-3215.37,0.00985805626189448,0.29665765821764994,8007057.14
2024-03,West,3457098.25,3526240.23,3469331.96,-12233.71,0.010566083160286571,0.3753345114477752,10065783.78
2024-04,Central,3029926.15,3090524.78,3035817.33,-5891.18,0.010120253184008275,0.32928428587745695,9003362.65
2024-04,East,2738316.46,2793082.76,2740747.81,-2431.35,0.009759770637197006,0.29759292319305736,8145121.07
2024-04,West,3433308.39,3501974.53,3445693.68,-12385.29,0.010691411779819035,0.3731227909294857,10235604.82
2024-05,Central,3010041.05,3070241.96,3015171.50,-5130.45,0.00987651614510153,0.3286466320494242,9061153.00
2024-05,East,2726292.18,2780818.07,2728086.86,-1794.68,0.009628601048281872,0.29766595473496366,8197037.02
2024-05,West,3422564.98,3491016.31,3434908.82,-12343.84,0.010742404510172705,0.37368741321561205,10312971.62
2024-06,Central,2951330.03,3010356.69,2955164.24,-3834.21,0.009549245899104409,0.32731653955168233,8991297.23
2024-06,East,2674627.01,2728119.60,2675389.40,-762.39,0.00934567880099996,0.2966288583810679,8139235.65
2024-06,West,3390788.75,3458604.55,3402547.12,-11758.37,0.010608396805978693,0.37605460206724983,10246662.12
2024-07,Central,2871309.74,2928735.96,2873500.79,-2191.05,0.00918748659888136,0.3280628798832695,8832680.82
2024-07,East,2598106.10,2650068.24,2598040.82,65.28,0.009145791635406252,0.29684786616169445,7999025.29
2024-07,West,3282899.39,3348557.43,3292704.38,-9804.99,0.010123171154526786,0.37508925395503606,10096253.12
2024-08,Central,2811260.19,2867485.36,2811898.00,-637.81,0.008866953922226199,0.3293448644273723,8633899.96
2024-08,East,2526526.14,2577056.67,2525533.71,992.43,0.00893205658300241,0.29598768979491447,7799259.25
2024-08,West,3198129.95,3262092.55,3205493.54,-7363.59,0.0095726819028311,0.3746674457777133,9871818.09
2024-09,Central,2735946.53,2790665.52,2735021.84,924.69,0.008908817342387293,0.32862280530357313,8418516.46
2024-09,East,2489857.91,2539655.08,2488078.95,1778.96,0.008891092463123005,0.29906435751560234,7614490.15
2024-09,West,3099687.54,3161681.25,3104503.89,-4816.35,0.008919154551292895,0.3723128371808245,9580716.88
2024-10,Central,2735727.02,2790441.61,2733332.27,2394.75,0.008940365673142256,0.32900487045547644,8282933.74
2024-10,East,2457256.51,2506401.66,2454852.42,2404.09,0.009254597064535554,0.2955153616709997,7473640.56
2024-10,West,3122173.07,3184616.58,3124327.21,-2154.14,0.008250557085536505,0.3754797678735239,9419990.56
2024-11,Central,2746420.44,2801348.86,2742595.58,3824.86,0.009102917025775998,0.32818610329876835,8218093.99
2024-11,East,2493939.99,2543818.78,2490876.30,3063.69,0.009691565173268541,0.2980157135660807,7441054.41
2024-11,West,3128124.44,3190686.95,3127296.96,827.48,0.007839261929254075,0.37379818313515095,9349985.05
2024-12,Central,2795282.87,2851188.46,2790675.12,4607.75,0.009484167401040935,0.3289614659711457,8277430.33
2024-12,East,2518792.78,2569168.71,2515627.39,3165.39,0.009844395119262873,0.2964228680678522,7469989.28
2024-12,West,3183220.11,3246884.48,3179551.07,3669.04,0.008107962235058549,0.37461566596100215,9433517.62
2025-01,Central,3355462.89,3422572.17,3362752.69,-7289.80,0.010029485694947136,0.3225669447873373,8897166.20
2025-01,East,3048923.18,3109901.64,3053112.61,-4189.43,0.0100327874902721,0.2930987071842993,8061655.95
2025-01,West,3997990.69,4077950.55,4108273.02,-110282.33,0.0268439632573397,0.38433434802836347,10309335.24
2025-02,Central,3476355.64,3545882.75,3483942.56,-7586.92,0.01014905940355113,0.32562364158066365,9627101.40
2025-02,East,3136150.60,3198873.54,3139984.23,-3833.63,0.010023391104738127,0.29375728051730154,8703866.56
2025-02,West,4063486.52,4144756.24,4279895.07,-216408.55,0.050563984971715666,0.38061907790203486,11244697.32
2025-03,Central,3551022.45,3622042.92,3559042.21,-8019.76,0.010179750017631852,0.32643686032666686,10382840.98
2025-03,East,3176812.62,3240348.83,3180440.88,-3628.26,0.009875473616727,0.2920366604606886,9361886.40
2025-03,West,4150294.46,4233300.41,4477314.61,-327020.15,0.07303935025463847,0.3815264792126446,12211771.67
2025-04,Central,3549106.20,3620088.21,3556148.10,-7041.90,0.01013309316335841,0.32329917715816414,10576484.29
2025-04,East,3222576.56,3287028.06,3225518.75,-2942.19,0.009779118475129,0.29355457162064835,9535539.78
2025-04,West,4206094.02,4290215.90,4643593.73,-437499.71,0.09421575948247307,0.3831462512211876,12419875.00
2025-05,Central,3541035.37,3611856.14,3547241.37,-6206.00,0.009847674955369614,0.3247613911050178,10641164.02
2025-05,East,3197384.39,3261332.06,3199337.74,-1953.35,0.009635059660815928,0.2932438944810282,9596773.57
2025-05,West,4165078.83,4248380.39,4702656.95,-537578.12,0.1143137008962561,0.381994714413954,12521467.31
2025-06,Central,3462381.90,3531629.50,3466998.02,-4616.12,0.009572708091710996,0.3229950715651684,10552523.47
2025-06,East,3149084.44,3212066.11,3150105.69,-1021.25,0.009332032919822446,0.2937685048730639,9569045.39
2025-06,West,4108145.83,4190308.76,4740659.26,-632513.43,0.13342309482922005,0.38323642356176774,12479318.68
2025-07,Central,3368962.60,3436341.81,3371462.11,-2499.51,0.00916921175187106,0.32293305174894543,10372379.87
2025-07,East,3062740.70,3123995.50,3062568.46,172.24,0.009118594527679554,0.29358004774725055,9409209.53
2025-07,West,4000683.79,4080697.47,4714250.97,-713567.18,0.15136385070309485,0.3834869005038041,12273908.45
2025-08,Central,3272532.42,3337983.06,3273231.59,-699.17,0.008843636389321296,0.3250733304776367,10103876.92
2025-08,East,2953136.21,3012198.96,2952152.87,983.34,0.008946365978669662,0.29334646687436194,9164961.35
2025-08,West,3841390.44,3918218.20,4619766.18,-778375.74,0.1684881246522308,0.38158020264800135,11950220.06
2025-09,Central,3119669.31,3182062.74,3118694.09,975.22,0.008911165762974849,0.323713913951112,9761164.33
2025-09,East,2823352.73,2879819.82,2821437.20,1915.53,0.008849876226201312,0.2929664883913151,8839229.64
2025-09,West,3694096.34,3767978.30,4532048.69,-837952.35,0.1848948251259851,0.3833195976575728,11536170.57
2025-10,Central,2969068.41,3028449.75,2966390.01,2678.40,0.008972191758426264,0.32234719778208876,9361270.14
2025-10,East,2708987.50,2763167.21,2706497.92,2489.58,0.009269691217793362,0.2941106127802916,8485476.44
2025-10,West,3532721.88,3603376.31,4418734.30,-886012.42,0.20051271695607498,0.3835421894376197,11068208.66
2025-11,Central,2912490.08,2970739.85,2908374.04,4116.04,0.009075270112093284,0.3240988197704038,9001227.80
2025-11,East,2641898.63,2694736.62,2638758.06,3140.57,0.00966725611820585,0.29398768902795597,8174238.86
2025-11,West,3432037.35,3500678.16,4375350.84,-943313.49,0.215597222827507,0.38191349120164014,10658855.57
2025-12,Central,2875970.83,2933490.28,2871050.04,4920.79,0.009526615565362977,0.3237060424022816,8757529.32
2025-12,East,2588391.62,2640159.46,2585135.08,3256.54,0.009870261789182792,0.29133744986468807,7939277.75
2025-12,West,3420151.44,3488554.53,4442155.80,-1022004.36,0.23006945411504928,0.38495650773303025,10384910.67
