period,region,actual_revenue,forecast_revenue,absolute_forecast_error_pct,rolling_3m_error_pct,error_change_vs_3m_prior
2024-01,Central,2856637.69,2862605.58,0.010059510189315009,0.010059510189315009,
2024-02,Central,2952250.70,2958743.98,0.01013127198656776,0.010095391087941386,
2024-03,Central,3021185.80,3027529.73,0.010156772267270188,0.010115851481050986,
2024-04,Central,3029926.15,3035817.33,0.010120253184008275,0.010136099145948742,6.0742994693266036e-05
2024-05,Central,3010041.05,3015171.50,0.00987651614510153,0.010051180532126664,-0.00025475584146623063
2024-06,Central,2951330.03,2955164.24,0.009549245899104409,0.00984867174273807,-0.0006075263681657797
2024-07,Central,2871309.74,2873500.79,0.00918748659888136,0.009537749547695765,-0.0009327665851269155
2024-08,Central,2811260.19,2811898.00,0.008866953922226199,0.009201228806737323,-0.0010095622228753313
2024-09,Central,2735946.53,2735021.84,0.008908817342387293,0.00898775262116495,-0.0006404285567171153
2024-10,Central,2735727.02,2733332.27,0.008940365673142256,0.008905378979251916,-0.0002471209257391034
2024-11,Central,2746420.44,2742595.58,0.009102917025775998,0.008984033347101848,0.00023596310354979944
2024-12,Central,2795282.87,2790675.12,0.009484167401040935,0.009175816699986397,0.0005753500586536415
2025-01,Central,3355462.89,3362752.69,0.010029485694947136,0.009538856707254689,0.0010891200218048798
2025-02,Central,3476355.64,3483942.56,0.01014905940355113,0.009887570833179734,0.0010461423777751323
2025-03,Central,3551022.45,3559042.21,0.010179750017631852,0.010119431705376705,0.0006955826165909174
2025-04,Central,3549106.20,3556148.10,0.01013309316335841,0.010153967528180463,0.00010360746841127366
2025-05,Central,3541035.37,3547241.37,0.009847674955369614,0.010053506045453292,-0.00030138444818151623
2025-06,Central,3462381.90,3466998.02,0.009572708091710996,0.009851158736813007,-0.0006070419259208565
2025-07,Central,3368962.60,3371462.11,0.00916921175187106,0.00952986493298389,-0.0009638814114873492
2025-08,Central,3272532.42,3273231.59,0.008843636389321296,0.009195185410967784,-0.001004038566048318
2025-09,Central,3119669.31,3118694.09,0.008911165762974849,0.008974671301389068,-0.000661542328736147
2025-10,Central,2969068.41,2966390.01,0.008972191758426264,0.008908997970240803,-0.00019701999344479658
2025-11,Central,2912490.08,2908374.04,0.009075270112093284,0.008986209211164798,0.00023163372277198828
2025-12,Central,2875970.83,2871050.04,0.009526615565362977,0.009191359145294174,0.0006154498023881287
2024-01,East,2600252.53,2603785.17,0.010008406338684233,0.010008406338684233,
2024-02,East,2674376.23,2677773.84,0.010063758782556484,0.010036082560620357,
2024-03,East,2732428.38,2735643.75,0.00985805626189448,0.009976740461045066,
2024-04,East,2738316.46,2740747.81,0.009759770637197006,0.009893861893882657,-0.00024863570148722647
2024-05,East,2726292.18,2728086.86,0.009628601048281872,0.00974880931579112,-0.00043515773427461185
2024-06,East,2674627.01,2675389.40,0.00934567880099996,0.009578016828826278,-0.0005123774608945201
2024-07,East,2598106.10,2598040.82,0.009145791635406252,0.009373357161562694,-0.0006139790017907539
2024-08,East,2526526.14,2525533.71,0.00893205658300241,0.009141175673136208,-0.0006965444652794629
2024-09,East,2489857.91,2488078.95,0.008891092463123005,0.008989646893843888,-0.00045458633787695546
2024-10,East,2457256.51,2454852.42,0.009254597064535554,0.009025915370220322,0.00010880542912930155
2024-11,East,2493939.99,2490876.30,0.009691565173268541,0.009279084900309034,0.0007595085902661319
2024-12,East,2518792.78,2515627.39,0.009844395119262873,0.009596852452355656,0.0009533026561398678
2025-01,East,3048923.18,3053112.61,0.0100327874902721,0.009856249260934506,0.0007781904257365465
2025-02,East,3136150.60,3139984.23,0.010023391104738127,0.0099668579047577,0.00033182593146958636
2025-03,East,3176812.62,3180440.88,0.009875473616727,0.009977217403912409,3.107849746412754e-05
2025-04,East,3222576.56,3225518.75,0.009779118475129,0.009892661065531376,-0.0002536690151431001
2025-05,East,3197384.39,3199337.74,0.009635059660815928,0.009763217250890643,-0.0003883314439221998
2025-06,East,3149084.44,3150105.69,0.009332032919822446,0.009582070351922456,-0.0005434406969045541
2025-07,East,3062740.70,3062568.46,0.009118594527679554,0.009361895702772642,-0.0006605239474494467
2025-08,East,2953136.21,2952152.87,0.008946365978669662,0.00913233114205722,-0.0006886936821462655
2025-09,East,2823352.73,2821437.20,0.008849876226201312,0.00897161224418351,-0.0004821566936211337
2025-10,East,2708987.50,2706497.92,0.009269691217793362,0.009021977807554779,0.00015109669011380798
2025-11,East,2641898.63,2638758.06,0.00966725611820585,0.009262274520733508,0.0007208901395361882
2025-12,East,2588391.62,2585135.08,0.009870261789182792,0.009602403041727334,0.0010203855629814795
2024-01,West,3263487.35,3271256.59,0.00938631353280667,0.00938631353280667,
2024-02,West,3345198.18,3355294.63,0.010063137137974677,0.009724725335390674,
2024-03,West,3457098.25,3469331.96,0.010566083160286571,0.010005177943689306,
2024-04,West,3433308.39,3445693.68,0.010691411779819035,0.010440210692693427,0.0013050982470123648
2024-05,West,3422564.98,3434908.82,0.010742404510172705,0.010666633150092772,0.0006792673721980284
2024-06,West,3390788.75,3402547.12,0.010608396805978693,0.01068073769865681,4.231364569212172e-05
2024-07,West,3282899.39,3292704.38,0.010123171154526786,0.01049132415689273,-0.0005682406252922496
2024-08,West,3198129.95,3205493.54,0.0095726819028311,0.010101416621112193,-0.0011697226073416056
2024-09,West,3099687.54,3104503.89,0.008919154551292895,0.00953833586955026,-0.0016892422546857973
2024-10,West,3122173.07,3124327.21,0.008250557085536505,0.008914131179886833,-0.0018726140689902804
2024-11,West,3128124.44,3127296.96,0.007839261929254075,0.008336324522027825,-0.0017334199735770245
2024-12,West,3183220.11,3179551.07,0.008107962235058549,0.008065927083283042,-0.0008111923162343465
2025-01,West,3997990.69,4108273.02,0.0268439632573397,0.014263729140550773,0.018593406171803196
2025-02,West,4063486.52,4279895.07,0.050563984971715666,0.02850530348803797,0.04272472304246159
2025-03,West,4150294.46,4477314.61,0.07303935025463847,0.05014909949456461,0.06493138801957991
2025-04,West,4206094.02,4643593.73,0.09421575948247307,0.07260636490294241,0.06737179622513337
2025-05,West,4165078.83,4702656.95,0.1143137008962561,0.09385627021112254,0.06374971592454043
2025-06,West,4108145.83,4740659.26,0.13342309482922005,0.1139841850693164,0.06038374457458158
2025-07,West,4000683.79,4714250.97,0.15136385070309485,0.13303354880952367,0.05714809122062178
2025-08,West,3841390.44,4619766.18,0.1684881246522308,0.1510916900615152,0.054174423755974685
2025-09,West,3694096.34,4532048.69,0.1848948251259851,0.16824893349377024,0.05147173029676505
2025-10,West,3532721.88,4418734.30,0.20051271695607498,0.18463188891143031,0.04914886625298012
2025-11,West,3432037.35,4375350.84,0.215597222827507,0.20033492163652236,0.047109098175276226
2025-12,West,3420151.44,4442155.80,0.23006945411504928,0.21539313129954377,0.045174628989064186
