period,gross_pipeline,weighted_pipeline,actual_revenue,weighted_pipeline_coverage,rolling_3m_coverage,change_vs_3m_prior
2024-01,28777245.96,13592948.597000,8720377.57,1.5587568872892277,1.5587568872892277,
2024-02,29607022.85,14352928.741500,8971825.11,1.599778034627784,1.5792674609585058,
2024-03,30395351.04,14711629.735500,9210712.43,1.5972303822647953,1.5852551013939358,
2024-04,30365118.29,14126368.979000,9201551.00,1.535216071616622,1.5774081628364005,-0.023540815672605575
2024-05,30224364.08,14456467.608000,9158898.21,1.5784068428903304,1.5702844322572493,-0.0213711917374535
2024-06,29755261.13,14015820.658000,9016745.79,1.554421183033042,1.556014699179998,-0.04280919923175319
2024-07,28882640.26,13231493.836000,8752315.23,1.5117707130390914,1.5481995796541546,-0.023445358577530717
2024-08,28168523.68,13322736.021500,8535916.28,1.560785694760821,1.5423258636109847,-0.017621148129509434
2024-09,27474123.53,12817947.552000,8325491.98,1.5396024142227327,1.5373862740075486,-0.014818768810309413
2024-10,27440016.80,13486744.137000,8315156.60,1.621947100431037,1.5741117364715302,0.11017638739194568
2024-11,27616000.07,13570814.771500,8368484.87,1.6216573229581521,1.594402279203974,0.06087162819733116
2024-12,28041076.01,12626437.998500,8497295.76,1.485936038373225,1.576513487254138,-0.05366637584950773
2025-01,30166892.60,14122407.165500,10402376.76,1.3576135042334305,1.4884022885216026,-0.26433359619760655
2025-02,29358980.12,14091031.349000,10675992.76,1.3198801896714663,1.3878099107593738,-0.3017771332866859
2025-03,28283136.79,13350540.983500,10878129.53,1.2272827738152519,1.3015921559067163,-0.2586532645579731
2025-04,26895553.12,12568421.691500,10977776.78,1.1448968168489213,1.2306865934452131,-0.21271668738450922
2025-05,25078046.77,12107179.544000,10903498.59,1.1103940119829006,1.1608578675490246,-0.2094861776885657
2025-06,23047166.16,11392859.770000,10719612.17,1.062805219939221,1.1060320162570143,-0.1644775538760308
2025-07,20864774.19,9979162.468500,10432387.09,0.9565560003103757,1.043251744077499,-0.18834081653854562
2025-08,18624059.28,9376733.531500,10067059.07,0.9314272883768825,0.9835961695421598,-0.17896672360601806
2025-09,16383101.27,7708906.067500,9637118.38,0.7999181667725865,0.8959671518199483,-0.2628870531666345
2025-10,14276705.58,6807807.106000,9210777.79,0.7391131629938062,0.8234862060477584,-0.21744283731656944
2025-11,12580996.49,6134770.509000,8986426.06,0.6826707823599452,0.7405673707087793,-0.24875650601693733
2025-12,11994093.76,5915937.963500,8884513.89,0.665870754072286,0.6958848998086791,-0.13404741270030052
