period,department_name,account_name,actual_amount,forecast_amount,forecast_variance,forecast_variance_pct,rolling_3m_variance,unfavorable_variance_rank
2024-01,Engineering,Software,-242585.60,-203853.45,-38732.15,-0.1899999730198336,-38732.15,1
2024-01,Customer Success,Payroll,-833493.68,-822620.29,-10873.39,-0.013217993930103523,-10873.39,2
2024-01,Engineering,Payroll,-1882342.76,-1872702.60,-9640.16,-0.005147726072468741,-9640.16,3
2024-01,G&A,Payroll,-571519.32,-568579.94,-2939.38,-0.0051696864296689755,-2939.38,4
2024-01,Marketing,Payroll,-416728.10,-414819.44,-1908.66,-0.004601182625385156,-1908.66,5
2024-01,Engineering,Facilities,-82571.28,-81476.33,-1094.95,-0.013438872369435393,-1094.95,6
2024-01,Engineering,Other OpEx,-101240.10,-100205.17,-1034.93,-0.010328109817088281,-1034.93,7
2024-01,G&A,Software,-64915.38,-64078.69,-836.69,-0.01305722698138804,-836.69,8
2024-01,Sales,Other OpEx,-63139.61,-62358.03,-781.58,-0.01253375066531127,-781.58,9
2024-01,Marketing,Software,-48233.16,-47672.22,-560.94,-0.011766601177792853,-560.94,10
2024-01,Sales,Travel,-42408.18,-41915.90,-492.28,-0.01174446928253956,-492.28,11
2024-01,G&A,Other OpEx,-31628.49,-31281.06,-347.43,-0.011106720808054459,-347.43,12
2024-01,Engineering,Marketing,-22804.54,-22485.00,-319.54,-0.014211251945741606,-319.54,13
2024-01,Engineering,Travel,-22757.60,-22604.06,-153.54,-0.006792585048880599,-153.54,14
2024-01,Engineering,Professional Services,-132233.07,-132082.24,-150.83,-0.0011419400518949407,-150.83,15
2024-01,G&A,Professional Services,-40809.19,-40688.85,-120.34,-0.0029575669993130798,-120.34,16
2024-01,Marketing,Travel,-4892.37,-4826.11,-66.26,-0.013729483994355704,-66.26,17
2024-01,G&A,Travel,-6698.87,-6668.55,-30.32,-0.004546715552856318,-30.32,18
2024-01,Marketing,Professional Services,-27914.93,-27890.43,-24.50,-0.0008784375142297914,-24.50,19
2024-01,Customer Success,Travel,-28822.10,-28850.00,27.90,0.0009670710571923743,27.90,20
2024-01,Marketing,Other OpEx,-22449.73,-22506.82,57.09,0.0025365644724576818,57.09,21
2024-01,G&A,Marketing,-6921.43,-6995.66,74.23,0.010610864450244867,74.23,22
2024-01,Marketing,Marketing,-61258.72,-61373.53,114.81,0.0018706761693518363,114.81,23
2024-01,Customer Success,Marketing,-9658.86,-9785.21,126.35,0.012912344241973347,126.35,24
2024-01,Marketing,Facilities,-18408.12,-18558.32,150.20,0.008093405006487656,150.20,25
2024-01,Sales,Marketing,-13624.78,-13803.78,179.00,0.0129674625356243,179.00,26
2024-01,G&A,Facilities,-24896.78,-25085.04,188.26,0.007504871429345936,188.26,27
2024-01,Sales,Facilities,-51269.45,-51477.48,208.03,0.004041184611212514,208.03,28
2024-01,Customer Success,Facilities,-37664.93,-37898.17,233.24,0.006154386874089171,233.24,29
2024-01,Customer Success,Professional Services,-57359.72,-57699.73,340.01,0.005892748544923866,340.01,30
2024-01,Customer Success,Other OpEx,-44099.53,-44743.42,643.89,0.014390719350465387,643.89,31
2024-01,Customer Success,Software,-97708.56,-98461.44,752.88,0.007646445146445146,752.88,32
2024-01,Sales,Professional Services,-84926.64,-85977.89,1051.25,0.012226980680730826,1051.25,33
2024-01,Sales,Software,-138540.81,-139692.16,1151.35,0.008242051665605285,1151.35,34
2024-01,Sales,Payroll,-1143709.12,-1146020.21,2311.09,0.0020166223770172434,2311.09,35
2024-02,Engineering,Software,-258667.71,-217367.83,-41299.88,-0.18999996457617485,-80032.03,1
2024-02,Customer Success,Payroll,-811799.48,-807674.96,-4124.52,-0.005106658252720873,-14997.91,2
2024-02,Marketing,Payroll,-422646.87,-418712.75,-3934.12,-0.00939574923381244,-5842.78,3
2024-02,G&A,Software,-64093.41,-63143.29,-950.12,-0.01504704617070159,-1786.81,4
2024-02,Customer Success,Software,-98861.27,-97973.74,-887.53,-0.009058855975080668,-134.65,5
2024-02,Customer Success,Travel,-30326.73,-29877.73,-449.00,-0.015027915440697804,-421.10,6
2024-02,Marketing,Marketing,-59886.77,-59468.18,-418.59,-0.007038890378013922,-303.78,7
2024-02,Engineering,Travel,-21741.95,-21552.05,-189.90,-0.008811226774251174,-343.44,8
2024-02,Sales,Professional Services,-83668.32,-83520.66,-147.66,-0.001767945799278885,903.59,9
2024-02,Customer Success,Facilities,-37657.42,-37518.56,-138.86,-0.0037011015348137033,94.38,10
2024-02,Engineering,Other OpEx,-99781.39,-99645.95,-135.44,-0.0013592122911166987,-1170.37,11
2024-02,Engineering,Facilities,-84290.87,-84187.10,-103.77,-0.0012326116471525921,-1198.72,12
2024-02,G&A,Marketing,-6617.20,-6551.29,-65.91,-0.010060614016476144,8.32,13
2024-02,G&A,Travel,-6670.07,-6614.18,-55.89,-0.008450027063067531,-86.21,14
2024-02,Marketing,Travel,-4853.39,-4807.98,-45.41,-0.009444714828264677,-111.67,15
2024-02,Customer Success,Marketing,-10408.64,-10372.96,-35.68,-0.0034397124832256177,90.67,16
2024-02,Customer Success,Other OpEx,-46203.57,-46176.55,-27.02,-0.0005851454905141246,616.87,17
2024-02,Sales,Travel,-42373.89,-42387.41,13.52,0.0003189626353674357,-478.76,18
2024-02,Engineering,Marketing,-22414.35,-22439.87,25.52,0.001137261490374053,-294.02,19
2024-02,Sales,Marketing,-14037.25,-14068.06,30.81,0.0021900674293399373,209.81,20
2024-02,Sales,Other OpEx,-67509.81,-67563.84,54.03,0.0007996881171940494,-727.55,21
2024-02,G&A,Facilities,-25925.69,-25984.42,58.73,0.0022602005355516885,246.99,22
2024-02,G&A,Other OpEx,-31102.68,-31193.52,90.84,0.0029121432912989622,-256.59,23
2024-02,Marketing,Software,-48144.80,-48274.78,129.98,0.0026925032076790404,-430.96,24
2024-02,Marketing,Other OpEx,-23178.06,-23392.79,214.73,0.009179324056685841,271.82,25
2024-02,Marketing,Professional Services,-28909.75,-29168.56,258.81,0.008872909735688014,234.31,26
2024-02,Marketing,Facilities,-18767.77,-19033.70,265.93,0.01397153469898128,416.13,27
2024-02,Customer Success,Professional Services,-59068.90,-59339.32,270.42,0.004557180635032555,610.43,28
2024-02,G&A,Professional Services,-40426.78,-40735.89,309.11,0.00758814892714999,188.77,29
2024-02,Sales,Facilities,-53698.47,-54194.24,495.77,0.009148020158599881,703.80,30
2024-02,Engineering,Professional Services,-130522.03,-131827.88,1305.85,0.009905719488168966,1155.02,31
2024-02,Sales,Software,-141099.70,-142942.58,1842.88,0.012892449541627136,2994.23,32
2024-02,G&A,Payroll,-547715.95,-555198.42,7482.47,0.013477109679094547,4543.09,33
2024-02,Engineering,Payroll,-1811720.83,-1819411.09,7690.26,0.0042267852725905945,-1949.90,34
2024-02,Sales,Payroll,-1236197.64,-1245173.00,8975.36,0.007208122887341759,11286.45,35
2024-03,Engineering,Software,-247445.72,-207937.58,-39508.14,-0.1899999990381729,-119540.17,1
2024-03,Customer Success,Payroll,-838402.49,-831828.78,-6573.71,-0.007902720076600379,-21571.62,2
2024-03,Sales,Payroll,-1131670.76,-1128197.74,-3473.02,-0.003078378795546958,7813.43,3
2024-03,Marketing,Payroll,-418697.74,-415899.64,-2798.10,-0.006727825010860793,-8640.88,4
2024-03,Sales,Software,-132948.88,-131178.48,-1770.40,-0.013496116131243479,1223.83,5
2024-03,Customer Success,Software,-98422.95,-97459.37,-963.58,-0.00988699188184779,-1098.23,6
2024-03,Sales,Facilities,-52641.21,-52120.18,-521.03,-0.009996703771936321,182.77,7
2024-03,Customer Success,Professional Services,-58003.19,-57492.46,-510.73,-0.008883425757047099,99.70,8
2024-03,G&A,Professional Services,-38317.52,-37858.36,-459.16,-0.012128364778611646,-270.39,9
2024-03,Engineering,Other OpEx,-99267.36,-98816.21,-451.15,-0.004565546482707644,-1621.52,10
2024-03,Marketing,Marketing,-63797.70,-63490.79,-306.91,-0.004833929456540075,-610.69,11
2024-03,Engineering,Facilities,-83091.25,-82789.05,-302.20,-0.0036502411852775214,-1500.92,12
2024-03,Engineering,Professional Services,-127747.45,-127499.13,-248.32,-0.0019476211327873374,906.70,13
2024-03,G&A,Facilities,-25313.94,-25068.64,-245.30,-0.009785133936264593,1.69,14
2024-03,Customer Success,Other OpEx,-43910.03,-43782.16,-127.87,-0.0029205959687690144,489.00,15
2024-03,Marketing,Other OpEx,-22921.91,-22821.12,-100.79,-0.004416522940153682,171.03,16
2024-03,Customer Success,Marketing,-9905.26,-9815.05,-90.21,-0.009190987310304074,0.46,17
2024-03,G&A,Marketing,-6943.23,-6853.70,-89.53,-0.013063017056480442,-81.21,18
2024-03,Marketing,Facilities,-18567.53,-18491.21,-76.32,-0.0041273664622271874,339.81,19
2024-03,Engineering,Travel,-23037.68,-22994.58,-43.10,-0.0018743547392472487,-386.54,20
2024-03,G&A,Travel,-6752.28,-6742.25,-10.03,-0.001487633950090845,-96.24,21
2024-03,Sales,Travel,-42646.86,-42639.67,-7.19,-0.00016862231813707753,-485.95,22
2024-03,Customer Success,Facilities,-36125.88,-36119.61,-6.27,-0.0001735899141768142,88.11,23
2024-03,Marketing,Travel,-4822.61,-4840.48,17.87,0.003691782633127294,-93.80,24
2024-03,G&A,Software,-62009.72,-62042.36,32.64,0.0005260921731539549,-1754.17,25
2024-03,Sales,Marketing,-13707.78,-13775.98,68.20,0.00495064597945119,278.01,26
2024-03,Marketing,Software,-46803.48,-46878.58,75.10,0.0016020109824145695,-355.86,27
2024-03,Engineering,Marketing,-22619.27,-22773.21,153.94,0.006759697029975133,-140.08,28
2024-03,Marketing,Professional Services,-28233.26,-28539.80,306.54,0.010740790054590433,540.85,29
2024-03,Sales,Other OpEx,-65233.59,-65561.43,327.84,0.005000501056795131,-399.71,30
2024-03,Customer Success,Travel,-29900.80,-30269.34,368.54,0.012175356317646834,-52.56,31
2024-03,G&A,Other OpEx,-31344.04,-31792.81,448.77,0.014115455664346748,192.18,32
2024-03,Sales,Professional Services,-85245.10,-86410.50,1165.40,0.013486786906683795,2068.99,33
2024-03,G&A,Payroll,-571404.71,-573616.74,2212.03,0.003856285644662323,6755.12,34
2024-03,Engineering,Payroll,-1779645.62,-1788645.78,9000.16,0.005031829164072944,7050.26,35
2024-04,Engineering,Software,-262578.35,-220654.07,-41924.28,-0.19000003036427107,-122732.30,1
2024-04,Engineering,Payroll,-1913478.97,-1894166.03,-19312.94,-0.010196012226024346,-2622.52,2
2024-04,G&A,Payroll,-565733.46,-559652.37,-6081.09,-0.010865834446479697,3613.41,3
2024-04,Marketing,Payroll,-408560.99,-405728.88,-2832.11,-0.00698030172266761,-9564.33,4
2024-04,Sales,Software,-140277.98,-138361.17,-1916.81,-0.013853670072318698,-1844.33,5
2024-04,Engineering,Professional Services,-129821.30,-128033.27,-1788.03,-0.013965354473880108,-730.50,6
2024-04,Engineering,Other OpEx,-99784.43,-98465.39,-1319.04,-0.013395975987095568,-1905.63,7
2024-04,Engineering,Facilities,-85099.39,-84153.46,-945.93,-0.01124053603975404,-1351.90,8
2024-04,Sales,Other OpEx,-63923.79,-63088.25,-835.54,-0.013243987588814081,-453.67,9
2024-04,Sales,Facilities,-52104.00,-51403.84,-700.16,-0.013620772300279513,-725.42,10
2024-04,Sales,Professional Services,-83151.00,-82462.48,-688.52,-0.008349494218461536,329.22,11
2024-04,G&A,Professional Services,-38666.45,-38213.15,-453.30,-0.01186240862111603,-603.35,12
2024-04,Customer Success,Other OpEx,-44399.07,-44065.83,-333.24,-0.0075623220985511904,-488.13,13
2024-04,Customer Success,Software,-94742.93,-94423.87,-319.06,-0.003379018462174872,-2170.17,14
2024-04,Marketing,Travel,-4997.84,-4992.36,-5.48,-0.0010976772508392825,-33.02,15
2024-04,G&A,Travel,-6943.84,-6992.16,48.32,0.006910597011510034,-17.60,16
2024-04,Customer Success,Marketing,-9532.55,-9605.27,72.72,0.007570843922138575,-53.17,17
2024-04,G&A,Marketing,-6670.56,-6754.79,84.23,0.012469669671447966,-71.21,18
2024-04,G&A,Other OpEx,-30360.93,-30448.47,87.54,0.0028750213064892916,627.15,19
2024-04,Marketing,Software,-47839.02,-47931.03,92.01,0.0019196332730592272,297.09,20
2024-04,Engineering,Marketing,-21386.92,-21498.38,111.46,0.00518457669833727,290.92,21
2024-04,Sales,Marketing,-13904.98,-14023.99,119.01,0.008486172622769983,218.02,22
2024-04,Marketing,Facilities,-17942.04,-18078.38,136.34,0.007541604944690841,325.95,23
2024-04,G&A,Facilities,-24726.09,-24895.14,169.05,0.0067904819976911165,-17.52,24
2024-04,Marketing,Other OpEx,-21376.53,-21551.10,174.57,0.008100282584183638,288.51,25
2024-04,Customer Success,Facilities,-37956.24,-38220.42,264.18,0.006912011955912573,119.05,26
2024-04,Sales,Travel,-42844.19,-43127.37,283.18,0.006566131901852582,289.51,27
2024-04,Engineering,Travel,-21768.19,-22082.46,314.27,0.0142316571613851,81.27,28
2024-04,Customer Success,Travel,-27966.14,-28356.80,390.66,0.01377658974214298,310.20,29
2024-04,Customer Success,Professional Services,-58902.83,-59306.55,403.72,0.006807342527933255,163.41,30
2024-04,Marketing,Professional Services,-28217.63,-28633.04,415.41,0.014508064809045774,980.76,31
2024-04,G&A,Software,-64161.89,-64758.69,596.80,0.009215751584845215,-320.68,32
2024-04,Marketing,Marketing,-59073.11,-59905.68,832.57,0.01389801434521735,107.07,33
2024-04,Customer Success,Payroll,-857617.08,-865882.76,8265.68,0.009545957468884125,-2432.55,34
2024-04,Sales,Payroll,-1186202.62,-1203701.58,17498.96,0.014537623187301955,23001.30,35
2024-05,Engineering,Software,-246833.58,-207423.18,-39410.40,-0.18999997975153984,-120842.82,1
2024-05,Sales,Payroll,-1193323.41,-1179666.67,-13656.74,-0.011576778718347617,369.20,2
2024-05,Customer Success,Payroll,-818751.31,-807043.00,-11708.31,-0.014507665638633876,-10016.34,3
2024-05,Engineering,Payroll,-1875033.60,-1868458.83,-6574.77,-0.003518819839343209,-16887.55,4
2024-05,Marketing,Payroll,-420321.69,-414570.34,-5751.35,-0.013873037805840137,-11381.56,5
2024-05,Engineering,Professional Services,-125808.57,-123977.90,-1830.67,-0.014766099441916666,-3867.02,6
2024-05,Sales,Software,-137121.74,-135530.27,-1591.47,-0.011742542828255268,-5278.68,7
2024-05,Sales,Professional Services,-84136.88,-83002.67,-1134.21,-0.013664741146278789,-657.33,8
2024-05,Sales,Facilities,-55732.32,-55342.74,-389.58,-0.00703940571066774,-1610.77,9
2024-05,Marketing,Marketing,-62229.32,-61894.52,-334.80,-0.0054092026240772206,190.86,10
2024-05,Engineering,Other OpEx,-104034.47,-103712.15,-322.32,-0.003107832592420464,-2092.51,11
2024-05,Sales,Travel,-43141.14,-42840.03,-301.11,-0.007028706562530419,-25.12,12
2024-05,Customer Success,Professional Services,-56991.42,-56693.82,-297.60,-0.005249249389086853,-404.61,13
2024-05,Engineering,Marketing,-21937.53,-21805.77,-131.76,-0.006042437391571129,133.64,14
2024-05,Marketing,Other OpEx,-22265.46,-22140.11,-125.35,-0.005661670154303659,-51.57,15
2024-05,Marketing,Facilities,-18759.94,-18634.60,-125.34,-0.006726197503568631,-65.32,16
2024-05,G&A,Travel,-6957.97,-6868.06,-89.91,-0.01309103298456915,-51.62,17
2024-05,G&A,Marketing,-7020.79,-6966.15,-54.64,-0.007843643906605514,-59.94,18
2024-05,Marketing,Software,-46710.50,-46676.61,-33.89,-0.0007260595831616735,133.22,19
2024-05,Marketing,Travel,-5203.81,-5174.56,-29.25,-0.0056526545252156704,-16.86,20
2024-05,Engineering,Travel,-23385.48,-23365.10,-20.38,-0.0008722410775044832,250.79,21
2024-05,Sales,Other OpEx,-66068.93,-66055.53,-13.40,-0.00020285962431911456,-521.10,22
2024-05,Customer Success,Marketing,-9829.23,-9893.33,64.10,0.006479112695118832,46.61,23
2024-05,Customer Success,Facilities,-38558.03,-38678.40,120.37,0.0031120728882270206,378.28,24
2024-05,G&A,Facilities,-26047.84,-26185.58,137.74,0.005260146996934954,61.49,25
2024-05,Sales,Marketing,-14367.78,-14541.31,173.53,0.011933587826681365,360.74,26
2024-05,Engineering,Facilities,-84046.11,-84232.27,186.16,0.0022100793437004607,-1061.97,27
2024-05,G&A,Other OpEx,-31799.59,-32052.00,252.41,0.007875015599650568,788.72,28
2024-05,Customer Success,Travel,-29422.72,-29687.20,264.48,0.008908890026678164,1023.68,29
2024-05,Marketing,Professional Services,-27733.01,-28019.45,286.44,0.010222898736413456,1008.39,30
2024-05,G&A,Professional Services,-38158.79,-38585.07,426.28,0.011047796466353435,-486.18,31
2024-05,Customer Success,Software,-96023.23,-96489.96,466.73,0.004837083568072781,-815.91,32
2024-05,G&A,Software,-65821.05,-66337.98,516.93,0.007792368715477921,1146.37,33
2024-05,Customer Success,Other OpEx,-47414.27,-47967.40,553.13,0.011531373391094784,92.02,34
2024-05,G&A,Payroll,-570583.35,-578818.54,8235.19,0.014227585039000306,4366.13,35
2024-06,Engineering,Software,-249483.78,-209650.23,-39833.55,-0.1900000300500505,-121168.23,1
2024-06,Sales,Payroll,-1258643.29,-1249454.22,-9189.07,-0.007354467136859164,-5346.85,2
2024-06,Marketing,Payroll,-417887.11,-414275.18,-3611.93,-0.008718673418957901,-12195.39,3
2024-06,Engineering,Payroll,-1798272.87,-1797285.19,-987.68,-0.0005495399425174143,-26875.39,4
2024-06,G&A,Software,-66023.65,-65235.79,-787.86,-0.012077112885426849,325.87,5
2024-06,Customer Success,Professional Services,-57337.00,-56661.41,-675.59,-0.01192328253038532,-569.47,6
2024-06,Engineering,Facilities,-79850.53,-79209.61,-640.92,-0.008091442439875666,-1400.69,7
2024-06,Sales,Facilities,-54494.42,-53918.56,-575.86,-0.01068018136982887,-1665.60,8
2024-06,G&A,Payroll,-568086.06,-567540.50,-545.56,-0.0009612706053576792,1608.54,9
2024-06,Customer Success,Other OpEx,-46811.77,-46285.61,-526.16,-0.011367679933352935,-306.27,10
2024-06,Engineering,Other OpEx,-99965.42,-99483.67,-481.75,-0.004842503297274819,-2123.11,11
2024-06,Customer Success,Payroll,-812534.50,-812087.70,-446.80,-0.0005501868825251264,-3889.43,12
2024-06,Marketing,Professional Services,-29194.06,-28804.00,-390.06,-0.01354186918483544,311.79,13
2024-06,Customer Success,Facilities,-38142.22,-37776.70,-365.52,-0.009675805456802739,19.03,14
2024-06,Engineering,Travel,-21917.74,-21704.95,-212.79,-0.009803754443110902,81.10,15
2024-06,Engineering,Marketing,-22854.41,-22721.26,-133.15,-0.005860150361379607,-153.45,16
2024-06,G&A,Marketing,-6880.50,-6779.83,-100.67,-0.014848454902261561,-71.08,17
2024-06,G&A,Facilities,-26027.77,-25932.32,-95.45,-0.003680735082707602,211.34,18
2024-06,Marketing,Other OpEx,-21704.17,-21627.95,-76.22,-0.0035241435272413703,-27.00,19
2024-06,Sales,Software,-141693.71,-141638.36,-55.35,-0.0003907839655867239,-3563.63,20
2024-06,Marketing,Facilities,-18487.21,-18452.48,-34.73,-0.0018821318326859044,-23.73,21
2024-06,G&A,Other OpEx,-30532.92,-30530.75,-2.17,-7.107588251189374e-05,337.78,22
2024-06,G&A,Travel,-6674.03,-6673.55,-0.48,-7.192573667688112e-05,-42.07,23
2024-06,Marketing,Travel,-4993.62,-5050.94,57.32,0.011348382677283834,22.59,24
2024-06,Marketing,Software,-47805.78,-47883.96,78.18,0.0016326970451065452,136.30,25
2024-06,Sales,Marketing,-14533.57,-14629.43,95.86,0.0065525451094130115,388.40,26
2024-06,Sales,Other OpEx,-65818.91,-65939.08,120.17,0.0018224397428656875,-728.77,27
2024-06,Customer Success,Marketing,-9777.90,-9906.98,129.08,0.01302919759603835,265.90,28
2024-06,Customer Success,Travel,-28582.35,-28733.17,150.82,0.005248985754095354,805.96,29
2024-06,G&A,Professional Services,-39294.40,-39676.19,381.79,0.00962264773911003,354.77,30
2024-06,Sales,Travel,-40822.45,-41289.13,466.68,0.011302732704709448,448.75,31
2024-06,Sales,Professional Services,-85179.14,-85705.15,526.01,0.006137437481878277,-1296.72,32
2024-06,Marketing,Marketing,-60164.19,-60954.42,790.23,0.012964277241912892,1288.00,33
2024-06,Customer Success,Software,-93383.38,-94466.69,1083.31,0.011467640075035972,1230.98,34
2024-06,Engineering,Professional Services,-130056.24,-131596.79,1540.55,0.01170659253922531,-2078.15,35
2024-07,Engineering,Software,-261989.47,-220159.22,-41830.25,-0.18999999182409893,-121074.20,1
2024-07,Marketing,Payroll,-410198.50,-408572.13,-1626.37,-0.003980619040265913,-10989.65,2
2024-07,Sales,Professional Services,-83634.93,-82795.19,-839.74,-0.010142376628400757,-1447.94,3
2024-07,Customer Success,Professional Services,-57018.91,-56319.84,-699.07,-0.01241249975141975,-1672.26,4
2024-07,G&A,Payroll,-565381.05,-564856.11,-524.94,-0.0009293340210128914,7164.69,5
2024-07,G&A,Other OpEx,-31609.75,-31225.97,-383.78,-0.012290410834315153,-133.54,6
2024-07,Customer Success,Travel,-29249.84,-28878.96,-370.88,-0.012842567737896379,44.42,7
2024-07,Sales,Travel,-43573.92,-43252.22,-321.70,-0.0074377685122289676,-156.13,8
2024-07,Customer Success,Software,-100237.20,-100017.45,-219.75,-0.00219711660315275,1330.29,9
2024-07,Marketing,Marketing,-59241.37,-59023.69,-217.68,-0.0036880106953665554,237.75,10
2024-07,Marketing,Facilities,-18169.69,-18010.65,-159.04,-0.008830330943080899,-319.11,11
2024-07,Marketing,Professional Services,-28110.48,-27955.52,-154.96,-0.0055430913107679634,-258.58,12
2024-07,Customer Success,Marketing,-9840.71,-9707.59,-133.12,-0.013712981285777418,60.06,13
2024-07,G&A,Professional Services,-40374.22,-40259.21,-115.01,-0.0028567376259991195,693.06,14
2024-07,Sales,Facilities,-53674.19,-53576.59,-97.60,-0.0018216911527963986,-1063.04,15
2024-07,Marketing,Other OpEx,-21905.44,-21812.55,-92.89,-0.004258557573506995,-294.46,16
2024-07,G&A,Travel,-6998.45,-6944.92,-53.53,-0.0077077921703921715,-143.92,17
2024-07,Sales,Marketing,-14032.78,-13987.22,-45.56,-0.003257259126545518,223.83,18
2024-07,Engineering,Other OpEx,-102905.39,-102891.67,-13.72,-0.00013334412785796947,-817.79,19
2024-07,Engineering,Travel,-22822.28,-22852.16,29.88,0.0013075350426392954,-203.29,20
2024-07,Marketing,Travel,-4983.72,-5019.65,35.93,0.007157869572579762,64.00,21
2024-07,G&A,Marketing,-6545.09,-6620.93,75.84,0.01145458417473074,-79.47,22
2024-07,Engineering,Professional Services,-135249.17,-135338.07,88.90,0.0006568735611494977,-201.22,23
2024-07,G&A,Facilities,-26126.37,-26215.88,89.51,0.00341434275713804,131.80,24
2024-07,Marketing,Software,-44715.23,-44824.45,109.22,0.0024366166232937607,153.51,25
2024-07,Sales,Software,-142175.82,-142472.06,296.24,0.002079284878733416,-1350.58,26
2024-07,G&A,Software,-64639.48,-64950.36,310.88,0.004786424586407219,39.95,27
2024-07,Engineering,Marketing,-22361.04,-22686.77,325.73,0.014357707157078774,60.82,28
2024-07,Engineering,Facilities,-85175.49,-85657.76,482.27,0.005630196260093656,27.51,29
2024-07,Customer Success,Other OpEx,-45391.32,-45910.33,519.01,0.01130486319745469,545.98,30
2024-07,Customer Success,Facilities,-37202.84,-37725.14,522.30,0.013844879038222256,277.15,31
2024-07,Sales,Other OpEx,-67624.47,-68367.29,742.82,0.010865137407084589,849.59,32
2024-07,Customer Success,Payroll,-838259.67,-843899.49,5639.82,0.0066830470533878385,-6515.29,33
2024-07,Engineering,Payroll,-1850290.39,-1858143.22,7852.83,0.0042261704670967185,290.38,34
2024-07,Sales,Payroll,-1225137.27,-1234615.28,9478.01,0.00767689348539409,-13367.80,35
2024-08,Engineering,Software,-246378.82,-207041.02,-39337.80,-0.19000002994575665,-121001.60,1
2024-08,Engineering,Payroll,-1884224.23,-1860885.67,-23338.56,-0.012541640991840193,-16473.41,2
2024-08,Customer Success,Payroll,-861255.92,-849521.69,-11734.23,-0.013812749148288374,-6541.21,3
2024-08,G&A,Payroll,-572727.30,-566245.63,-6481.67,-0.011446746176213315,-7552.17,4
2024-08,Sales,Payroll,-1189749.58,-1185947.10,-3802.48,-0.0032062812919733097,-3513.54,5
2024-08,Engineering,Professional Services,-130229.11,-128655.99,-1573.12,-0.012227335858983323,56.33,6
2024-08,Marketing,Payroll,-392372.55,-390831.44,-1541.11,-0.00394315769478525,-6779.41,7
2024-08,Customer Success,Software,-93274.82,-92277.59,-997.23,-0.010806849203582365,-133.67,8
2024-08,Customer Success,Facilities,-36394.36,-36066.65,-327.71,-0.009086233403989558,-170.93,9
2024-08,G&A,Software,-63531.83,-63390.79,-141.04,-0.002224928889512183,-618.02,10
2024-08,Marketing,Professional Services,-29385.65,-29244.76,-140.89,-0.004817615189866492,-685.91,11
2024-08,Engineering,Travel,-22489.42,-22388.36,-101.06,-0.004513952786179961,-283.97,12
2024-08,Customer Success,Marketing,-10054.34,-9960.78,-93.56,-0.009392838713434088,-97.60,13
2024-08,G&A,Marketing,-6707.96,-6615.72,-92.24,-0.013942548959145791,-117.07,14
2024-08,G&A,Travel,-6718.01,-6640.49,-77.52,-0.011673837322245797,-131.53,15
2024-08,Marketing,Facilities,-18903.92,-18935.77,31.85,0.0016820018409602568,-161.92,16
2024-08,Marketing,Software,-45571.87,-45606.61,34.74,0.0007617316875777437,222.14,17
2024-08,Marketing,Travel,-5112.03,-5158.44,46.41,0.008996906041361342,139.66,18
2024-08,Marketing,Other OpEx,-21618.99,-21670.27,51.28,0.0023663756842900435,-117.83,19
2024-08,Sales,Facilities,-53876.64,-53968.39,91.75,0.0017000692442372285,-581.71,20
2024-08,Sales,Marketing,-14807.62,-14934.52,126.90,0.008497092641745432,177.20,21
2024-08,Engineering,Marketing,-22559.17,-22784.34,225.17,0.009882665023432761,417.75,22
2024-08,Customer Success,Other OpEx,-47765.80,-48010.76,244.96,0.005102189592499681,237.81,23
2024-08,Engineering,Facilities,-82863.41,-83164.01,300.60,0.003614544320313559,141.95,24
2024-08,G&A,Facilities,-25792.04,-26116.72,324.68,0.012431882717278433,318.74,25
2024-08,Customer Success,Travel,-29755.59,-30085.45,329.86,0.010964103910694372,109.80,26
2024-08,Sales,Travel,-42538.37,-42870.32,331.95,0.007743119248934927,476.93,27
2024-08,G&A,Professional Services,-39803.34,-40142.78,339.44,0.008455816961356439,606.22,28
2024-08,G&A,Other OpEx,-29740.45,-30093.48,353.03,0.011731112520054177,-32.92,29
2024-08,Sales,Software,-137546.15,-138013.30,467.15,0.003384818709501186,708.04,30
2024-08,Sales,Other OpEx,-66646.87,-67294.76,647.89,0.009627644113746748,1510.88,31
2024-08,Customer Success,Professional Services,-56575.05,-57267.73,692.68,0.012095468076000216,-681.98,32
2024-08,Sales,Professional Services,-86081.61,-86877.65,796.04,0.009162770862241324,482.31,33
2024-08,Engineering,Other OpEx,-98273.55,-99128.21,854.66,0.008621763673529462,359.19,34
2024-08,Marketing,Marketing,-63321.66,-64242.66,921.00,0.01433626814331785,1493.55,35
2024-09,Engineering,Software,-261033.48,-219355.87,-41677.61,-0.1899999758383489,-122845.66,1
2024-09,Engineering,Payroll,-1883176.54,-1855000.53,-28176.01,-0.015189219379899583,-43661.74,2
2024-09,G&A,Payroll,-578448.44,-574281.49,-4166.95,-0.007255936457224139,-11173.56,3
2024-09,Customer Success,Professional Services,-61506.89,-60663.51,-843.38,-0.013902591524954622,-849.77,4
2024-09,Engineering,Professional Services,-126706.12,-126006.35,-699.77,-0.005553450282465923,-2183.99,5
2024-09,G&A,Facilities,-25918.98,-25547.16,-371.82,-0.014554259651562053,42.37,6
2024-09,Sales,Other OpEx,-67590.42,-67255.28,-335.14,-0.004983103185355856,1055.57,7
2024-09,Marketing,Professional Services,-30097.83,-29837.46,-260.37,-0.00872627897951099,-556.22,8
2024-09,Sales,Professional Services,-87272.31,-87107.51,-164.80,-0.0018919149451063406,-208.50,9
2024-09,Engineering,Marketing,-23256.35,-23124.16,-132.19,-0.0057165319734857395,418.71,10
2024-09,Customer Success,Marketing,-10328.57,-10202.33,-126.24,-0.012373644059739295,-352.92,11
2024-09,Marketing,Marketing,-64208.75,-64156.72,-52.03,-0.0008109828557320262,651.29,12
2024-09,Marketing,Travel,-5065.22,-5026.82,-38.40,-0.007639024273795362,43.94,13
2024-09,Marketing,Software,-48459.79,-48426.86,-32.93,-0.000679994531960156,111.03,14
2024-09,G&A,Travel,-6672.21,-6665.43,-6.78,-0.001017188688501717,-137.83,15
2024-09,G&A,Marketing,-6736.76,-6753.02,16.26,0.0024078116161361882,-0.14,16
2024-09,Customer Success,Software,-97247.14,-97290.94,43.80,0.00045019608197844523,-1173.18,17
2024-09,Customer Success,Facilities,-38354.64,-38443.03,88.39,0.0022992464433734803,282.98,18
2024-09,Sales,Marketing,-14949.82,-15079.17,129.35,0.008578058341407385,210.69,19
2024-09,Sales,Travel,-42596.89,-42771.92,175.03,0.004092170751277942,185.28,20
2024-09,Customer Success,Travel,-29898.45,-30086.91,188.46,0.006263853616074233,147.44,21
2024-09,G&A,Professional Services,-40062.53,-40288.38,225.85,0.005605834734481754,450.28,22
2024-09,Sales,Facilities,-55827.62,-56057.51,229.89,0.004100967024757253,224.04,23
2024-09,Marketing,Facilities,-19525.19,-19769.27,244.08,0.012346434643261992,116.89,24
2024-09,Marketing,Other OpEx,-22877.57,-23148.03,270.46,0.011683931634787063,228.85,25
2024-09,Engineering,Travel,-23729.40,-24007.86,278.46,0.011598701425283218,207.28,26
2024-09,G&A,Other OpEx,-31906.55,-32194.54,287.99,0.008945305632569995,257.24,27
2024-09,G&A,Software,-65383.29,-65708.73,325.44,0.004952766550198125,495.28,28
2024-09,Customer Success,Other OpEx,-45362.28,-45795.19,432.91,0.009453176196015345,1196.88,29
2024-09,Engineering,Facilities,-86109.67,-86696.37,586.70,0.006767296024043453,1369.57,30
2024-09,Engineering,Other OpEx,-103859.37,-105053.84,1194.47,0.011370074620784924,2035.41,31
2024-09,Sales,Software,-143005.40,-144218.29,1212.89,0.008410098330801176,1976.28,32
2024-09,Marketing,Payroll,-404032.17,-406121.08,2088.91,0.00514356457438752,-1078.57,33
2024-09,Sales,Payroll,-1172614.09,-1179021.39,6407.30,0.005434422186352362,12082.83,34
2024-09,Customer Success,Payroll,-829839.63,-837333.43,7493.80,0.008949600877633657,1399.39,35
2024-10,Engineering,Software,-256088.89,-215200.74,-40888.15,-0.19000004368014722,-121903.56,1
2024-10,Marketing,Payroll,-416662.24,-414121.44,-2540.80,-0.006135398350783287,-1993.00,2
2024-10,Engineering,Professional Services,-131513.64,-129739.97,-1773.67,-0.01367096046037316,-4046.56,3
2024-10,Engineering,Other OpEx,-105907.58,-104581.50,-1326.08,-0.012679871679025448,723.05,4
2024-10,Customer Success,Software,-100089.36,-99219.15,-870.21,-0.00877058511386159,-1823.64,5
2024-10,Marketing,Marketing,-62166.89,-61365.00,-801.89,-0.013067546647111546,67.08,6
2024-10,Marketing,Software,-46405.02,-46038.54,-366.48,-0.007960287185475473,-364.67,7
2024-10,G&A,Facilities,-25149.97,-24904.29,-245.68,-0.009864967039815228,-292.82,8
2024-10,Sales,Marketing,-14936.06,-14713.85,-222.21,-0.015102097683475093,34.04,9
2024-10,Sales,Travel,-43619.69,-43443.70,-175.99,-0.004050990132055972,330.99,10
2024-10,Engineering,Travel,-22865.25,-22724.19,-141.06,-0.006207481982856155,36.34,11
2024-10,Marketing,Facilities,-18774.34,-18643.75,-130.59,-0.007004492122024807,145.34,12
2024-10,G&A,Marketing,-6628.57,-6544.80,-83.77,-0.012799474391883631,-159.75,13
2024-10,Customer Success,Facilities,-39384.38,-39327.77,-56.61,-0.001439440883630066,-295.93,14
2024-10,Engineering,Marketing,-23007.71,-22985.86,-21.85,-0.0009505844027589135,71.13,15
2024-10,Engineering,Facilities,-85969.67,-85949.86,-19.81,-0.00023048321428330423,867.49,16
2024-10,Marketing,Travel,-5281.35,-5273.72,-7.63,-0.001446796568646041,0.38,17
2024-10,Customer Success,Travel,-29306.50,-29313.52,7.02,0.0002394799396319514,525.34,18
2024-10,G&A,Travel,-7163.11,-7213.86,50.75,0.0070350686040483185,-33.55,19
2024-10,Customer Success,Marketing,-9942.06,-10060.50,118.44,0.011772774712986432,-101.36,20
2024-10,G&A,Professional Services,-40412.12,-40600.55,188.43,0.004641070133286371,753.72,21
2024-10,Marketing,Other OpEx,-21975.95,-22183.22,207.27,0.009343548862608764,529.01,22
2024-10,G&A,Other OpEx,-31861.00,-32084.92,223.92,0.006978979533064131,864.94,23
2024-10,Customer Success,Payroll,-822021.88,-822247.53,225.65,0.0002744307422851121,-4014.78,24
2024-10,Sales,Software,-137154.87,-137427.23,272.36,0.0019818488664873767,1952.40,25
2024-10,Customer Success,Other OpEx,-45269.13,-45606.12,336.99,0.007389139878595241,1014.86,26
2024-10,Marketing,Professional Services,-29649.91,-30009.08,359.17,0.011968710803530132,-42.09,27
2024-10,Sales,Facilities,-55820.40,-56199.10,378.70,0.006738542076296595,700.34,28
2024-10,Customer Success,Professional Services,-59033.70,-59441.15,407.45,0.006854678955572024,256.75,29
2024-10,Sales,Professional Services,-87114.87,-87544.13,429.26,0.004903355599056155,1060.50,30
2024-10,Sales,Other OpEx,-69764.14,-70483.53,719.39,0.010206497886811288,1032.14,31
2024-10,G&A,Software,-64905.31,-65770.62,865.31,0.0131564823320808,1049.71,32
2024-10,G&A,Payroll,-563281.34,-567389.93,4108.59,0.007241210643269612,-6540.03,33
2024-10,Sales,Payroll,-1263954.22,-1271791.97,7837.75,0.006162761037090052,10442.57,34
2024-10,Engineering,Payroll,-1855188.84,-1880630.49,25441.65,0.013528255622400337,-26072.92,35
2024-11,Engineering,Software,-254590.86,-213941.90,-40648.96,-0.18999999532583378,-123214.72,1
2024-11,G&A,Payroll,-585956.95,-579365.36,-6591.59,-0.01137725942054941,-6649.95,2
2024-11,Customer Success,Payroll,-833252.27,-826940.90,-6311.37,-0.0076321899182879935,1408.08,3
2024-11,Sales,Payroll,-1261874.61,-1258831.75,-3042.86,-0.0024172094483635325,11202.19,4
2024-11,Engineering,Facilities,-82410.57,-81485.24,-925.33,-0.011355798915239128,-358.44,5
2024-11,Marketing,Software,-49131.78,-48496.72,-635.06,-0.013094906212213937,-1034.47,6
2024-11,G&A,Software,-65581.24,-64989.03,-592.21,-0.00911246097995308,598.54,7
2024-11,Marketing,Marketing,-61789.11,-61285.01,-504.10,-0.00822550245157829,-1358.02,8
2024-11,Engineering,Other OpEx,-102507.57,-102072.37,-435.20,-0.004263641571171513,-566.81,9
2024-11,Sales,Professional Services,-87388.83,-86981.44,-407.39,-0.004683642855303384,-142.93,10
2024-11,Engineering,Travel,-22825.64,-22633.69,-191.95,-0.008480720554182725,-54.55,11
2024-11,Customer Success,Other OpEx,-45924.13,-45746.02,-178.11,-0.003893453463273964,591.79,12
2024-11,Customer Success,Software,-97237.51,-97065.26,-172.25,-0.001774579288202597,-998.66,13
2024-11,Marketing,Other OpEx,-22328.17,-22158.32,-169.85,-0.0076652923145798055,307.88,14
2024-11,Marketing,Facilities,-19352.56,-19206.76,-145.80,-0.00759107730819774,-32.31,15
2024-11,Customer Success,Marketing,-9831.43,-9726.96,-104.47,-0.010740251836133799,-112.27,16
2024-11,Customer Success,Facilities,-36815.43,-36756.52,-58.91,-0.0016027088527423162,-27.13,17
2024-11,Sales,Travel,-42763.19,-42717.02,-46.17,-0.0010808338222095082,-47.13,18
2024-11,Sales,Other OpEx,-68718.11,-68715.01,-3.10,-4.5113869589773764e-05,381.15,19
2024-11,G&A,Marketing,-7052.83,-7072.67,19.84,0.002805164103513949,-47.67,20
2024-11,G&A,Facilities,-26542.26,-26573.34,31.08,0.001169593284096015,-586.42,21
2024-11,G&A,Travel,-6723.44,-6756.36,32.92,0.004872446110035582,76.89,22
2024-11,G&A,Professional Services,-39650.89,-39704.67,53.78,0.0013545006166780886,468.06,23
2024-11,Marketing,Travel,-5046.45,-5119.34,72.89,0.014238163513265381,26.86,24
2024-11,G&A,Other OpEx,-32137.38,-32256.89,119.51,0.0037049448970437014,631.42,25
2024-11,Sales,Marketing,-15233.11,-15420.32,187.21,0.012140474387042553,94.35,26
2024-11,Marketing,Professional Services,-28648.81,-28912.02,263.21,0.00910382602114968,362.01,27
2024-11,Engineering,Marketing,-21706.28,-21973.09,266.81,0.012142579855632503,112.77,28
2024-11,Sales,Software,-136451.46,-136862.26,410.80,0.0030015579166966845,1896.05,29
2024-11,Customer Success,Travel,-30581.53,-31018.22,436.69,0.014078499668904275,632.17,30
2024-11,Engineering,Professional Services,-126682.32,-127123.94,441.62,0.003473932604669113,-2031.82,31
2024-11,Sales,Facilities,-54939.91,-55483.68,543.77,0.009800539546043088,1152.36,32
2024-11,Customer Success,Professional Services,-57924.50,-58560.48,635.98,0.010860225189411016,200.05,33
2024-11,Marketing,Payroll,-428154.85,-430990.92,2836.07,0.006580347446762916,2384.18,34
2024-11,Engineering,Payroll,-1859248.71,-1872983.04,13734.33,0.007332864049852795,10999.97,35
2024-12,Engineering,Software,-265381.03,-223009.27,-42371.76,-0.18999999417064592,-123908.87,1
2024-12,Sales,Payroll,-1243051.20,-1234528.04,-8523.16,-0.006903982513025787,-3728.27,2
2024-12,Marketing,Payroll,-421676.35,-420217.64,-1458.71,-0.0034713202425295615,-1163.44,3
2024-12,Customer Success,Software,-99409.66,-98027.44,-1382.22,-0.014100337619752183,-2424.68,4
2024-12,Sales,Professional Services,-84612.86,-83650.43,-962.43,-0.011505380187525635,-940.56,5
2024-12,Sales,Software,-137046.76,-136267.53,-779.23,-0.0057183835356816115,-96.07,6
2024-12,Engineering,Other OpEx,-105507.66,-104824.01,-683.65,-0.006521883679130382,-2444.93,7
2024-12,Customer Success,Other OpEx,-47735.25,-47331.24,-404.01,-0.008535800033973334,-245.13,8
2024-12,G&A,Other OpEx,-31657.98,-31291.74,-366.24,-0.011704047138318291,-22.81,9
2024-12,Customer Success,Travel,-29047.39,-28726.64,-320.75,-0.011165594027007683,122.96,10
2024-12,G&A,Facilities,-25696.40,-25557.20,-139.20,-0.005446606044480615,-353.80,11
2024-12,Engineering,Travel,-22934.21,-22809.96,-124.25,-0.005447181845123797,-457.26,12
2024-12,Sales,Marketing,-14216.33,-14107.30,-109.03,-0.007728622769771679,-144.03,13
2024-12,G&A,Travel,-7272.06,-7188.65,-83.41,-0.011603013083124092,0.26,14
2024-12,Marketing,Travel,-5006.70,-5024.70,18.00,0.0035823034210997673,83.26,15
2024-12,Engineering,Payroll,-1883153.80,-1883172.45,18.65,9.903500871627556e-06,39194.63,16
2024-12,Customer Success,Professional Services,-57763.90,-57794.22,30.32,0.0005246199360420471,1073.75,17
2024-12,Marketing,Facilities,-18432.12,-18494.47,62.35,0.00337127800904811,-214.04,18
2024-12,G&A,Marketing,-7133.92,-7203.89,69.97,0.009712807941265066,6.04,19
2024-12,Marketing,Professional Services,-29177.58,-29266.33,88.75,0.003032495020728598,711.13,20
2024-12,Sales,Travel,-43453.38,-43546.92,93.54,0.0021480279202294905,-128.62,21
2024-12,Engineering,Marketing,-22675.05,-22779.91,104.86,0.004603178853647798,349.82,22
2024-12,Customer Success,Marketing,-10372.53,-10497.09,124.56,0.011866145760396452,138.53,23
2024-12,Marketing,Marketing,-61967.29,-62135.59,168.30,0.0027085926117382973,-1137.69,24
2024-12,Customer Success,Facilities,-36909.41,-37141.11,231.70,0.006238370366421466,116.18,25
2024-12,Marketing,Other OpEx,-23805.03,-24043.55,238.52,0.00992033206410867,275.94,26
2024-12,Marketing,Software,-50174.89,-50428.95,254.06,0.005037979176643575,-747.48,27
2024-12,G&A,Software,-65739.35,-66093.65,354.30,0.005360575486449909,627.40,28
2024-12,G&A,Professional Services,-41359.00,-41795.31,436.31,0.010439209566815034,678.52,29
2024-12,Engineering,Facilities,-84831.68,-85543.74,712.06,0.008323928787775704,-233.08,30
2024-12,Engineering,Professional Services,-127984.85,-128711.29,726.44,0.005643949338088369,-605.61,31
2024-12,Sales,Facilities,-55822.24,-56627.64,805.40,0.014222736458732873,1727.87,32
2024-12,Sales,Other OpEx,-68698.47,-69606.99,908.52,0.01305213743619714,1624.81,33
2024-12,G&A,Payroll,-591496.14,-592424.78,928.64,0.0015675238972954508,-1554.36,34
2024-12,Customer Success,Payroll,-839673.45,-851808.15,12134.70,0.014245813449894791,6048.98,35
2025-01,Engineering,Software,-254090.13,-213521.12,-40569.01,-0.18999998688654313,-123589.73,1
2025-01,Customer Success,Other OpEx,-46372.62,-45803.56,-569.06,-0.012423925127217185,-1151.18,2
2025-01,Marketing,Professional Services,-29282.08,-28853.48,-428.60,-0.014854360721826276,-76.64,3
2025-01,Marketing,Facilities,-18538.67,-18265.82,-272.85,-0.014937736165143422,-356.30,4
2025-01,Marketing,Software,-47261.59,-47050.43,-211.16,-0.004487950482067858,-592.16,5
2025-01,Customer Success,Facilities,-39507.49,-39384.03,-123.46,-0.0031347731555150652,49.33,6
2025-01,G&A,Facilities,-26477.72,-26369.01,-108.71,-0.004122642450361238,-216.83,7
2025-01,Customer Success,Marketing,-9896.41,-9810.25,-86.16,-0.008782650798909305,-66.07,8
2025-01,Customer Success,Software,-97632.25,-97555.61,-76.64,-0.0007856032062123336,-1631.11,9
2025-01,Engineering,Marketing,-22329.63,-22276.75,-52.88,-0.002373775348738034,318.79,10
2025-01,G&A,Marketing,-6608.27,-6576.87,-31.40,-0.004774307535347361,58.41,11
2025-01,Customer Success,Travel,-29002.51,-29018.33,15.82,0.0005451726546634489,131.76,12
2025-01,Sales,Marketing,-15000.47,-15051.57,51.10,0.003394994674974106,129.28,13
2025-01,G&A,Travel,-7029.78,-7087.06,57.28,0.008082335975707839,6.79,14
2025-01,Marketing,Travel,-5138.71,-5214.32,75.61,0.014500452599763729,166.50,15
2025-01,Marketing,Other OpEx,-22777.67,-22920.80,143.13,0.006244546438169698,211.80,16
2025-01,Marketing,Marketing,-61932.16,-62076.68,144.52,0.0023280884222545407,-191.28,17
2025-01,Engineering,Professional Services,-128354.22,-128510.66,156.44,0.0012173309202520631,1324.50,18
2025-01,G&A,Software,-68209.81,-68369.98,160.17,0.002342694849406128,-77.74,19
2025-01,G&A,Other OpEx,-32296.79,-32528.43,231.64,0.007121155247886233,-15.09,20
2025-01,Customer Success,Professional Services,-60418.05,-60668.46,250.41,0.004127515351469281,916.71,21
2025-01,Engineering,Travel,-22176.97,-22464.98,288.01,0.012820398682749774,-28.19,22
2025-01,Sales,Travel,-41602.99,-42038.43,435.44,0.010358141348285367,482.81,23
2025-01,G&A,Professional Services,-40539.11,-41009.76,470.65,0.01147653631720839,960.74,24
2025-01,Engineering,Other OpEx,-100733.14,-101275.21,542.07,0.005352445085031174,-576.78,25
2025-01,Sales,Facilities,-55372.41,-55948.75,576.34,0.010301213163832973,1925.51,26
2025-01,Engineering,Facilities,-82915.28,-83532.67,617.39,0.007391000431328246,404.12,27
2025-01,Sales,Professional Services,-87227.96,-88019.16,791.20,0.008988951950916141,-578.62,28
2025-01,Sales,Other OpEx,-65760.04,-66651.32,891.28,0.013372278298464305,1796.70,29
2025-01,Sales,Software,-136589.10,-137739.12,1150.02,0.008349261996156212,781.59,30
2025-01,G&A,Payroll,-590409.90,-593884.44,3474.54,0.005850532133827248,-2188.41,31
2025-01,Marketing,Payroll,-411180.58,-415300.11,4119.53,0.009919405029774732,5496.89,32
2025-01,Sales,Payroll,-1209443.88,-1217444.52,8000.64,0.006571667019372678,-3565.38,33
2025-01,Customer Success,Payroll,-825765.91,-837246.72,11480.81,0.013712576861453694,17304.14,34
2025-01,Engineering,Payroll,-1880866.72,-1893828.16,12961.44,0.006844042281006108,26714.42,35
2025-02,Engineering,Software,-253730.36,-213218.79,-40511.57,-0.18999999953099816,-123452.34,1
2025-02,Engineering,Payroll,-1939408.19,-1919043.46,-20364.73,-0.010611917043296143,-7384.64,2
2025-02,G&A,Payroll,-584662.41,-581556.64,-3105.77,-0.005340442850072178,1297.41,3
2025-02,Engineering,Professional Services,-133034.13,-131795.23,-1238.90,-0.009400188459020862,-356.02,4
2025-02,Sales,Professional Services,-86463.20,-85381.78,-1081.42,-0.012665699871799347,-1252.65,5
2025-02,Customer Success,Professional Services,-62135.81,-61565.42,-570.39,-0.009264778832013166,-289.66,6
2025-02,Customer Success,Travel,-31215.28,-30848.80,-366.48,-0.011879878633852857,-671.41,7
2025-02,G&A,Facilities,-26063.19,-25727.19,-336.00,-0.013060112666793381,-583.91,8
2025-02,Sales,Facilities,-53540.85,-53208.61,-332.24,-0.006244102223305589,1049.50,9
2025-02,Marketing,Software,-48891.07,-48658.30,-232.77,-0.004783767620323768,-189.87,10
2025-02,Engineering,Other OpEx,-100359.10,-100148.76,-210.34,-0.0021002756299728525,-351.92,11
2025-02,Engineering,Marketing,-22819.78,-22615.16,-204.62,-0.009047912992877345,-152.64,12
2025-02,Marketing,Facilities,-19669.59,-19476.75,-192.84,-0.00990103585043706,-403.34,13
2025-02,Marketing,Marketing,-61931.39,-61797.86,-133.53,-0.0021607544338914,179.29,14
2025-02,Sales,Travel,-44065.63,-43945.97,-119.66,-0.0027228890385170698,409.32,15
2025-02,Marketing,Professional Services,-29647.90,-29549.19,-98.71,-0.003340531500186638,-438.56,16
2025-02,G&A,Marketing,-6572.30,-6510.10,-62.20,-0.009554384725273037,-23.63,17
2025-02,G&A,Professional Services,-39041.41,-39021.91,-19.50,-0.0004997192602822362,887.46,18
2025-02,Marketing,Travel,-5058.69,-5049.98,-8.71,-0.0017247593059774497,84.90,19
2025-02,Sales,Marketing,-14090.08,-14123.79,33.71,0.002386753130710666,-24.22,20
2025-02,Engineering,Travel,-22905.74,-22955.83,50.09,0.0021820165073534697,213.85,21
2025-02,G&A,Travel,-7114.29,-7210.50,96.21,0.013343041397961306,70.08,22
2025-02,Customer Success,Marketing,-10003.33,-10141.47,138.14,0.01362129947630866,176.54,23
2025-02,G&A,Other OpEx,-32433.91,-32609.92,176.01,0.005397437344219182,41.41,24
2025-02,Customer Success,Facilities,-38074.55,-38263.31,188.76,0.004933185341257722,297.00,25
2025-02,Marketing,Other OpEx,-22854.72,-23111.61,256.89,0.011115192753771805,638.54,26
2025-02,Customer Success,Other OpEx,-47923.97,-48469.61,545.64,0.011257363118869742,-427.43,27
2025-02,G&A,Software,-67794.34,-68451.82,657.48,0.009605003928310452,1171.95,28
2025-02,Customer Success,Software,-95243.98,-95922.62,678.64,0.0070748693061136155,-780.22,29
2025-02,Sales,Other OpEx,-66572.60,-67404.34,831.74,0.012339561517848851,2631.54,30
2025-02,Sales,Software,-145254.55,-146199.15,944.60,0.006461049876144971,1315.39,31
2025-02,Engineering,Facilities,-82729.29,-83823.31,1094.02,0.013051500829542522,2423.47,32
2025-02,Marketing,Payroll,-425563.71,-430841.04,5277.33,0.01224890275076859,7938.15,33
2025-02,Customer Success,Payroll,-875324.69,-884475.65,9150.96,0.010346197772657731,32766.47,34
2025-02,Sales,Payroll,-1245778.75,-1256836.90,11058.15,0.008798396991686034,10535.63,35
2025-03,Engineering,Software,-269534.96,-226499.96,-43035.00,-0.19000003355408981,-124115.58,1
2025-03,G&A,Payroll,-558378.27,-553954.13,-4424.14,-0.007986473537077881,-4055.37,2
2025-03,Customer Success,Software,-99196.36,-97945.57,-1250.79,-0.01277025596971869,-648.79,3
2025-03,Sales,Professional Services,-87732.62,-86743.13,-989.49,-0.011407128149514549,-1279.71,4
2025-03,Sales,Travel,-42420.52,-41802.89,-617.63,-0.014774815808189339,-301.85,5
2025-03,Engineering,Facilities,-88002.00,-87419.36,-582.64,-0.006664885215357331,1128.77,6
2025-03,G&A,Professional Services,-41483.70,-40975.91,-507.79,-0.012392403243759564,-56.64,7
2025-03,Marketing,Software,-50365.34,-49883.33,-482.01,-0.009662747053975747,-925.94,8
2025-03,Customer Success,Travel,-29175.78,-28836.32,-339.46,-0.011771959806244348,-690.12,9
2025-03,G&A,Software,-65941.60,-65609.16,-332.44,-0.005066975404044191,485.21,10
2025-03,Marketing,Facilities,-19364.54,-19094.38,-270.16,-0.014148665733058629,-735.85,11
2025-03,Marketing,Other OpEx,-23238.03,-22993.92,-244.11,-0.010616284652638612,155.91,12
2025-03,Engineering,Travel,-23934.95,-23842.35,-92.60,-0.0038838453424263966,245.50,13
2025-03,Marketing,Travel,-5331.76,-5282.04,-49.72,-0.009413029814238439,17.18,14
2025-03,G&A,Marketing,-6594.95,-6574.35,-20.60,-0.003133389612661328,-114.20,15
2025-03,Sales,Other OpEx,-69394.05,-69386.15,-7.90,-0.00011385557492381405,1715.12,16
2025-03,G&A,Travel,-6751.92,-6745.96,-5.96,-0.000883491749135779,147.53,17
2025-03,Engineering,Marketing,-22741.81,-22750.78,8.97,0.0003942721963818384,-248.53,18
2025-03,Sales,Facilities,-54593.85,-54654.65,60.80,0.0011124396551803002,304.90,19
2025-03,Customer Success,Marketing,-10652.76,-10766.62,113.86,0.010575278035260833,165.84,20
2025-03,Customer Success,Facilities,-39034.36,-39150.13,115.77,0.002957078303443692,181.07,21
2025-03,Customer Success,Professional Services,-59484.14,-59601.49,117.35,0.0019689105087809045,-202.63,22
2025-03,G&A,Facilities,-26500.20,-26617.80,117.60,0.004418096161215427,-327.11,23
2025-03,Sales,Marketing,-15304.41,-15481.47,177.06,0.011436898434063432,261.87,24
2025-03,Marketing,Professional Services,-30812.73,-31053.20,240.47,0.0077438074014916335,-286.84,25
2025-03,Sales,Software,-141974.75,-142279.41,304.66,0.0021412796131218144,2399.28,26
2025-03,G&A,Other OpEx,-31780.19,-32214.16,433.97,0.013471405121226195,841.62,27
2025-03,Marketing,Payroll,-408817.64,-409290.91,473.27,0.0011563169091637047,9870.13,28
2025-03,Engineering,Other OpEx,-104467.35,-104945.16,477.81,0.004552949368984715,809.54,29
2025-03,Customer Success,Other OpEx,-48640.22,-49130.99,490.77,0.009989011009141074,467.35,30
2025-03,Marketing,Marketing,-63799.26,-64559.54,760.28,0.011776416002964085,771.27,31
2025-03,Engineering,Professional Services,-131814.92,-132705.77,890.85,0.006712971108942739,-191.61,32
2025-03,Customer Success,Payroll,-856850.12,-861967.09,5116.97,0.005936386736064367,25748.74,33
2025-03,Engineering,Payroll,-1949863.22,-1957567.43,7704.21,0.003935603893859227,300.92,34
2025-03,Sales,Payroll,-1251806.20,-1266990.41,15184.21,0.011984471137394008,34243.00,35
2025-04,Engineering,Software,-260242.12,-218690.85,-41551.27,-0.19000003886765265,-125097.84,1
2025-04,Sales,Payroll,-1199749.28,-1186480.57,-13268.71,-0.011183250982357004,12973.65,2
2025-04,Engineering,Payroll,-1929716.82,-1922311.61,-7405.21,-0.003852242249111735,-20065.73,3
2025-04,Customer Success,Payroll,-861245.57,-855304.69,-5940.88,-0.0069459223940418246,8327.05,4
2025-04,Sales,Software,-137751.90,-136367.27,-1384.63,-0.010153682771533083,-135.37,5
2025-04,Engineering,Other OpEx,-107111.56,-106407.06,-704.50,-0.006620801288937031,-437.03,6
2025-04,Customer Success,Other OpEx,-48151.54,-47521.50,-630.04,-0.01325799901097398,406.37,7
2025-04,Marketing,Marketing,-60553.52,-60002.98,-550.54,-0.009175210964522094,76.21,8
2025-04,Sales,Travel,-41960.75,-41495.83,-464.92,-0.011204017367528255,-1202.21,9
2025-04,Customer Success,Travel,-30912.45,-30577.24,-335.21,-0.010962729141021229,-1041.15,10
2025-04,Sales,Other OpEx,-67303.43,-67000.75,-302.68,-0.004517561370581673,521.16,11
2025-04,Engineering,Travel,-23770.55,-23471.99,-298.56,-0.012719841819973508,-341.07,12
2025-04,Marketing,Professional Services,-29148.95,-28861.18,-287.77,-0.00997083279339237,-146.01,13
2025-04,G&A,Software,-64309.05,-64065.92,-243.13,-0.0037949974026752443,81.91,14
2025-04,Marketing,Software,-48564.51,-48384.97,-179.54,-0.003710656429052245,-894.32,15
2025-04,Sales,Marketing,-14615.10,-14464.54,-150.56,-0.01040890342866071,60.21,16
2025-04,Marketing,Facilities,-19355.19,-19271.39,-83.80,-0.004348414930111425,-546.80,17
2025-04,G&A,Facilities,-25311.35,-25265.48,-45.87,-0.0018155206233960329,-264.27,18
2025-04,Marketing,Travel,-5106.99,-5068.75,-38.24,-0.007544266337854501,-96.67,19
2025-04,Customer Success,Software,-102251.33,-102250.46,-0.87,-8.50851917927802e-06,-573.02,20
2025-04,G&A,Marketing,-6836.67,-6867.14,30.47,0.004437072784303217,-52.33,21
2025-04,Marketing,Payroll,-407223.31,-407265.13,41.82,0.00010268495120119909,5792.42,22
2025-04,G&A,Travel,-7288.79,-7363.58,74.79,0.010156744409648569,165.04,23
2025-04,Engineering,Marketing,-23881.95,-23987.32,105.37,0.004392737496310551,-90.28,24
2025-04,Customer Success,Marketing,-10544.18,-10662.01,117.83,0.011051387121190094,369.83,25
2025-04,Sales,Professional Services,-84949.37,-85184.72,235.35,0.002762819435222655,-1835.56,26
2025-04,Marketing,Other OpEx,-22303.74,-22542.22,238.48,0.010579259717986959,251.26,27
2025-04,G&A,Other OpEx,-31979.35,-32245.08,265.73,0.008240947146045226,875.71,28
2025-04,Sales,Facilities,-53200.58,-53525.33,324.75,0.006067220884018837,53.31,29
2025-04,Engineering,Professional Services,-132323.34,-132732.56,409.22,0.00308304156870025,61.17,30
2025-04,G&A,Professional Services,-39025.02,-39445.89,420.87,0.010669552645408685,-106.42,31
2025-04,Customer Success,Professional Services,-61132.90,-61555.70,422.80,0.006868575940164762,-30.24,32
2025-04,Customer Success,Facilities,-37974.87,-38424.94,450.07,0.011712965589536379,754.60,33
2025-04,Engineering,Facilities,-83066.88,-84309.39,1242.51,0.01473750432780975,1753.89,34
2025-04,G&A,Payroll,-585752.72,-594257.66,8504.94,0.014311872732107484,975.03,35
2025-05,Engineering,Software,-264681.70,-222421.60,-42260.10,-0.1899999820161351,-126846.37,1
2025-05,Engineering,Payroll,-1932316.76,-1910322.55,-21994.21,-0.011513348884459328,-21695.21,2
2025-05,Customer Success,Payroll,-842040.11,-835571.89,-6468.22,-0.007741069412950213,-7292.13,3
2025-05,G&A,Payroll,-573685.17,-569552.24,-4132.93,-0.007256454649357538,-52.13,4
2025-05,Engineering,Professional Services,-130241.67,-128821.42,-1420.25,-0.011024952216797486,-120.18,5
2025-05,Engineering,Other OpEx,-104945.66,-103877.14,-1068.52,-0.010286382547690473,-1295.21,6
2025-05,Customer Success,Professional Services,-62955.42,-62191.04,-764.38,-0.012290838037119172,-224.23,7
2025-05,Sales,Facilities,-57034.98,-56333.60,-701.38,-0.012450473607225529,-315.83,8
2025-05,Engineering,Facilities,-87562.34,-87007.44,-554.90,-0.006377615523454086,104.97,9
2025-05,Sales,Travel,-44252.67,-43739.93,-512.74,-0.01172246960614706,-1595.29,10
2025-05,Sales,Other OpEx,-70099.48,-69628.78,-470.70,-0.00676013567952792,-781.28,11
2025-05,Sales,Professional Services,-89545.42,-89093.60,-451.82,-0.005071295805759336,-1205.96,12
2025-05,Customer Success,Facilities,-38860.94,-38438.65,-422.29,-0.010986077814907652,143.55,13
2025-05,G&A,Professional Services,-41782.73,-41520.34,-262.39,-0.006319553259920319,-349.31,14
2025-05,Engineering,Travel,-23412.98,-23170.63,-242.35,-0.010459361700566622,-633.51,15
2025-05,Marketing,Other OpEx,-23836.92,-23659.08,-177.84,-0.007516775800242443,-183.47,16
2025-05,G&A,Other OpEx,-30864.09,-30718.10,-145.99,-0.004752572587497274,553.71,17
2025-05,G&A,Facilities,-26019.43,-25918.95,-100.48,-0.0038767002521321275,-28.75,18
2025-05,Marketing,Software,-49910.84,-49832.63,-78.21,-0.00156945358894363,-739.76,19
2025-05,Marketing,Professional Services,-31486.36,-31413.41,-72.95,-0.0023222566413515756,-120.25,20
2025-05,Engineering,Marketing,-23567.52,-23506.09,-61.43,-0.0026133653023535605,52.91,21
2025-05,Marketing,Travel,-5342.75,-5311.14,-31.61,-0.005951641267223232,-119.57,22
2025-05,Customer Success,Marketing,-10179.43,-10154.69,-24.74,-0.002436312679165981,206.95,23
2025-05,G&A,Marketing,-7071.08,-7091.08,20.00,0.002820444840560253,29.87,24
2025-05,G&A,Travel,-7298.44,-7375.42,76.98,0.010437371702221705,145.81,25
2025-05,Marketing,Facilities,-19531.79,-19703.60,171.81,0.00871972634442437,-182.15,26
2025-05,Sales,Marketing,-14447.85,-14661.64,213.79,0.014581588417121141,240.29,27
2025-05,Customer Success,Travel,-30137.35,-30382.57,245.22,0.008071074961729702,-429.45,28
2025-05,Customer Success,Other OpEx,-49825.66,-50408.57,582.91,0.011563708313883928,443.64,29
2025-05,G&A,Software,-68186.13,-68887.78,701.65,0.010185405887662514,126.08,30
2025-05,Customer Success,Software,-100503.43,-101206.29,702.86,0.006944825267283289,-548.80,31
2025-05,Marketing,Marketing,-66215.86,-67014.28,798.42,0.011914177097776773,1008.16,32
2025-05,Marketing,Payroll,-446339.99,-447383.63,1043.64,0.0023327630472308523,1558.73,33
2025-05,Sales,Software,-141638.58,-142941.67,1303.09,0.00911623601431269,223.12,34
2025-05,Sales,Payroll,-1214306.39,-1224908.64,10602.25,0.00865554348608399,12517.75,35
2025-06,Engineering,Software,-257225.56,-216155.93,-41069.63,-0.19000001526675672,-124881.00,1
2025-06,Engineering,Payroll,-1941593.65,-1914455.75,-27137.90,-0.01417525581356477,-56537.32,2
2025-06,Sales,Payroll,-1186217.24,-1175478.70,-10738.54,-0.00913546115297538,-13405.00,3
2025-06,Sales,Software,-141733.66,-140899.37,-834.29,-0.005921176226692851,-915.83,4
2025-06,Sales,Professional Services,-84410.65,-83647.12,-763.53,-0.009127989104705577,-980.00,5
2025-06,Customer Success,Other OpEx,-48144.34,-47674.36,-469.98,-0.009858129191456372,-517.11,6
2025-06,Marketing,Payroll,-428201.94,-427790.68,-411.26,-0.0009613580174303938,674.20,7
2025-06,G&A,Facilities,-26631.02,-26262.24,-368.78,-0.01404221422087377,-515.13,8
2025-06,Customer Success,Travel,-30307.65,-30012.46,-295.19,-0.009835581621766426,-385.18,9
2025-06,Engineering,Marketing,-22905.00,-22639.13,-265.87,-0.01174382584489775,-221.93,10
2025-06,Sales,Marketing,-14835.57,-14694.04,-141.53,-0.009631796292918762,-78.30,11
2025-06,Sales,Other OpEx,-68945.02,-68805.93,-139.09,-0.002021482741385808,-912.47,12
2025-06,G&A,Marketing,-7040.42,-6951.20,-89.22,-0.012835193923351364,-38.75,13
2025-06,Customer Success,Marketing,-10674.64,-10613.63,-61.01,-0.005748268971124865,32.08,14
2025-06,G&A,Software,-66483.79,-66425.73,-58.06,-0.0008740588925405864,400.46,15
2025-06,G&A,Travel,-7053.19,-7013.48,-39.71,-0.005661953837467278,112.06,16
2025-06,Marketing,Travel,-5276.25,-5237.92,-38.33,-0.007317790267892598,-108.18,17
2025-06,Marketing,Software,-48004.72,-47982.59,-22.13,-0.0004612089509966011,-279.88,18
2025-06,Sales,Facilities,-53384.76,-53435.11,50.35,0.0009422643651337108,-326.28,19
2025-06,Customer Success,Professional Services,-63294.55,-63377.23,82.68,0.0013045694802376185,-258.90,20
2025-06,Marketing,Professional Services,-29004.86,-29120.59,115.73,0.003974163985001678,-244.99,21
2025-06,Engineering,Travel,-23349.83,-23479.64,129.81,0.005528619689228626,-411.10,22
2025-06,Marketing,Facilities,-19625.96,-19781.24,155.28,0.007849861788239767,243.29,23
2025-06,Marketing,Other OpEx,-24017.50,-24190.21,172.71,0.007139665178599112,233.35,24
2025-06,Engineering,Facilities,-89558.83,-89744.32,185.49,0.00206687175299785,873.10,25
2025-06,Sales,Travel,-42045.43,-42292.11,246.68,0.005832766442724187,-730.98,26
2025-06,Engineering,Professional Services,-132918.43,-133299.22,380.79,0.0028566558754057228,-630.24,27
2025-06,G&A,Other OpEx,-30448.64,-30868.36,419.72,0.013597094241482217,539.46,28
2025-06,Engineering,Other OpEx,-103003.70,-103466.28,462.58,0.004470828563663446,-1310.44,29
2025-06,Customer Success,Facilities,-38054.73,-38578.66,523.93,0.013580824217326364,551.71,30
2025-06,G&A,Professional Services,-40707.84,-41309.32,601.48,0.014560394603445421,759.96,31
2025-06,Marketing,Marketing,-64561.97,-65165.37,603.40,0.0092595192814834,851.28,32
2025-06,Customer Success,Software,-99962.31,-100644.60,682.29,0.006779201268622459,1384.28,33
2025-06,G&A,Payroll,-554833.47,-559832.13,4998.66,0.008928855155205187,9370.67,34
2025-06,Customer Success,Payroll,-879934.73,-890297.72,10362.99,0.011639915240937604,-2046.11,35
2025-07,Engineering,Software,-264141.99,-221968.06,-42173.93,-0.18999999369278625,-125503.66,1
2025-07,Sales,Payroll,-1290633.77,-1279793.71,-10840.06,-0.008470161960711622,-10976.35,2
2025-07,Sales,Software,-139541.97,-138047.85,-1494.12,-0.010823203693501926,-1025.32,3
2025-07,Customer Success,Professional Services,-62789.72,-61878.57,-911.15,-0.014724806988913932,-1592.85,4
2025-07,Customer Success,Other OpEx,-48017.90,-47417.74,-600.16,-0.012656866396416194,-487.23,5
2025-07,Sales,Travel,-43203.87,-42678.99,-524.88,-0.012298322898456594,-790.94,6
2025-07,Engineering,Facilities,-85157.13,-84670.83,-486.30,-0.005743418364978824,-855.71,7
2025-07,Marketing,Marketing,-64957.58,-64605.22,-352.36,-0.005454048449954973,1049.46,8
2025-07,G&A,Facilities,-26128.06,-25799.22,-328.84,-0.012746121781976353,-798.10,9
2025-07,G&A,Payroll,-557084.40,-556827.28,-257.12,-0.0004617589856588923,608.61,10
2025-07,Customer Success,Travel,-30050.30,-29892.31,-157.99,-0.005285305819456576,-207.96,11
2025-07,Customer Success,Facilities,-37754.67,-37612.62,-142.05,-0.0037766579408719733,-40.41,12
2025-07,Marketing,Facilities,-19199.20,-19082.70,-116.50,-0.006105006105006105,210.59,13
2025-07,Customer Success,Marketing,-10808.77,-10790.71,-18.06,-0.0016736618813775923,-103.81,14
2025-07,Customer Success,Software,-103676.36,-103658.62,-17.74,-0.0001711386858131046,1367.41,15
2025-07,Sales,Other OpEx,-67709.82,-67713.66,3.84,5.6709384782922676e-05,-605.95,16
2025-07,Engineering,Professional Services,-129863.78,-129872.72,8.94,6.883662712230866e-05,-1030.52,17
2025-07,Engineering,Travel,-23180.93,-23191.41,10.48,0.00045189145463773013,-102.06,18
2025-07,Marketing,Software,-48039.53,-48062.85,23.32,0.0004851980271665122,-77.02,19
2025-07,G&A,Travel,-6781.96,-6826.50,44.54,0.006524573353841647,81.81,20
2025-07,Sales,Marketing,-15310.21,-15364.16,53.95,0.0035114187824130966,126.21,21
2025-07,G&A,Marketing,-7071.29,-7137.81,66.52,0.009319385077495758,-2.70,22
2025-07,Marketing,Travel,-5252.46,-5320.82,68.36,0.012847643784228747,-1.58,23
2025-07,Engineering,Marketing,-22555.43,-22627.91,72.48,0.0032031239296956724,-254.82,24
2025-07,Marketing,Professional Services,-29461.70,-29594.17,132.47,0.004476219471605388,175.25,25
2025-07,G&A,Professional Services,-40921.54,-41165.34,243.80,0.005922458067879435,582.89,26
2025-07,Sales,Facilities,-55038.46,-55282.81,244.35,0.004419999634606128,-406.68,27
2025-07,Marketing,Other OpEx,-24704.35,-25049.52,345.17,0.013779505555395873,340.04,28
2025-07,G&A,Other OpEx,-31098.02,-31453.07,355.05,0.011288246266580655,628.78,29
2025-07,Customer Success,Payroll,-886522.52,-887039.56,517.04,0.0005828826845107111,4411.81,30
2025-07,G&A,Software,-66525.66,-67245.93,720.27,0.010710982805948257,1363.86,31
2025-07,Sales,Professional Services,-85683.73,-86895.47,1211.74,0.013944800574759535,-3.61,32
2025-07,Engineering,Other OpEx,-106780.43,-108149.57,1369.14,0.012659689724147771,763.20,33
2025-07,Engineering,Payroll,-1906815.24,-1909112.55,2297.31,0.0012033392164333108,-46834.80,34
2025-07,Marketing,Payroll,-423802.73,-428392.24,4589.51,0.01071333598386376,5221.89,35
2025-08,Engineering,Software,-270074.26,-226953.16,-43121.10,-0.18999999823752178,-126364.66,1
2025-08,Marketing,Payroll,-427594.22,-421732.75,-5861.47,-0.01389854119700213,-1683.22,2
2025-08,Sales,Software,-146326.33,-145574.75,-751.58,-0.005162845891887158,-3079.99,3
2025-08,Sales,Travel,-44932.39,-44315.78,-616.61,-0.013914005349787368,-894.81,4
2025-08,Engineering,Other OpEx,-104071.11,-103475.31,-595.80,-0.005757895289224066,1235.92,5
2025-08,G&A,Software,-66770.24,-66470.30,-299.94,-0.004512391248422227,362.27,6
2025-08,G&A,Facilities,-25511.21,-25219.49,-291.72,-0.01156724422262306,-989.34,7
2025-08,Marketing,Professional Services,-29734.67,-29562.68,-171.99,-0.005817808128356428,76.21,8
2025-08,Customer Success,Marketing,-10713.62,-10554.18,-159.44,-0.015106810761233937,-238.51,9
2025-08,Marketing,Other OpEx,-23400.43,-23258.50,-141.93,-0.00610228518606101,375.95,10
2025-08,Engineering,Travel,-24241.39,-24129.17,-112.22,-0.004650802327639119,28.07,11
2025-08,G&A,Marketing,-6831.03,-6738.69,-92.34,-0.01370296007087431,-115.04,12
2025-08,Marketing,Travel,-5512.57,-5437.53,-75.04,-0.01380038363006733,-45.01,13
2025-08,G&A,Travel,-6738.19,-6663.83,-74.36,-0.011158748047294123,-69.53,14
2025-08,G&A,Professional Services,-38469.87,-38414.79,-55.08,-0.0014338227542048257,790.20,15
2025-08,Marketing,Facilities,-20182.55,-20243.06,60.51,0.0029891725855675966,99.29,16
2025-08,Customer Success,Software,-101929.29,-102045.71,116.42,0.0011408612865744185,780.97,17
2025-08,Engineering,Marketing,-22889.32,-23014.98,125.66,0.005459922189808551,-67.73,18
2025-08,Marketing,Software,-50932.87,-51062.24,129.37,0.002533574711959366,130.56,19
2025-08,G&A,Other OpEx,-30781.40,-30944.79,163.39,0.005280048757803817,938.16,20
2025-08,Sales,Marketing,-14353.26,-14530.51,177.25,0.01219847066620511,89.67,21
2025-08,Customer Success,Facilities,-38796.66,-39033.78,237.12,0.0060747383420206805,619.00,22
2025-08,Engineering,Facilities,-86724.58,-86987.12,262.54,0.0030181479740908775,-38.27,23
2025-08,Customer Success,Other OpEx,-46732.34,-47008.25,275.91,0.005869395265724634,-794.23,24
2025-08,Customer Success,Travel,-30452.06,-30762.37,310.31,0.010087324221118204,-142.87,25
2025-08,Marketing,Marketing,-64041.76,-64447.49,405.73,0.006295512827574822,656.77,26
2025-08,Engineering,Professional Services,-133060.75,-133507.09,446.34,0.0033431932341570774,836.07,27
2025-08,Sales,Facilities,-56139.47,-56605.86,466.39,0.008239252967802273,761.09,28
2025-08,Customer Success,Professional Services,-63840.75,-64504.95,664.20,0.010296884192608475,-164.27,29
2025-08,Sales,Other OpEx,-66131.16,-66942.78,811.62,0.012124085674362493,676.37,30
2025-08,Sales,Professional Services,-87348.16,-88466.32,1118.16,0.012639386378906685,1566.37,31
2025-08,G&A,Payroll,-552038.26,-559919.45,7881.19,0.014075578192541802,12622.73,32
2025-08,Sales,Payroll,-1219910.43,-1228748.64,8838.21,0.00719285434977165,-12740.39,33
2025-08,Customer Success,Payroll,-883168.56,-895943.29,12774.73,0.014258413610084628,23654.76,34
2025-08,Engineering,Payroll,-1870081.36,-1889130.49,19049.13,0.010083543778915982,-5791.46,35
2025-09,Engineering,Software,-266337.26,-223812.82,-42524.44,-0.19000001876568107,-127819.47,1
2025-09,Sales,Payroll,-1255908.72,-1238784.14,-17124.58,-0.013823699744815916,-19126.43,2
2025-09,Sales,Professional Services,-89357.84,-88738.19,-619.65,-0.006982901048578971,1710.25,3
2025-09,Engineering,Other OpEx,-105192.73,-104724.84,-467.89,-0.00446780343612843,305.45,4
2025-09,Sales,Travel,-42542.44,-42144.68,-397.76,-0.00943796464939347,-1539.25,5
2025-09,Customer Success,Facilities,-38311.64,-38090.00,-221.64,-0.005818850091887634,-126.57,6
2025-09,Engineering,Travel,-22487.83,-22349.35,-138.48,-0.006196153355690434,-240.22,7
2025-09,Sales,Other OpEx,-70652.25,-70518.11,-134.14,-0.001902206397760802,681.32,8
2025-09,Customer Success,Marketing,-10962.95,-10841.50,-121.45,-0.011202324401604943,-298.95,9
2025-09,Marketing,Software,-49007.08,-48895.77,-111.31,-0.0022764750406834787,41.38,10
2025-09,Marketing,Other OpEx,-22886.46,-22786.56,-99.90,-0.004384163296258847,103.34,11
2025-09,Engineering,Marketing,-23099.58,-23013.04,-86.54,-0.0037604766688799046,111.60,12
2025-09,Engineering,Facilities,-84615.69,-84538.46,-77.23,-0.0009135486972438343,-300.99,13
2025-09,Engineering,Professional Services,-132921.63,-132865.73,-55.90,-0.00042072549482850087,399.38,14
2025-09,Customer Success,Other OpEx,-47028.77,-47037.26,8.49,0.00018049520741641838,-315.76,15
2025-09,Customer Success,Software,-99081.11,-99105.30,24.19,0.00024408381791892058,122.87,16
2025-09,G&A,Facilities,-27091.93,-27143.18,51.25,0.0018881354358627103,-569.31,17
2025-09,G&A,Travel,-7004.39,-7076.95,72.56,0.010253004472265596,42.74,18
2025-09,Marketing,Travel,-5422.02,-5497.04,75.02,0.013647344752812422,68.34,19
2025-09,G&A,Marketing,-7246.68,-7342.03,95.35,0.012986871478324115,69.53,20
2025-09,Sales,Marketing,-15033.91,-15169.10,135.19,0.008912196504736602,366.39,21
2025-09,Customer Success,Travel,-31372.03,-31573.26,201.23,0.006373431188290345,353.55,22
2025-09,Marketing,Facilities,-19690.24,-19902.26,212.02,0.010653061511607225,156.03,23
2025-09,G&A,Other OpEx,-32034.46,-32385.93,351.47,0.010852552327507656,869.91,24
2025-09,Marketing,Professional Services,-29991.43,-30346.40,354.97,0.01169726886879498,315.45,25
2025-09,Marketing,Marketing,-63861.86,-64262.71,400.85,0.006237676562348523,454.22,26
2025-09,G&A,Professional Services,-41835.34,-42381.40,546.06,0.012884425715054243,734.78,27
2025-09,G&A,Software,-69703.74,-70297.68,593.94,0.008448927475273723,1014.27,28
2025-09,Sales,Software,-149662.04,-150272.47,610.43,0.004062154564971215,-1635.27,29
2025-09,Sales,Facilities,-55780.74,-56465.03,684.29,0.01211882823758351,1395.03,30
2025-09,Customer Success,Professional Services,-64005.64,-64819.77,814.13,0.01255990263464372,567.18,31
2025-09,Marketing,Payroll,-439288.99,-440554.12,1265.13,0.00287167896647976,-6.83,32
2025-09,Engineering,Payroll,-1941418.15,-1944544.71,3126.56,0.0016078622332113927,24473.00,33
2025-09,Customer Success,Payroll,-858057.03,-862337.00,4279.97,0.004963222035004876,17571.74,34
2025-09,G&A,Payroll,-579651.83,-585198.83,5547.00,0.009478829614201382,13171.07,35
2025-10,Engineering,Software,-256788.64,-215788.78,-40999.86,-0.18999996199987784,-126645.40,1
2025-10,Engineering,Payroll,-1934387.72,-1926112.48,-8275.24,-0.004296343067150471,13900.45,2
2025-10,Sales,Payroll,-1242727.62,-1237784.66,-4942.96,-0.003993392517887563,-13229.33,3
2025-10,Customer Success,Payroll,-867408.37,-863017.09,-4391.28,-0.005088288576069797,12663.42,4
2025-10,Customer Success,Software,-100972.77,-99474.23,-1498.54,-0.015064605174626634,-1357.93,5
2025-10,Marketing,Marketing,-64855.14,-64043.93,-811.21,-0.012666461911378643,-4.63,6
2025-10,Engineering,Facilities,-83573.05,-82834.70,-738.35,-0.008913535028194707,-553.04,7
2025-10,Marketing,Software,-49045.64,-48375.09,-670.55,-0.01386147291922351,-652.49,8
2025-10,Engineering,Other OpEx,-102855.25,-102426.54,-428.71,-0.004185536287762918,-1492.40,9
2025-10,Engineering,Marketing,-23793.69,-23558.02,-235.67,-0.010003811865343522,-196.55,10
2025-10,Sales,Software,-143637.64,-143412.31,-225.33,-0.001571204034019116,-366.48,11
2025-10,G&A,Facilities,-26493.45,-26295.14,-198.31,-0.007541697819444962,-438.78,12
2025-10,Engineering,Travel,-24048.26,-23895.81,-152.45,-0.0063797795513104594,-403.15,13
2025-10,Marketing,Professional Services,-29305.62,-29177.82,-127.80,-0.0043800393586635325,55.18,14
2025-10,Customer Success,Travel,-30956.89,-30850.29,-106.60,-0.00345539701571687,404.94,15
2025-10,G&A,Travel,-7452.06,-7351.11,-100.95,-0.013732619971677748,-102.75,16
2025-10,G&A,Marketing,-7013.35,-6922.98,-90.37,-0.01305362719522518,-87.36,17
2025-10,Customer Success,Marketing,-10813.16,-10758.80,-54.36,-0.005052608097557349,-335.25,18
2025-10,Engineering,Professional Services,-132631.34,-132595.71,-35.63,-0.0002687115593709631,354.81,19
2025-10,Marketing,Travel,-5260.29,-5279.42,19.13,0.0036235040970409626,19.11,20
2025-10,Sales,Other OpEx,-66717.86,-66747.48,29.62,0.0004437620716167862,707.10,21
2025-10,Sales,Travel,-44741.56,-44787.68,46.12,0.0010297474662675093,-968.25,22
2025-10,G&A,Other OpEx,-32447.18,-32587.81,140.63,0.0043154173293633415,655.49,23
2025-10,Customer Success,Professional Services,-59828.04,-59981.50,153.46,0.002558455523786501,1631.79,24
2025-10,Marketing,Other OpEx,-23490.33,-23652.50,162.17,0.006856357678892294,-79.66,25
2025-10,Sales,Marketing,-15444.22,-15614.78,170.56,0.010922984505705492,483.00,26
2025-10,Marketing,Facilities,-18821.66,-19041.00,219.34,0.011519352975158869,491.87,27
2025-10,Customer Success,Facilities,-38722.79,-39115.97,393.18,0.010051648981221736,408.66,28
2025-10,G&A,Professional Services,-40907.81,-41430.50,522.69,0.01261606787270248,1013.67,29
2025-10,G&A,Software,-67144.51,-67728.88,584.37,0.008628077121606027,878.37,30
2025-10,Sales,Facilities,-58040.94,-58741.46,700.52,0.011925478188659253,1851.20,31
2025-10,Customer Success,Other OpEx,-47759.54,-48460.11,700.57,0.014456632475658846,984.97,32
2025-10,Sales,Professional Services,-86138.72,-87088.79,950.07,0.010909211162538832,1448.58,33
2025-10,G&A,Payroll,-607385.98,-612098.68,4712.70,0.007699248755119027,18140.89,34
2025-10,Marketing,Payroll,-434079.67,-440447.45,6367.78,0.014457524955587777,1771.44,35
2025-11,Engineering,Software,-263019.76,-221025.01,-41994.75,-0.18999999140368776,-125519.05,1
2025-11,Marketing,Payroll,-440900.39,-438439.10,-2461.29,-0.005613755707463135,5171.62,2
2025-11,Engineering,Professional Services,-132793.28,-131406.79,-1386.49,-0.010551129055051112,-1478.02,3
2025-11,Engineering,Facilities,-88634.48,-87541.03,-1093.45,-0.012490714354171982,-1909.03,4
2025-11,Customer Success,Professional Services,-61033.19,-60408.44,-624.75,-0.010342097892281276,342.84,5
2025-11,Sales,Facilities,-57227.74,-56837.98,-389.76,-0.006857386557368858,995.05,6
2025-11,Engineering,Marketing,-23813.78,-23499.49,-314.29,-0.013374332804669377,-636.50,7
2025-11,Customer Success,Other OpEx,-48320.36,-48041.68,-278.68,-0.005800796308538752,430.38,8
2025-11,G&A,Software,-69896.01,-69711.96,-184.05,-0.002640149552530154,994.26,9
2025-11,Sales,Travel,-42776.35,-42593.44,-182.91,-0.0042943232572903245,-534.55,10
2025-11,Sales,Other OpEx,-69341.70,-69217.12,-124.58,-0.0017998437380809835,-229.10,11
2025-11,G&A,Professional Services,-41767.78,-41661.83,-105.95,-0.002543095202491105,962.80,12
2025-11,G&A,Travel,-7333.22,-7278.92,-54.30,-0.007459897896940754,-82.69,13
2025-11,Customer Success,Marketing,-10403.58,-10375.25,-28.33,-0.002730536613575576,-204.14,14
2025-11,G&A,Marketing,-7200.07,-7195.87,-4.20,-0.0005836681318589691,0.78,15
2025-11,Customer Success,Facilities,-39158.96,-39157.14,-1.82,-4.647939047642397e-05,169.72,16
2025-11,Marketing,Travel,-5296.54,-5300.87,4.33,0.000816847045862283,98.48,17
2025-11,G&A,Other OpEx,-31588.39,-31602.92,14.53,0.0004597676417242457,506.63,18
2025-11,Marketing,Facilities,-19348.93,-19368.47,19.54,0.0010088561460972394,450.90,19
2025-11,Customer Success,Software,-102775.00,-102852.60,77.60,0.0007544777672124963,-1396.75,20
2025-11,Marketing,Other OpEx,-23879.05,-23990.94,111.89,0.004663843934418576,174.16,21
2025-11,Engineering,Travel,-23444.31,-23567.37,123.06,0.005221626341844678,-167.87,22
2025-11,Sales,Marketing,-15460.39,-15676.72,216.33,0.013799442740573285,522.08,23
2025-11,Marketing,Professional Services,-31302.41,-31603.31,300.90,0.009521154587921327,528.07,24
2025-11,G&A,Facilities,-25786.63,-26092.60,305.97,0.011726313207576096,158.91,25
2025-11,Marketing,Marketing,-62679.69,-63066.47,386.78,0.006132894389046985,-23.58,26
2025-11,Customer Success,Travel,-30978.88,-31371.76,392.88,0.01252336496262881,487.51,27
2025-11,Marketing,Software,-49611.51,-50045.24,433.73,0.008666758317074712,-348.13,28
2025-11,G&A,Payroll,-589532.11,-590489.68,957.57,0.0016216540820831956,11217.27,29
2025-11,Engineering,Other OpEx,-106144.67,-107262.82,1118.15,0.010424394958103843,221.55,30
2025-11,Sales,Professional Services,-88500.04,-89661.17,1161.13,0.01295019906610632,1491.55,31
2025-11,Sales,Software,-147506.56,-149268.55,1761.99,0.011804161023872746,2147.09,32
2025-11,Customer Success,Payroll,-926195.13,-931162.38,4967.25,0.005334461643521294,4855.94,33
2025-11,Sales,Payroll,-1301978.54,-1307238.59,5260.05,0.004023787272069439,-16807.49,34
2025-11,Engineering,Payroll,-1883940.09,-1898394.02,14453.93,0.00761376713565501,9305.25,35
2025-12,Engineering,Software,-266465.69,-223920.75,-42544.94,-0.18999998883533573,-125539.55,1
2025-12,Sales,Payroll,-1217936.54,-1200901.80,-17034.74,-0.014184956671727865,-16717.65,2
2025-12,Engineering,Payroll,-1997030.85,-1987016.58,-10014.27,-0.005039852259310287,-3835.58,3
2025-12,Marketing,Payroll,-424013.91,-420032.37,-3981.54,-0.00947912657303055,-75.05,4
2025-12,G&A,Payroll,-606502.26,-603871.76,-2630.50,-0.004356057319189756,3039.77,5
2025-12,Engineering,Professional Services,-139418.77,-137436.06,-1982.71,-0.014426417637408989,-3404.83,6
2025-12,Customer Success,Software,-98581.51,-97636.82,-944.69,-0.00967555067852476,-2365.63,7
2025-12,Customer Success,Professional Services,-62409.51,-61579.88,-829.63,-0.01347241988779452,-1300.92,8
2025-12,Marketing,Marketing,-63568.05,-62868.28,-699.77,-0.011130732382053398,-1124.20,9
2025-12,Engineering,Facilities,-88030.27,-87607.82,-422.45,-0.004822058122208725,-2254.25,10
2025-12,G&A,Other OpEx,-33281.16,-32884.36,-396.80,-0.012066526458170388,-241.64,11
2025-12,G&A,Professional Services,-41809.31,-41457.09,-352.22,-0.008496013588990449,64.52,12
2025-12,G&A,Software,-67359.00,-67027.53,-331.47,-0.0049452814388356555,68.85,13
2025-12,Marketing,Other OpEx,-23945.61,-23638.13,-307.48,-0.013007797148082357,-33.42,14
2025-12,Marketing,Facilities,-19642.25,-19404.05,-238.20,-0.01227578778657033,0.68,15
2025-12,G&A,Marketing,-6816.65,-6733.42,-83.23,-0.01236073199057834,-177.80,16
2025-12,Sales,Marketing,-14878.47,-14854.40,-24.07,-0.0016203953037483845,362.82,17
2025-12,Marketing,Travel,-5185.29,-5161.95,-23.34,-0.00452154708976259,0.12,18
2025-12,G&A,Travel,-7371.27,-7356.10,-15.17,-0.0020622340642459996,-170.42,19
2025-12,Customer Success,Marketing,-10985.78,-10979.38,-6.40,-0.0005829108747488474,-89.09,20
2025-12,Engineering,Other OpEx,-106523.20,-106620.52,97.32,0.0009127698870723946,786.76,21
2025-12,Engineering,Marketing,-23263.64,-23372.28,108.64,0.004648241421033806,-441.32,22
2025-12,Engineering,Travel,-24148.22,-24292.86,144.64,0.005954012825167559,115.25,23
2025-12,Customer Success,Facilities,-40424.74,-40573.44,148.70,0.0036649591456874245,540.06,24
2025-12,Customer Success,Other OpEx,-47895.48,-48139.20,243.72,0.005062817828297936,665.61,25
2025-12,Marketing,Software,-49961.92,-50282.04,320.12,0.0063664879149692415,83.30,26
2025-12,Sales,Travel,-45397.19,-45725.60,328.41,0.007182191157688473,191.62,27
2025-12,G&A,Facilities,-26380.91,-26717.53,336.62,0.012599218565488651,444.28,28
2025-12,Customer Success,Travel,-30187.42,-30614.08,426.66,0.013936724539819586,712.94,29
2025-12,Marketing,Professional Services,-31330.84,-31785.10,454.26,0.014291602039949537,627.36,30
2025-12,Sales,Facilities,-55571.34,-56067.34,496.00,0.00884650493495857,806.76,31
2025-12,Sales,Professional Services,-85000.78,-85556.00,555.22,0.006489550703632709,2666.42,32
2025-12,Sales,Other OpEx,-70872.51,-71589.66,717.15,0.010017508114998729,622.19,33
2025-12,Sales,Software,-142401.12,-143243.68,842.56,0.005882004706944138,2379.22,34
2025-12,Customer Success,Payroll,-879052.34,-888051.97,8999.63,0.010134125371063587,9575.60,35
