year,customer_id,customer_name,revenue,revenue_rank,revenue_share,cumulative_revenue_share
2024,CUST001,Northstar Systems,7834197.33,1,0.07455830993602558,0.07455830993602558
2024,CUST003,Cobalt Harbor Group,3292710.71,2,0.031336834560669775,0.10589514449669535
2024,CUST002,Aster Ridge Technologies,3288508.53,3,0.03129684227739562,0.13719198677409097
2024,CUST005,Meridian Forge Labs,3286001.35,4,0.03127298136406509,0.16846496813815606
2024,CUST004,Juniper Peak Networks,3271789.64,5,0.03113772805932086,0.19960269619747692
2024,CUST015,Pioneer Advisory 015,1002472.39,6,0.009540562230888856,0.20914325842836579
2024,CUST028,Helix Cloud 028,1001427.45,7,0.009530617503037004,0.21867387593140278
2024,CUST038,Summit Cloud 038,1001414.01,8,0.009530489594121345,0.22820436552552412
2024,CUST009,Evercrest Health Tech,998056.15,9,0.009498532731655924,0.23770289825718005
2024,CUST043,Cedar Digital 043,996752.96,10,0.009486130230182868,0.2471890284873629
2024,CUST016,Quartz Advisory 016,995332.18,11,0.00947260862086812,0.25666163710823103
2024,CUST012,Mosaic Advisory 012,995224.08,12,0.009471579829664045,0.2661332169378951
2024,CUST034,Orchid Cloud 034,995186.79,13,0.009471224939525286,0.2756044418774204
2024,CUST027,Granite Cloud 027,995030.88,14,0.009469741139001444,0.28507418301642184
2024,CUST014,Orchid Advisory 014,994729.67,15,0.009466874513667688,0.2945410575300895
2024,CUST023,Cedar Cloud 023,993930.90,16,0.009459272593685467,0.304000330123775
2024,CUST021,Alto Cloud 021,993882.42,17,0.009458811207953981,0.313459141331729
2024,CUST010,Redwood Signal Partners,993563.54,18,0.009455776416657449,0.32291491774838643
2024,CUST045,Ember Digital 045,993384.98,19,0.009454077055349406,0.33236899480373583
2024,CUST046,Foundry Digital 046,993031.73,20,0.009450715163648765,0.3418197099673846
2024,CUST042,Beacon Digital 042,992995.26,21,0.009450368077476587,0.35127007804486116
2024,CUST018,Summit Advisory 018,992738.26,22,0.009447922200145903,0.36071800024500705
2024,CUST008,Brightpath Logistics,991531.30,23,0.009436435522702154,0.37015443576770923
2024,CUST022,Beacon Cloud 022,991477.56,24,0.009435924077380165,0.3795903598450894
2024,CUST032,Mosaic Cloud 032,990947.98,25,0.009430884047353767,0.38902124389244314
2024,CUST036,Quartz Cloud 036,990898.19,26,0.009430410194309818,0.398451654086753
2024,CUST026,Foundry Cloud 026,990645.40,27,0.009428004383685603,0.4078796584704386
2024,CUST007,Arcfield Commerce,990401.22,28,0.009425680514710478,0.4173053389851491
2024,CUST048,Helix Digital 048,990358.26,29,0.009425271662997926,0.42673061064814705
2024,CUST017,Rivet Advisory 017,990309.70,30,0.009424809515903847,0.4361554201640509
2024,CUST024,Delta Cloud 024,990141.14,31,0.009423205324919956,0.44557862548897087
2024,CUST050,Kinetic Digital 050,990042.46,32,0.009422266184161232,0.45500089167313207
2024,CUST039,Tandem Cloud 039,989767.97,33,0.009419653853933606,0.4644205455270657
2024,CUST019,Tandem Advisory 019,989390.36,34,0.009416060127323335,0.473836605654389
2024,CUST041,Alto Digital 041,988890.80,35,0.00941130579861004,0.48324791145299906
2024,CUST049,Indigo Digital 049,988829.05,36,0.009410718121858406,0.49265862957485745
2024,CUST033,Nova Cloud 033,988766.37,37,0.009410121594266626,0.5020687511691241
2024,CUST031,Lattice Cloud 031,988690.52,38,0.00940939972735794,0.5114781508964821
2024,CUST020,Vertex Advisory 020,988531.32,39,0.009407884615797453,0.5208860355122795
2024,CUST013,Nova Advisory 013,988083.18,40,0.009403619652890945,0.5302896551651705
2024,CUST035,Pioneer Cloud 035,987824.04,41,0.00940115340911089,0.5396908085742813
2024,CUST006,Silverline Data Works,987708.39,42,0.009400052764312081,0.5490908613385934
2024,CUST044,Delta Digital 044,986287.21,43,0.009386527348184367,0.5584773886867778
2024,CUST029,Indigo Cloud 029,985979.09,44,0.009383594960156621,0.5678609836469344
2024,CUST047,Granite Digital 047,985768.82,45,0.009381593813750694,0.5772425774606851
2024,CUST025,Ember Cloud 025,984969.16,46,0.009373983423609624,0.5866165608842947
2024,CUST040,Vertex Cloud 040,984623.68,47,0.00937069547925085,0.5959872563635455
2024,CUST030,Kinetic Cloud 030,984133.17,48,0.009366027279680911,0.6053532836432265
2024,CUST037,Rivet Cloud 037,982822.81,49,0.00935355654108544,0.6147068401843119
2024,CUST011,Lattice Advisory 011,982457.74,50,0.009350082158061653,0.6240569223423735
2024,CUST104,Delta Labs 104,533940.64,51,0.005081530378627808,0.6291384527210013
2024,CUST105,Ember Labs 105,533708.22,52,0.005079318429953886,0.6342177711509552
2024,CUST098,Summit Industries 098,533531.01,53,0.005077631916639604,0.6392954030675948
2024,CUST075,Pioneer Dynamics 075,532974.02,54,0.005072331024754708,0.6443677340923495
2024,CUST065,Ember Dynamics 065,532509.25,55,0.005067907793599134,0.6494356418859486
2024,CUST055,Pioneer Digital 055,532355.76,56,0.005066447024293739,0.6545020889102423
2024,CUST062,Beacon Dynamics 062,531532.87,57,0.005058615553489664,0.6595607044637319
2024,CUST052,Mosaic Digital 052,531384.48,58,0.005057203321049584,0.6646179077847815
2024,CUST103,Cedar Labs 103,530712.63,59,0.005050809302821489,0.669668717087603
2024,CUST106,Foundry Labs 106,530649.79,60,0.005050211252504523,0.6747189283401075
2024,CUST072,Mosaic Dynamics 072,530337.09,61,0.005047235276468316,0.6797661636165758
2024,CUST089,Indigo Industries 089,530144.81,62,0.005045405341475538,0.6848115689580514
2024,CUST067,Granite Dynamics 067,529704.71,63,0.005041216895509645,0.689852785853561
2024,CUST057,Rivet Digital 057,529512.49,64,0.0050393875315388114,0.6948921733851
2024,CUST056,Quartz Digital 056,529482.48,65,0.005039101925396034,0.699931275310496
2024,CUST082,Beacon Industries 082,529454.62,66,0.005038836780872948,0.704970112091369
2024,CUST079,Tandem Dynamics 079,529155.78,67,0.005035992710906016,0.710006104802275
2024,CUST085,Ember Industries 085,529089.25,68,0.005035359542739438,0.7150414643450145
2024,CUST081,Alto Industries 081,529034.29,69,0.005034836486637904,0.7200763008316524
2024,CUST107,Granite Labs 107,528973.06,70,0.005034253758743126,0.7251105545903955
2024,CUST069,Indigo Dynamics 069,528742.34,71,0.00503205798902431,0.7301426125794198
2024,CUST095,Pioneer Industries 095,528608.63,72,0.005030785466620085,0.7351733980460399
2024,CUST060,Vertex Digital 060,528274.93,73,0.005027609632903161,0.740201007678943
2024,CUST066,Foundry Dynamics 066,528124.41,74,0.005026177129184037,0.7452271848081271
2024,CUST086,Foundry Industries 086,528113.38,75,0.005026072156316498,0.7502532569644436
2024,CUST090,Kinetic Industries 090,528018.28,76,0.005025167086533821,0.7552784240509773
2024,CUST058,Summit Digital 058,527877.01,77,0.005023822615364538,0.7603022466663418
2024,CUST068,Helix Dynamics 068,527826.88,78,0.005023345526529568,0.7653255921928714
2024,CUST108,Helix Labs 108,527763.31,79,0.005022740528778939,0.7703483327216504
2024,CUST053,Nova Digital 053,527658.07,80,0.005021738956287571,0.775370071677938
2024,CUST061,Alto Dynamics 061,527645.00,81,0.005021614568673906,0.7803916862466119
2024,CUST064,Delta Dynamics 064,527410.04,82,0.005019378446737651,0.7854110646933495
2024,CUST059,Tandem Digital 059,527337.77,83,0.005018690650805011,0.7904297553441545
2024,CUST076,Quartz Dynamics 076,527307.44,84,0.0050184019992118595,0.7954481573433664
2024,CUST100,Vertex Industries 100,527180.44,85,0.005017193336095139,0.8004653506794616
2024,CUST099,Tandem Industries 099,527134.14,86,0.00501675269749432,0.8054821033769559
2024,CUST092,Mosaic Industries 092,527011.90,87,0.005015589335451896,0.8104976927124078
2024,CUST054,Orchid Digital 054,526959.31,88,0.005015088834717186,0.815512781547125
2024,CUST097,Rivet Industries 097,526874.68,89,0.0050142834082638945,0.820527064955389
2024,CUST110,Kinetic Labs 110,526814.00,90,0.005013705914736945,0.8255407708701259
2024,CUST088,Helix Industries 088,526669.88,91,0.005012334320025278,0.8305531051901511
2024,CUST051,Lattice Digital 051,526105.12,92,0.005006959480798517,0.8355600646709497
2024,CUST102,Beacon Labs 102,525951.70,93,0.00500549937768539,0.840565564048635
2024,CUST078,Summit Dynamics 078,525802.56,94,0.0050040800074710005,0.845569644056106
2024,CUST073,Nova Dynamics 073,525353.56,95,0.0049998068599166135,0.8505694509160227
2024,CUST074,Orchid Dynamics 074,524994.93,96,0.00499639376658158,0.8555658446826042
2024,CUST093,Nova Industries 093,524906.59,97,0.004995553031938028,0.8605613977145422
2024,CUST077,Rivet Dynamics 077,524884.59,98,0.004995343657224895,0.8655567413717671
2024,CUST109,Indigo Labs 109,524502.99,99,0.004991711957655288,0.8705484533294223
2024,CUST094,Orchid Industries 094,524426.15,100,0.00499098066888451,0.8755394339983068
2024,CUST101,Alto Labs 101,524159.64,101,0.004988444284575557,0.8805278782828824
2024,CUST084,Delta Industries 084,523753.00,102,0.0049845742785142744,0.8855124525613967
2024,CUST096,Quartz Industries 096,523178.56,103,0.0049791073144137355,0.8904915598758104
2024,CUST091,Lattice Industries 091,522869.02,104,0.004976161412199961,0.8954677212880103
2024,CUST083,Cedar Industries 083,522465.62,105,0.004972322241323703,0.900440043529334
2024,CUST087,Granite Industries 087,521745.62,106,0.004965469977984819,0.9054055135073189
2024,CUST063,Cedar Dynamics 063,521057.56,107,0.0049589216886612745,0.9103644351959802
2024,CUST070,Kinetic Dynamics 070,520783.70,108,0.004956315354164071,0.9153207505501443
2024,CUST080,Vertex Dynamics 080,520724.38,109,0.004955750803801206,0.9202765013539455
2024,CUST071,Lattice Dynamics 071,519879.95,110,0.004947714336118909,0.9252242156900644
2024,CUST140,Vertex Networks 140,233440.15,111,0.0022216574745395523,0.9274458731646039
2024,CUST130,Kinetic Networks 130,233160.06,112,0.002218991848930402,0.9296648650135344
2024,CUST125,Ember Networks 125,233120.99,113,0.0022186200184739434,0.9318834850320084
2024,CUST115,Pioneer Labs 115,232694.15,114,0.0022145577683578754,0.9340980428003662
2024,CUST124,Delta Networks 124,232688.70,115,0.0022145059005312133,0.9363125487008974
2024,CUST126,Foundry Networks 126,232522.04,116,0.0022129197919089102,0.9385254684928064
2024,CUST123,Cedar Networks 123,232464.37,117,0.00221237094464953,0.9407378394374559
2024,CUST114,Orchid Labs 114,232318.54,118,0.002210983075812434,0.9429488225132684
2024,CUST127,Granite Networks 127,232293.00,119,0.002210740010804552,0.945159562524073
2024,CUST129,Indigo Networks 129,232210.94,120,0.0022099590431245673,0.9473695215671976
2024,CUST132,Mosaic Networks 132,231655.93,121,0.002204676994963854,0.9495741985621614
2024,CUST122,Beacon Networks 122,231597.92,122,0.002204124911913453,0.9517783234740749
2024,CUST137,Rivet Networks 137,231553.52,123,0.0022037023556742215,0.9539820258297491
2024,CUST131,Lattice Networks 131,231455.89,124,0.002202773207799534,0.9561847990375486
2024,CUST119,Tandem Labs 119,231081.42,125,0.0021992093646710457,0.9583840084022196
2024,CUST143,Cedar Operations 143,231008.29,126,0.002198513384090528,0.9605825217863101
2024,CUST144,Delta Operations 144,230886.12,127,0.0021973506882403734,0.9627798724745504
2024,CUST139,Tandem Networks 139,230863.23,128,0.0021971328433683913,0.9649770053179189
2024,CUST138,Summit Networks 138,230848.51,129,0.002196992752651241,0.9671739980705701
2024,CUST118,Summit Labs 118,230744.31,130,0.0021960010778735856,0.9693699991484437
2024,CUST116,Quartz Labs 116,230700.27,131,0.002195581947766024,0.9715655810962097
2024,CUST112,Mosaic Labs 112,230657.88,132,0.0021951785207619473,0.9737607596169716
2024,CUST121,Alto Networks 121,230526.70,133,0.0021939300764497326,0.9759546896934214
2024,CUST117,Rivet Labs 117,230471.02,134,0.0021934001680848584,0.9781480898615063
2024,CUST134,Orchid Networks 134,230437.94,135,0.0021930853446525665,0.9803411752061588
2024,CUST141,Alto Operations 141,230300.47,136,0.002191777038206461,0.9825329522443653
2024,CUST133,Nova Networks 133,230183.16,137,0.0021906605951338433,0.9847236128394992
2024,CUST128,Helix Networks 128,229923.85,138,0.0021881927334582796,0.9869118055729574
2024,CUST120,Vertex Labs 120,229886.09,139,0.0021878333703142846,0.9890996389432717
2024,CUST136,Quartz Networks 136,229650.55,140,0.002185591728499228,0.9912852306717709
2024,CUST142,Beacon Operations 142,229531.72,141,0.0021844608195373404,0.9934696914913083
2024,CUST135,Pioneer Networks 135,229299.82,142,0.0021822538197202746,0.9956519453110285
2024,CUST113,Nova Labs 113,228603.79,143,0.0021756296796483815,0.9978275749906769
2024,CUST111,Lattice Labs 111,228267.06,144,0.0021724250093232396,1.0000000000000002
2025,CUST001,Northstar Systems,10625951.72,1,0.087258413922929,0.087258413922929
2025,CUST005,Meridian Forge Labs,3811286.73,2,0.031297604565561354,0.11855601848849036
2025,CUST003,Cobalt Harbor Group,3768300.53,3,0.030944609583896426,0.1495006280723868
2025,CUST004,Juniper Peak Networks,3761951.91,4,0.030892475852594345,0.18039310392498115
2025,CUST002,Aster Ridge Technologies,3745390.85,5,0.03075647939161264,0.21114958331659378
2025,CUST048,Helix Digital 048,1142767.51,6,0.009384202284447694,0.22053378560104148
2025,CUST029,Indigo Cloud 029,1142335.12,7,0.009380651575147453,0.22991443717618892
2025,CUST009,Evercrest Health Tech,1138754.41,8,0.00935124742542504,0.23926568460161396
2025,CUST049,Indigo Digital 049,1138534.38,9,0.009349440578441224,0.24861512518005519
2025,CUST028,Helix Cloud 028,1137673.31,10,0.009342369625696805,0.257957494805752
2025,CUST046,Foundry Digital 046,1137157.99,11,0.00933813791007757,0.26729563271582957
2025,CUST039,Tandem Cloud 039,1136884.58,12,0.009335892716086544,0.2766315254319161
2025,CUST030,Kinetic Cloud 030,1136813.82,13,0.009335311647629631,0.28596683707954573
2025,CUST016,Quartz Advisory 016,1136670.58,14,0.00933413538638361,0.29530097246592935
2025,CUST034,Orchid Cloud 034,1136261.00,15,0.009330771988721329,0.3046317444546507
2025,CUST027,Granite Cloud 027,1136157.65,16,0.009329923297016663,0.31396166775166734
2025,CUST022,Beacon Cloud 022,1135895.19,17,0.009327768022466045,0.3232894357741334
2025,CUST032,Mosaic Cloud 032,1135614.21,18,0.009325460664989734,0.3326148964391231
2025,CUST038,Summit Cloud 038,1134279.95,19,0.009314503960646568,0.3419294003997697
2025,CUST050,Kinetic Digital 050,1134250.47,20,0.009314261876162256,0.35124366227593196
2025,CUST014,Orchid Advisory 014,1134164.97,21,0.009313559765463187,0.3605572220413951
2025,CUST045,Ember Digital 045,1134038.79,22,0.00931252359788414,0.36986974563927927
2025,CUST037,Rivet Cloud 037,1133426.17,23,0.009307492872077541,0.3791772385113568
2025,CUST007,Arcfield Commerce,1133005.24,24,0.009304036270246436,0.38848127478160327
2025,CUST010,Redwood Signal Partners,1132696.98,25,0.009301504894292106,0.39778277967589537
2025,CUST033,Nova Cloud 033,1132521.77,26,0.009300066101127382,0.40708284577702275
2025,CUST006,Silverline Data Works,1132103.23,27,0.009296629125548567,0.4163794749025713
2025,CUST019,Tandem Advisory 019,1131948.32,28,0.00929535703235099,0.42567483193492234
2025,CUST036,Quartz Cloud 036,1131278.18,29,0.00928985396259807,0.4349646858975204
2025,CUST018,Summit Advisory 018,1131193.11,30,0.00928915538298205,0.44425384128050244
2025,CUST040,Vertex Cloud 040,1130973.82,31,0.009287354612745803,0.45354119589324826
2025,CUST013,Nova Advisory 013,1130573.30,32,0.009284065614182161,0.46282526150743036
2025,CUST024,Delta Cloud 024,1130341.19,33,0.009282159568400158,0.47210742107583054
2025,CUST011,Lattice Advisory 011,1129309.58,34,0.00927368817169528,0.4813811092475258
2025,CUST035,Pioneer Cloud 035,1129003.95,35,0.009271178392830287,0.49065228764035607
2025,CUST012,Mosaic Advisory 012,1128696.30,36,0.009268652026086793,0.49992093966644285
2025,CUST042,Beacon Digital 042,1128430.85,37,0.009266472198191262,0.5091874118646341
2025,CUST023,Cedar Cloud 023,1128013.25,38,0.009263042941724225,0.5184504548063583
2025,CUST031,Lattice Cloud 031,1127594.70,39,0.0092596058840272,0.5277100606903855
2025,CUST041,Alto Digital 041,1127533.60,40,0.00925910414176155,0.5369691648321471
2025,CUST021,Alto Cloud 021,1127224.97,41,0.009256569727433434,0.5462257345595805
2025,CUST043,Cedar Digital 043,1127004.40,42,0.009254758446066253,0.5554804930056467
2025,CUST025,Ember Cloud 025,1126336.59,43,0.009249274509856364,0.5647297675155031
2025,CUST015,Pioneer Advisory 015,1126305.70,44,0.009249020846704382,0.5739787883622075
2025,CUST017,Rivet Advisory 017,1124297.24,45,0.009232527732614867,0.5832113160948224
2025,CUST020,Vertex Advisory 020,1124201.20,46,0.009231739069322016,0.5924430551641444
2025,CUST026,Foundry Cloud 026,1123932.05,47,0.009229528857688631,0.6016725840218331
2025,CUST044,Delta Digital 044,1121026.81,48,0.009205671546725294,0.6108782555685583
2025,CUST008,Brightpath Logistics,1120668.03,49,0.009202725309571932,0.6200809808781302
2025,CUST047,Granite Digital 047,1119390.97,50,0.009192238321392354,0.6292732191995226
2025,CUST096,Quartz Industries 096,613144.12,51,0.00503502978624206,0.6343082489857647
2025,CUST097,Rivet Industries 097,610121.60,52,0.0050102093929069455,0.6393184583786716
2025,CUST054,Orchid Digital 054,609825.15,53,0.005007774998559119,0.6443262333772307
2025,CUST109,Indigo Labs 109,609346.21,54,0.005003842028989382,0.6493300754062201
2025,CUST081,Alto Industries 081,608688.15,55,0.004998438158034648,0.6543285135642548
2025,CUST070,Kinetic Dynamics 070,607530.21,56,0.004988929361977562,0.6593174429262324
2025,CUST056,Quartz Digital 056,606954.22,57,0.0049841994351757235,0.6643016423614081
2025,CUST088,Helix Industries 088,606753.37,58,0.004982550090919488,0.6692841924523276
2025,CUST107,Granite Labs 107,606549.53,59,0.004980876193318337,0.674265068645646
2025,CUST077,Rivet Dynamics 077,606541.33,60,0.0049808088563857945,0.6792458775020317
2025,CUST080,Vertex Dynamics 080,605771.13,61,0.004974484111819439,0.6842203616138511
2025,CUST094,Orchid Industries 094,605536.49,62,0.004972557290130202,0.6891929189039814
2025,CUST089,Indigo Industries 089,605134.74,63,0.004969258191026678,0.694162177095008
2025,CUST065,Ember Dynamics 065,605035.49,64,0.0049684431677882845,0.6991306202627963
2025,CUST091,Lattice Industries 091,605010.55,65,0.004968238364971503,0.7040988586277678
2025,CUST082,Beacon Industries 082,604947.27,66,0.004967718720935981,0.7090665773487037
2025,CUST102,Beacon Labs 102,604833.55,67,0.0049667848726471136,0.7140333622213508
2025,CUST075,Pioneer Dynamics 075,604554.50,68,0.0049644933639854125,0.7189978555853362
2025,CUST101,Alto Labs 101,604515.20,69,0.004964170639418472,0.7239620262247547
2025,CUST069,Indigo Dynamics 069,604460.77,70,0.00496372366999917,0.7289257498947539
2025,CUST098,Summit Industries 098,604230.03,71,0.004961828874411996,0.7338875787691659
2025,CUST092,Mosaic Industries 092,603823.92,72,0.00495849397176873,0.7388460727409346
2025,CUST106,Foundry Labs 106,603776.76,73,0.004958106702288401,0.743804179443223
2025,CUST087,Granite Industries 087,603685.92,74,0.004957360740464969,0.7487615401836879
2025,CUST051,Lattice Digital 051,603618.30,75,0.004956805457126125,0.7537183456408141
2025,CUST086,Foundry Industries 086,603200.35,76,0.004953373326521725,0.7586717189673358
2025,CUST053,Nova Digital 053,603022.30,77,0.004951911211785242,0.763623630179121
2025,CUST055,Pioneer Digital 055,603016.82,78,0.004951866211005932,0.768575496390127
2025,CUST062,Beacon Dynamics 062,602986.07,79,0.004951613697508898,0.7735271100876359
2025,CUST071,Lattice Dynamics 071,602955.65,80,0.004951363893912809,0.7784784739815487
2025,CUST078,Summit Dynamics 078,602842.00,81,0.004950430620451414,0.7834289046020001
2025,CUST060,Vertex Digital 060,602761.33,82,0.004949768172847975,0.7883786727748481
2025,CUST074,Orchid Dynamics 074,602411.06,83,0.004946891818291682,0.7933255645931397
2025,CUST104,Delta Labs 104,602374.00,84,0.004946587488203874,0.7982721520813436
2025,CUST093,Nova Industries 093,602268.54,85,0.004945721469556811,0.8032178735509005
2025,CUST079,Tandem Dynamics 079,602073.31,86,0.00494411827573483,0.8081619918266353
2025,CUST068,Helix Dynamics 068,602051.01,87,0.004943935152125599,0.8131059269787608
2025,CUST066,Foundry Dynamics 066,602043.31,88,0.004943871921103578,0.8180497988998644
2025,CUST100,Vertex Industries 100,601839.85,89,0.0049422011439944225,0.8229920000438589
2025,CUST090,Kinetic Industries 090,601716.01,90,0.004941184192076612,0.8279331842359354
2025,CUST099,Tandem Industries 099,601622.88,91,0.0049404194251829936,0.8328736036611184
2025,CUST110,Kinetic Labs 110,601473.16,92,0.004939189951336623,0.837812793612455
2025,CUST095,Pioneer Industries 095,601243.97,93,0.004937307884072063,0.8427501014965271
2025,CUST085,Ember Industries 085,600947.42,94,0.004934872668542133,0.8476849741650692
2025,CUST105,Ember Labs 105,600912.86,95,0.0049345888680069295,0.8526195630330761
2025,CUST083,Cedar Industries 083,600833.86,96,0.004933940134144631,0.8575535031672208
2025,CUST084,Delta Industries 084,600385.88,97,0.0049302614025543475,0.8624837645697752
2025,CUST076,Quartz Dynamics 076,600207.70,98,0.004928798220281127,0.8674125627900563
2025,CUST052,Mosaic Digital 052,600031.75,99,0.004927353350368832,0.8723399161404252
2025,CUST103,Cedar Labs 103,599777.09,100,0.004925262128022339,0.8772651782684475
2025,CUST058,Summit Digital 058,598833.43,101,0.004917512960978081,0.8821826912294256
2025,CUST064,Delta Dynamics 064,598802.54,102,0.004917259297826101,0.8870999505272517
2025,CUST063,Cedar Dynamics 063,598376.26,103,0.0049137587627524236,0.8920137092900041
2025,CUST108,Helix Labs 108,597947.07,104,0.004910234331279514,0.8969239436212836
2025,CUST057,Rivet Digital 057,597707.28,105,0.0049082652187119125,0.9018322088399955
2025,CUST073,Nova Dynamics 073,597623.87,106,0.00490758027071882,0.9067397891107143
2025,CUST061,Alto Dynamics 061,597527.74,107,0.004906790868362076,0.9116465799790764
2025,CUST072,Mosaic Dynamics 072,596625.61,108,0.0048993827382456815,0.916545962717322
2025,CUST067,Granite Dynamics 067,593680.30,109,0.004875196379613201,0.9214211590969352
2025,CUST059,Tandem Digital 059,593344.85,110,0.004872441724244746,0.92629360082118
2025,CUST123,Cedar Networks 123,268272.22,111,0.002203003461113323,0.9284966042822933
2025,CUST127,Granite Networks 127,267046.66,112,0.0021929393817173943,0.9306895436640107
2025,CUST140,Vertex Networks 140,265851.76,113,0.002183127076754606,0.9328726707407653
2025,CUST133,Nova Networks 133,265765.10,114,0.002182415440343128,0.9350550861811084
2025,CUST137,Rivet Networks 137,265713.18,115,0.0021819890825946404,0.937237075263703
2025,CUST112,Mosaic Labs 112,265643.19,116,0.0021814143372399283,0.939418489600943
2025,CUST129,Indigo Networks 129,265615.37,117,0.0021811858843785465,0.9415996754853215
2025,CUST144,Delta Operations 144,265534.81,118,0.002180524340075423,0.943780199825397
2025,CUST143,Cedar Operations 143,265276.84,119,0.0021784059366012827,0.9459586057619982
2025,CUST134,Orchid Networks 134,265086.99,120,0.002176846922376506,0.9481354526843747
2025,CUST120,Vertex Labs 120,264820.38,121,0.0021746575687685648,0.9503101102531433
2025,CUST115,Pioneer Labs 115,264767.52,122,0.002174223491908298,0.9524843337450516
2025,CUST138,Summit Networks 138,264696.04,123,0.0021736365109402333,0.9546579702559919
2025,CUST131,Lattice Networks 131,264654.86,124,0.002173298348149734,0.9568312686041416
2025,CUST121,Alto Networks 121,264274.78,125,0.0021701771992081852,0.9590014458033498
2025,CUST113,Nova Labs 113,264036.61,126,0.0021682213897906712,0.9611696671931405
2025,CUST124,Delta Networks 124,264028.90,127,0.00216815807665044,0.963337825269791
2025,CUST139,Tandem Networks 139,263917.39,128,0.002167242376486074,0.965505067646277
2025,CUST128,Helix Networks 128,263775.57,129,0.0021660777760259325,0.9676711454223029
2025,CUST116,Quartz Labs 116,263610.85,130,0.0021647251248639353,0.9698358705471669
2025,CUST141,Alto Operations 141,263504.46,131,0.0021638514692233035,0.9719997220163902
2025,CUST111,Lattice Labs 111,263335.02,132,0.0021624600582659894,0.9741621820746562
2025,CUST130,Kinetic Networks 130,263094.92,133,0.0021604884000338644,0.9763226704746901
2025,CUST122,Beacon Networks 122,262909.11,134,0.0021589625615660965,0.9784816330362562
2025,CUST142,Beacon Operations 142,262881.38,135,0.002158734847768609,0.9806403678840249
2025,CUST125,Ember Networks 125,262707.51,136,0.0021573070584440797,0.982797674942469
2025,CUST132,Mosaic Networks 132,262573.09,137,0.0021562032254596477,0.9849538781679286
2025,CUST136,Quartz Networks 136,262484.82,138,0.002155478368016292,0.9871093565359449
2025,CUST117,Rivet Labs 117,262451.81,139,0.0021552072958037037,0.9892645638317485
2025,CUST114,Orchid Labs 114,262012.56,140,0.0021516002534111146,0.9914161640851596
2025,CUST126,Foundry Networks 126,261994.03,141,0.002151448088367211,0.9935676121735268
2025,CUST135,Pioneer Networks 135,261578.00,142,0.0021480317244592113,0.9957156438979861
2025,CUST119,Tandem Labs 119,261283.97,143,0.002145617202718305,0.9978612611007044
2025,CUST118,Summit Labs 118,260446.36,144,0.0021387388992955237,0.9999999999999998
