customer_id,customer_name,prior_year_gross_profit,current_year_gross_profit,gross_profit_change,prior_year_margin_pct,current_year_margin_pct,margin_change,improvement_rank,deterioration_rank
CUST005,Meridian Forge Labs,2311426.75,2442445.24,131018.49,0.7034162508788987,0.6408453136770427,-0.06257093720185603,1,144
CUST004,Juniper Peak Networks,2304757.15,2413404.33,108647.18,0.7044331707095937,0.6415298195558273,-0.06290335115376633,2,143
CUST003,Cobalt Harbor Group,2318418.71,2416717.54,98298.83,0.7041064078174059,0.6413282382230804,-0.06277816959432547,3,142
CUST002,Aster Ridge Technologies,2316759.29,2403673.13,86913.84,0.7045015297558009,0.6417683030330465,-0.06273322672275439,4,141
CUST029,Indigo Cloud 029,694102.48,731728.86,37626.38,0.7039728195452908,0.6405553389621776,-0.06341748058311314,5,140
CUST030,Kinetic Cloud 030,692683.80,728839.92,36156.12,0.7038516951928365,0.6411251404385636,-0.06272655475427291,6,139
CUST048,Helix Digital 048,697033.02,732988.77,35955.75,0.7038190603872987,0.6414154791642616,-0.06240358122303713,7,138
CUST037,Rivet Cloud 037,691539.21,726563.65,35024.44,0.7036255192327088,0.6410330634945548,-0.06259245573815397,8,137
CUST011,Lattice Advisory 011,691435.79,724776.33,33340.54,0.7037817117711344,0.6417871085446737,-0.061994603226460665,9,136
CUST049,Indigo Digital 049,696078.49,729277.47,33198.98,0.7039421930413553,0.6405405781422253,-0.06340161489912999,10,135
CUST040,Vertex Cloud 040,693284.22,726287.05,33002.83,0.7041108538035566,0.6421784811959661,-0.06193237260759055,11,134
CUST039,Tandem Cloud 039,697493.15,729697.24,32204.09,0.7047036993933034,0.6418393325380488,-0.06286436685525454,12,133
CUST050,Kinetic Digital 050,696910.14,728019.57,31109.43,0.7039194460407284,0.6418507986159353,-0.06206864742479312,13,132
CUST032,Mosaic Cloud 032,696856.46,727731.01,30874.55,0.7032220399702515,0.6408259104119524,-0.062396129558299096,14,131
CUST022,Beacon Cloud 022,697725.27,728545.99,30820.72,0.7037227045259602,0.6413848710812835,-0.062337833444676694,15,130
CUST033,Nova Cloud 033,695931.57,726470.27,30538.70,0.7038382282358572,0.6414625212899882,-0.062375706945869025,16,129
CUST046,Foundry Digital 046,699441.94,729972.48,30530.54,0.7043500412620249,0.6419270553601791,-0.06242298590184581,17,128
CUST013,Nova Advisory 013,695029.23,725523.78,30494.55,0.703411660139787,0.6417308634477746,-0.06168079669201232,18,127
CUST006,Silverline Data Works,695091.37,725547.13,30455.76,0.7037414858853229,0.6408842504583262,-0.06285723542699673,19,126
CUST035,Pioneer Cloud 035,695327.41,725305.25,29977.84,0.7038980444330956,0.642429328967361,-0.061468715465734514,20,125
CUST019,Tandem Advisory 019,695883.03,725776.90,29893.87,0.7033452701115868,0.6411749433931754,-0.062170326718411384,21,124
CUST007,Arcfield Commerce,697461.64,726816.92,29355.28,0.7042213053816715,0.641494756017192,-0.06272654936447952,22,123
CUST036,Quartz Cloud 036,697550.74,726659.85,29109.11,0.7039580322575825,0.6423352477283704,-0.061622784529212105,23,122
CUST016,Quartz Advisory 016,700580.48,729643.14,29062.66,0.7038659997911451,0.6419125759373485,-0.06195342385379654,24,121
CUST025,Ember Cloud 025,693201.12,722078.08,28876.96,0.7037795173201159,0.6410855213360332,-0.06269399598408265,25,120
CUST027,Granite Cloud 027,700206.40,728805.68,28599.28,0.703703185573497,0.6414652755275644,-0.0622379100459326,26,119
CUST045,Ember Digital 045,699248.79,727739.11,28490.32,0.7039051365564235,0.6417232959024267,-0.06218184065399679,27,118
CUST009,Evercrest Health Tech,702403.98,730824.85,28420.87,0.7037720072162272,0.6417756485351394,-0.06199635868108788,28,117
CUST034,Orchid Cloud 034,700578.13,728651.07,28072.94,0.703966468445587,0.6412708611841821,-0.06269560726140488,29,116
CUST014,Orchid Advisory 014,699874.62,727868.23,27993.61,0.7035827331861931,0.6417657477112876,-0.06181698547490555,30,115
CUST024,Delta Cloud 024,696957.37,724740.01,27782.64,0.703896991897539,0.6411692473137248,-0.06272774458381414,31,114
CUST031,Lattice Cloud 031,696008.20,723643.23,27635.03,0.7039697316001371,0.6417582753803295,-0.062211456219807615,32,113
CUST041,Alto Digital 041,695439.57,722537.29,27097.72,0.7032521386587881,0.6408122028469927,-0.06243993581179541,33,112
CUST018,Summit Advisory 018,698749.09,725675.65,26926.56,0.7038603407911366,0.641513498963939,-0.06234684182719752,34,111
CUST010,Redwood Signal Partners,700015.33,725906.57,25891.24,0.7045501387862924,0.6408656355736023,-0.06368450321269004,35,110
CUST020,Vertex Advisory 020,695741.08,721536.92,25795.84,0.7038128847551335,0.641821873166476,-0.061991011588657496,36,109
CUST028,Helix Cloud 028,704825.24,730524.19,25698.95,0.7038205713254615,0.6421212342583653,-0.06169933706709618,37,108
CUST042,Beacon Digital 042,698380.65,724068.63,25687.98,0.703307133611091,0.641659725981437,-0.06164740762965404,38,107
CUST096,Quartz Industries 096,368364.14,393657.97,25293.83,0.7040887531782648,0.6420317135227521,-0.06205703965551268,39,106
CUST047,Granite Digital 047,693723.50,718465.49,24741.99,0.7037385296889387,0.6418360601926242,-0.061902469496314505,40,105
CUST023,Cedar Cloud 023,699606.02,724299.08,24693.06,0.7038779255177599,0.6421015710586733,-0.06177635445908658,41,104
CUST044,Delta Digital 044,694888.05,719429.19,24541.14,0.7045493877995235,0.6417591297392788,-0.06279025806024463,42,103
CUST012,Mosaic Advisory 012,700124.80,724567.51,24442.71,0.7034845861044682,0.6419508152901715,-0.06153377081429667,43,102
CUST017,Rivet Advisory 017,696899.69,720782.01,23882.32,0.7037189376212309,0.6410955967480628,-0.06262334087316812,44,101
CUST021,Alto Cloud 021,699399.96,722536.92,23136.96,0.7037049312130905,0.6409873266026036,-0.06271760461048692,45,100
CUST070,Kinetic Dynamics 070,366800.89,389644.52,22843.63,0.7043248281388224,0.6413582626615392,-0.06296656547728319,46,99
CUST026,Foundry Cloud 026,697088.04,719910.87,22822.83,0.7036705969663818,0.6405288202253864,-0.06314177674099541,47,98
CUST038,Summit Cloud 038,704805.60,727162.22,22356.62,0.7038104050491564,0.6410782629103159,-0.06273214213884049,48,97
CUST080,Vertex Dynamics 080,366157.78,388065.11,21907.33,0.7031700340206849,0.6406134112069685,-0.06255662281371643,49,96
CUST109,Indigo Labs 109,369317.15,391189.45,21872.30,0.7041278258490005,0.641982248482353,-0.0621455773666475,50,95
CUST043,Cedar Digital 043,700832.53,722366.44,21533.91,0.7031155743946825,0.6409615082248126,-0.06215406616986996,51,94
CUST008,Brightpath Logistics,698403.23,719357.45,20954.22,0.7043683139402659,0.6419005724648003,-0.06246774147546563,52,93
CUST054,Orchid Digital 054,370493.74,391409.89,20916.15,0.7030784597011863,0.6418395338401507,-0.06123892586103563,53,92
CUST097,Rivet Industries 097,371021.45,391342.70,20321.25,0.7041929781100886,0.6414175469283501,-0.06277543118173856,54,91
CUST087,Granite Industries 087,367228.15,387336.49,20108.34,0.7038451995054602,0.6416192214653607,-0.06222597804009955,55,90
CUST091,Lattice Industries 091,367688.29,387748.20,20059.91,0.7032129958665364,0.6408949397659264,-0.06231805610061003,56,89
CUST071,Lattice Dynamics 071,366292.39,386263.02,19970.63,0.7045711033864646,0.6406159723356104,-0.06395513105085415,57,88
CUST077,Rivet Dynamics 077,369466.20,388865.33,19399.13,0.7038998801622277,0.6411192622273573,-0.06278061793487044,58,87
CUST101,Alto Labs 101,368923.77,387893.43,18969.66,0.7038385671968181,0.641660342039373,-0.06217822515744509,59,86
CUST094,Orchid Industries 094,369328.83,388169.58,18840.75,0.7042532680721585,0.6410341678996092,-0.06321910017254928,60,85
CUST088,Helix Industries 088,370898.19,389713.64,18815.45,0.7042327729089045,0.6422933258697846,-0.06193944703911991,61,84
CUST081,Alto Industries 081,371966.30,390326.09,18359.79,0.7031043299669667,0.6412579085037223,-0.06184642146324437,62,83
CUST102,Beacon Labs 102,370097.99,387934.03,17836.04,0.7036729608441232,0.6413897344153611,-0.06228322642876216,63,82
CUST063,Cedar Dynamics 063,366911.29,384459.48,17548.19,0.7041665224087719,0.6425045672767833,-0.06166195513198858,64,81
CUST015,Pioneer Advisory 015,705301.72,722766.25,17464.53,0.7035622397540544,0.6417141012426734,-0.061848138511381046,65,80
CUST093,Nova Industries 093,369425.89,386789.20,17363.31,0.7037935835402639,0.6422204951963787,-0.061573088343885196,66,79
CUST074,Orchid Dynamics 074,369354.41,386413.58,17059.17,0.7035390037004737,0.641445029246309,-0.06209397445416476,67,78
CUST092,Mosaic Industries 092,370779.73,387802.79,17023.06,0.7035509634602178,0.6422448285917522,-0.06130613486846559,68,77
CUST107,Granite Labs 107,371990.00,388999.59,17009.59,0.7032305199058719,0.6413319453070881,-0.061898574598783784,69,76
CUST083,Cedar Industries 083,367769.96,384772.03,17002.07,0.7039122689068039,0.6403967146591906,-0.06351555424761335,70,75
CUST084,Delta Industries 084,368619.15,385583.01,16963.86,0.7038034149685062,0.642225313493382,-0.061578101475124214,71,74
CUST051,Lattice Digital 051,370231.72,386868.06,16636.34,0.7037219481916466,0.6409150617202957,-0.06280688647135091,72,73
CUST078,Summit Dynamics 078,370426.13,386784.67,16358.54,0.7044966270228885,0.6416020615683711,-0.06289456545451744,73,72
CUST056,Quartz Digital 056,372574.97,388823.41,16248.44,0.7036587310688731,0.6406140647642256,-0.06304466630464756,74,71
CUST082,Beacon Industries 082,372321.86,388154.71,15832.85,0.7032176997530024,0.6416339559644595,-0.06158374378854292,75,70
CUST069,Indigo Dynamics 069,372199.95,387939.86,15739.91,0.7039344532159086,0.6417949340202839,-0.06213951919562477,76,69
CUST053,Nova Digital 053,371236.59,386880.42,15643.83,0.7035552209028094,0.6415690099686197,-0.06198621093418977,77,68
CUST110,Kinetic Labs 110,370757.18,386128.73,15371.55,0.7037724509978854,0.6419716716868962,-0.06180077931098926,78,67
CUST060,Vertex Digital 060,371586.33,386844.00,15257.67,0.7033957299469047,0.6417863601170302,-0.06160936982987453,79,66
CUST086,Foundry Industries 086,371968.42,387126.32,15157.90,0.7043343987989852,0.6417872933926514,-0.06254710540633379,80,65
CUST100,Vertex Industries 100,371340.10,386346.09,15005.99,0.7043889944019927,0.6419416893048874,-0.06244730509710528,81,64
CUST099,Tandem Industries 099,370937.87,385715.67,14777.80,0.7036878127453479,0.6411253341960664,-0.06256247854928143,82,63
CUST066,Foundry Dynamics 066,371549.75,386325.16,14775.41,0.7035269397981434,0.6416899807424152,-0.06183695905572817,83,62
CUST089,Indigo Industries 089,373029.80,387573.10,14543.30,0.7036375589529962,0.640474053761977,-0.06316350519101921,84,61
CUST068,Helix Dynamics 068,371500.40,385865.47,14365.07,0.7038300133558943,0.6409182338220809,-0.06291177953381344,85,60
CUST079,Tandem Dynamics 079,372271.88,386335.54,14063.66,0.7035203886462319,0.6416752471555331,-0.06184514149069875,86,59
CUST106,Foundry Labs 106,373646.32,387553.73,13907.41,0.7041297802077713,0.6418824898129567,-0.06224729039481458,87,58
CUST073,Nova Dynamics 073,369714.74,383519.94,13805.20,0.7037446172440517,0.6417413347294846,-0.062003282514567104,88,57
CUST076,Quartz Dynamics 076,370876.27,384673.62,13797.35,0.703339725303326,0.6409008414920369,-0.06243888381128915,89,56
CUST064,Delta Dynamics 064,371132.16,384843.76,13711.60,0.7036880829951586,0.6426889237978182,-0.06099915919734045,90,55
CUST090,Kinetic Industries 090,371813.90,385465.73,13651.83,0.7041686132533139,0.6406107259801845,-0.06355788727312939,91,54
CUST065,Ember Dynamics 065,374883.14,388284.30,13401.16,0.7039936677156312,0.6417545853384568,-0.06223908237717446,92,53
CUST095,Pioneer Industries 095,371886.75,385040.06,13153.31,0.7035200125279831,0.6404056908878438,-0.0631143216401393,93,52
CUST075,Pioneer Dynamics 075,375160.70,388307.57,13146.87,0.703900539091943,0.6423036632760156,-0.06159687581592732,94,51
CUST085,Ember Industries 085,372500.00,385515.29,13015.29,0.7040400083728785,0.6415125136904656,-0.06252749468241292,95,50
CUST058,Summit Digital 058,371743.48,384426.88,12683.40,0.7042236599771602,0.6419596180527195,-0.06226404192444068,96,49
CUST055,Pioneer Digital 055,374585.87,387116.45,12530.58,0.7036382399619382,0.6419662556012949,-0.06167198436064325,97,48
CUST062,Beacon Dynamics 062,374564.22,386866.63,12302.41,0.7046868427911146,0.6415846886811167,-0.06310215410999787,98,47
CUST098,Summit Industries 098,375422.43,387184.51,11762.08,0.703656250458619,0.6407899157213355,-0.06286633473728354,99,46
CUST061,Alto Dynamics 061,371525.96,383259.75,11733.79,0.7041210662471927,0.641409133574284,-0.06271193267290875,100,45
CUST108,Helix Labs 108,371628.18,383288.57,11660.39,0.7041569070043917,0.6410075226223619,-0.06314938438202977,101,44
CUST103,Cedar Labs 103,373745.48,384987.53,11242.05,0.7042332495459925,0.6418843540689426,-0.062348895477049915,102,43
CUST057,Rivet Digital 057,372721.30,383883.63,11162.33,0.7038951999035943,0.6422602548859703,-0.06163494501762401,103,42
CUST104,Delta Labs 104,375706.60,386170.55,10463.95,0.7036486303046721,0.6410810393542882,-0.06256759095038389,104,41
CUST052,Mosaic Digital 052,373869.87,384211.81,10341.94,0.7035769467711966,0.6403191331125394,-0.06325781365865724,105,40
CUST105,Ember Labs 105,375744.35,385520.95,9776.60,0.7040257877234868,0.6415588276809386,-0.06246696004254815,106,39
CUST072,Mosaic Dynamics 072,373089.19,382303.49,9214.30,0.7034944321921742,0.6407761979912328,-0.06271823420094147,107,38
CUST059,Tandem Digital 059,371276.18,380365.99,9089.81,0.7040576289462445,0.6410538323539844,-0.06300379659226008,108,37
CUST123,Cedar Networks 123,163627.76,172020.33,8392.57,0.703883180033138,0.641215590641476,-0.06266758939166195,109,36
CUST113,Nova Labs 113,161026.77,169410.78,8384.01,0.7043923899949339,0.6416185240372538,-0.06277386595768009,110,35
CUST112,Mosaic Labs 112,162275.79,170556.55,8280.76,0.7035345594956479,0.6420512793872111,-0.061483280108436844,111,34
CUST133,Nova Networks 133,162000.33,170255.78,8255.45,0.7037888001885106,0.6406250482098665,-0.0631637519786441,112,33
CUST111,Lattice Labs 111,160597.78,168773.82,8176.04,0.7035521463324581,0.6409091354427527,-0.06264301088970536,113,32
CUST120,Vertex Labs 120,161817.24,169923.13,8105.89,0.7039018324249197,0.6416542790248998,-0.06224755340001986,114,31
CUST144,Delta Operations 144,162424.36,170476.24,8051.88,0.7034825653443351,0.6420108911520865,-0.06147167419224853,115,30
CUST127,Granite Networks 127,163544.67,171289.03,7744.36,0.7040447624336507,0.6414198552417769,-0.06262490719187375,116,29
CUST134,Orchid Networks 134,162227.90,169898.77,7670.87,0.7039982218205908,0.640917043873032,-0.06308117794755874,117,28
CUST128,Helix Networks 128,161923.90,169450.89,7526.99,0.7042501245521071,0.642405549535918,-0.06184457501618912,118,27
CUST137,Rivet Networks 137,162979.22,170455.28,7476.06,0.7038511874058317,0.641501035063447,-0.062350152342384724,119,26
CUST143,Cedar Operations 143,162649.26,170122.89,7473.63,0.7040840828699264,0.641303213654083,-0.06278086921584336,120,25
CUST067,Granite Dynamics 067,373070.37,380543.87,7473.50,0.704298759208692,0.6409912372029187,-0.06330752200577328,121,24
CUST138,Summit Networks 138,162459.30,169898.40,7439.10,0.7037485318835283,0.6418622658654055,-0.06188626601812275,122,23
CUST121,Alto Networks 121,162344.12,169451.37,7107.25,0.7042313102994143,0.6411938740427671,-0.06303743625664726,123,22
CUST129,Indigo Networks 129,163400.95,170493.12,7092.17,0.7036746416857018,0.6418797225476823,-0.06179491913801949,124,21
CUST142,Beacon Operations 142,161535.24,168545.83,7010.59,0.7037599857658018,0.6411478439439111,-0.06261214182189068,125,20
CUST116,Quartz Labs 116,162366.20,169343.49,6977.29,0.7037971823786769,0.6423995446317934,-0.06139763774688356,126,19
CUST141,Alto Operations 141,162021.91,168919.06,6897.15,0.7035240093083613,0.6410482008539817,-0.06247580845437961,127,18
CUST136,Quartz Networks 136,161679.63,168477.10,6797.47,0.7040245712453117,0.6418546413464977,-0.06216992989881398,128,17
CUST139,Tandem Networks 139,162550.19,169292.32,6742.13,0.704097356690366,0.6414595112508501,-0.0626378454395159,129,16
CUST131,Lattice Networks 131,163024.89,169718.85,6693.96,0.7043453938458857,0.6412837081472829,-0.06306168569860282,130,15
CUST135,Pioneer Networks 135,161577.02,167879.71,6302.69,0.7046539330035234,0.6417959843717743,-0.0628579486317491,131,14
CUST140,Vertex Networks 140,164245.24,170527.59,6282.35,0.7035860797724812,0.6414386348241591,-0.06214744494832214,132,13
CUST115,Pioneer Labs 115,163702.47,169794.38,6091.91,0.703509177175275,0.6412961076192427,-0.06221306955603223,133,12
CUST117,Rivet Labs 117,162184.35,168223.92,6039.57,0.7037082145946159,0.6409706985827227,-0.06273751601189315,134,11
CUST124,Delta Networks 124,163610.46,169429.01,5818.55,0.7031302336555234,0.6417063056354816,-0.06142392802004182,135,10
CUST122,Beacon Networks 122,163009.28,168788.89,5779.61,0.7038460449040301,0.6420047217078176,-0.061841323196212494,136,9
CUST132,Mosaic Networks 132,163084.41,168367.86,5283.45,0.7039941088492749,0.6412228305650056,-0.06277127828426932,137,8
CUST119,Tandem Labs 119,162759.01,167766.03,5007.02,0.7043362032308785,0.6420831327693007,-0.0622530704615778,138,7
CUST114,Orchid Labs 114,163507.90,168288.92,4781.02,0.7038090890206179,0.6422933312815233,-0.06151575773909457,139,6
CUST118,Summit Labs 118,162242.38,166869.47,4627.09,0.7031262439364161,0.6407057099972524,-0.06242053393916369,140,5
CUST130,Kinetic Networks 130,164363.84,168805.35,4441.51,0.7049399455464199,0.6416138707657297,-0.06332607478069019,141,4
CUST125,Ember Networks 125,164117.77,168452.62,4334.85,0.7040025439150718,0.6412173751713455,-0.0627851687437263,142,3
CUST126,Foundry Networks 126,163766.55,168018.31,4251.76,0.7043054929330569,0.6413058725040414,-0.06299962042901552,143,2
CUST001,Northstar Systems,4573937.77,4532785.19,-41152.58,0.583842553018766,0.4265768666601847,-0.1572656863585813,144,1
