year,customer_id,customer_name,segment,region,revenue,gross_profit,gross_margin_pct,active_users,support_tickets,implementation_hours,tickets_per_million_revenue,implementation_hours_per_million_revenue
2024,CUST001,Northstar Systems,Enterprise,West,7834197.33,4573937.77,0.583842553018766,5779,320,28617,40.8465585586673,3652.831144604319
2024,CUST054,Orchid Digital 054,Mid-Market,West,526959.31,370493.74,0.7030784597011863,363,12,762,22.772156734454505,1446.031952637861
2024,CUST081,Alto Industries 081,Mid-Market,West,529034.29,371966.30,0.7031043299669667,363,12,765,22.682839707800415,1446.0310313722764
2024,CUST043,Cedar Digital 043,Enterprise,East,996752.96,700832.53,0.7031155743946825,714,20,1453,20.065152352293996,1457.7333183941587
2024,CUST118,Summit Labs 118,SMB,East,230744.31,162242.38,0.7031262439364161,151,12,326,52.005616086481176,1412.819237016072
2024,CUST124,Delta Networks 124,SMB,East,232688.70,163610.46,0.7031302336555234,153,12,330,51.571047498224026,1418.2038062011607
2024,CUST080,Vertex Dynamics 080,Mid-Market,Central,520724.38,366157.78,0.7031700340206849,358,12,752,23.044820755271726,1444.1421006636947
2024,CUST091,Lattice Industries 091,Mid-Market,East,522869.02,367688.29,0.7032129958665364,362,12,756,22.950298336665654,1445.868795209936
2024,CUST082,Beacon Industries 082,Mid-Market,East,529454.62,372321.86,0.7032176997530024,365,12,765,22.664831973701542,1444.8830383234733
2024,CUST032,Mosaic Cloud 032,Enterprise,Central,990947.98,696856.46,0.7032220399702515,707,19,1442,19.173559443554243,1455.1722482950115
2024,CUST107,Granite Labs 107,Mid-Market,Central,528973.06,371990.00,0.7032305199058719,365,12,763,22.685465305170734,1442.4175023204393
2024,CUST041,Alto Digital 041,Enterprise,Central,988890.80,695439.57,0.7032521386587881,709,21,1438,21.235914015986395,1454.1544930946875
2024,CUST042,Beacon Digital 042,Enterprise,West,992995.26,698380.65,0.703307133611091,712,18,1445,18.12697474507582,1455.1932503685869
2024,CUST076,Quartz Dynamics 076,Mid-Market,East,527307.44,370876.27,0.703339725303326,365,12,764,22.757122486267217,1448.8701316256795
2024,CUST019,Tandem Advisory 019,Enterprise,East,989390.36,695883.03,0.7033452701115868,707,18,1440,18.193021407647432,1455.4417126117946
2024,CUST060,Vertex Digital 060,Mid-Market,West,528274.93,371586.33,0.7033957299469047,366,12,764,22.715444777968166,1446.2166508639734
2024,CUST013,Nova Advisory 013,Enterprise,East,988083.18,695029.23,0.703411660139787,704,20,1437,20.24121086647786,1454.3310007564342
2024,CUST005,Meridian Forge Labs,Enterprise,Central,3286001.35,2311426.75,0.7034162508788987,2412,77,4810,23.432735351736845,1463.785156387717
2024,CUST144,Delta Operations 144,SMB,West,230886.12,162424.36,0.7034825653443351,153,12,328,51.97367429449635,1420.613764049567
2024,CUST012,Mosaic Advisory 012,Enterprise,West,995224.08,700124.80,0.7034845861044682,713,19,1448,19.091177938540234,1454.94871868454
2024,CUST072,Mosaic Dynamics 072,Mid-Market,West,530337.09,373089.19,0.7034944321921742,365,12,768,22.62711815988582,1448.1355622326926
2024,CUST115,Pioneer Labs 115,SMB,East,232694.15,163702.47,0.703509177175275,154,12,329,51.56983963713742,1413.873103384851
2024,CUST095,Pioneer Industries 095,Mid-Market,Central,528608.63,371886.75,0.7035200125279831,366,12,765,22.70110497439287,1447.1954421175453
2024,CUST079,Tandem Dynamics 079,Mid-Market,East,529155.78,372271.88,0.7035203886462319,361,12,763,22.677631906430275,1441.9194287171915
2024,CUST141,Alto Operations 141,SMB,West,230300.47,162021.91,0.7035240093083613,152,12,327,52.10584242402979,1419.8842060548118
2024,CUST066,Foundry Dynamics 066,Mid-Market,West,528124.41,371549.75,0.7035269397981434,364,12,766,22.721918875137774,1450.415821529628
2024,CUST112,Mosaic Labs 112,SMB,East,230657.88,162275.79,0.7035345594956479,152,12,326,52.025103152773276,1413.3486356503406
2024,CUST074,Orchid Dynamics 074,Mid-Market,Central,524994.93,369354.41,0.7035390037004737,363,12,760,22.85736359396842,1447.633027618
2024,CUST092,Mosaic Industries 092,Mid-Market,Central,527011.90,370779.73,0.7035509634602178,364,12,760,22.769884323295166,1442.092673808694
2024,CUST111,Lattice Labs 111,SMB,West,228267.06,160597.78,0.7035521463324581,151,12,323,52.57000287295066,1415.009243996922
2024,CUST053,Nova Digital 053,Mid-Market,Central,527658.07,371236.59,0.7035552209028094,364,12,763,22.742000326082383,1446.0121874000715
2024,CUST015,Pioneer Advisory 015,Enterprise,West,1002472.39,705301.72,0.7035622397540544,715,18,1459,17.955606737458375,1455.4016794417648
2024,CUST052,Mosaic Digital 052,Mid-Market,East,531384.48,373869.87,0.7035769467711966,369,12,766,22.582518781880875,1441.5174489100625
2024,CUST014,Orchid Advisory 014,Enterprise,Central,994729.67,699874.62,0.7035827331861931,711,19,1449,19.10066681734747,1456.6771693861308
2024,CUST140,Vertex Networks 140,SMB,Central,233440.15,164245.24,0.7035860797724812,154,12,331,51.405038936104184,1417.9223239875403
2024,CUST037,Rivet Cloud 037,Enterprise,East,982822.81,691539.21,0.7036255192327088,702,16,1430,16.27963844266089,1454.992685812817
2024,CUST089,Indigo Industries 089,Mid-Market,Central,530144.81,373029.80,0.7036375589529962,370,12,768,22.635324865294823,1448.6607913788687
2024,CUST055,Pioneer Digital 055,Mid-Market,East,532355.76,374585.87,0.7036382399619382,368,12,769,22.541317107191627,1444.5227379525302
2024,CUST104,Delta Labs 104,Mid-Market,Central,533940.64,375706.60,0.7036486303046721,371,12,771,22.47440839116498,1443.98073913235
2024,CUST098,Summit Industries 098,Mid-Market,Central,533531.01,375422.43,0.703656250458619,371,12,773,22.491663605457532,1448.837997251556
2024,CUST056,Quartz Digital 056,Mid-Market,Central,529482.48,372574.97,0.7036587310688731,367,12,765,22.66363940880537,1444.8070123113423
2024,CUST026,Foundry Cloud 026,Enterprise,Central,990645.40,697088.04,0.7036705969663818,709,15,1442,15.141644023179232,1455.6167120949635
2024,CUST102,Beacon Labs 102,Mid-Market,West,525951.70,370097.99,0.7036729608441232,366,12,761,22.815783274395734,1446.9009226512628
2024,CUST129,Indigo Networks 129,SMB,West,232210.94,163400.95,0.7036746416857018,153,12,329,51.677151817222736,1416.8152456555233
2024,CUST099,Tandem Industries 099,Mid-Market,West,527134.14,370937.87,0.7036878127453479,362,12,762,22.764604091095293,1445.552359784551
2024,CUST064,Delta Dynamics 064,Mid-Market,East,527410.04,371132.16,0.7036880829951586,363,12,763,22.752695417023155,1446.692216932389
2024,CUST027,Granite Cloud 027,Enterprise,West,995030.88,700206.40,0.703703185573497,712,17,1451,17.08489690289813,1458.2462003591286
2024,CUST021,Alto Cloud 021,Enterprise,West,993882.42,699399.96,0.7037049312130905,712,15,1445,15.092328527151128,1453.8943147822254
2024,CUST117,Rivet Labs 117,SMB,West,230471.02,162184.35,0.7037082145946159,150,12,325,52.067283773899206,1410.1556022097702
2024,CUST017,Rivet Advisory 017,Enterprise,Central,990309.70,696899.69,0.7037189376212309,708,20,1442,20.19570241511317,1456.1101441296596
2024,CUST051,Lattice Digital 051,Mid-Market,West,526105.12,370231.72,0.7037219481916466,362,12,760,22.80912985602573,1444.578224214963
2024,CUST022,Beacon Cloud 022,Enterprise,East,991477.56,697725.27,0.7037227045259602,709,20,1444,20.171913926120524,1456.412185465902
2024,CUST047,Granite Digital 047,Enterprise,Central,985768.82,693723.50,0.7037385296889387,705,18,1434,18.259859345115014,1454.702127827496
2024,CUST006,Silverline Data Works,Enterprise,West,987708.39,695091.37,0.7037414858853229,705,18,1437,18.224002329270483,1454.8828526200937
2024,CUST073,Nova Dynamics 073,Mid-Market,East,525353.56,369714.74,0.7037446172440517,364,12,761,22.84176012816968,1448.5482881280939
2024,CUST138,Summit Networks 138,SMB,West,230848.51,162459.30,0.7037485318835283,152,12,327,51.98214188170415,1416.513366276438
2024,CUST142,Beacon Operations 142,SMB,East,229531.72,161535.24,0.7037599857658018,150,12,326,52.28035584798476,1420.2830005369192
2024,CUST009,Evercrest Health Tech,Enterprise,West,998056.15,702403.98,0.7037720072162272,714,19,1451,19.037005082329284,1453.82601970841
2024,CUST110,Kinetic Labs 110,Mid-Market,Central,526814.00,370757.18,0.7037724509978854,364,12,761,22.778437930654842,1444.5326054356944
2024,CUST025,Ember Cloud 025,Enterprise,East,984969.16,693201.12,0.7037795173201159,706,17,1434,17.259423635152192,1455.883146635779
2024,CUST011,Lattice Advisory 011,Enterprise,Central,982457.74,691435.79,0.7037817117711344,701,17,1432,17.303543254695107,1457.5690553366703
2024,CUST133,Nova Networks 133,SMB,East,230183.16,162000.33,0.7037888001885106,150,12,327,52.13239752204288,1420.6078324756686
2024,CUST093,Nova Industries 093,Mid-Market,West,524906.59,369425.89,0.7037935835402639,361,12,758,22.86121041078947,1444.0664576148683
2024,CUST116,Quartz Labs 116,SMB,Central,230700.27,162366.20,0.7037971823786769,152,12,327,52.015543804955236,1417.4235686850302
2024,CUST084,Delta Industries 084,Mid-Market,West,523753.00,368619.15,0.7038034149685062,360,12,757,22.911563275055226,1445.3377832680671
2024,CUST114,Orchid Labs 114,SMB,West,232318.54,163507.90,0.7038090890206179,153,12,329,51.653217173282854,1416.1590375008382
2024,CUST038,Summit Cloud 038,Enterprise,Central,1001414.01,704805.60,0.7038104050491564,716,21,1457,20.970347718622392,1454.9426964777535
2024,CUST020,Vertex Advisory 020,Enterprise,Central,988531.32,695741.08,0.7038128847551335,706,21,1441,21.2436364686958,1457.7181024471738
2024,CUST048,Helix Digital 048,Enterprise,West,990358.26,697033.02,0.7038190603872987,708,17,1441,17.165505339451602,1455.029011420574
2024,CUST028,Helix Cloud 028,Enterprise,East,1001427.45,704825.24,0.7038205713254615,716,16,1459,15.977193355344912,1456.9203190905143
2024,CUST068,Helix Dynamics 068,Mid-Market,Central,527826.88,371500.40,0.7038300133558943,367,12,760,22.73472696199178,1439.866040926146
2024,CUST033,Nova Cloud 033,Enterprise,West,988766.37,695931.57,0.7038382282358572,706,18,1440,18.20450264707122,1456.3602117656974
2024,CUST101,Alto Labs 101,Mid-Market,Central,524159.64,368923.77,0.7038385671968181,359,12,756,22.89378861752881,1442.308682904315
2024,CUST087,Granite Industries 087,Mid-Market,West,521745.62,367228.15,0.7038451995054602,361,12,754,22.99971392189167,1445.1486914255265
2024,CUST122,Beacon Networks 122,SMB,Central,231597.92,163009.28,0.7038460449040301,153,12,327,51.81393684364695,1411.9297789893794
2024,CUST137,Rivet Networks 137,SMB,Central,231553.52,162979.22,0.7038511874058317,151,12,329,51.823872079336134,1420.8378261751322
2024,CUST030,Kinetic Cloud 030,Enterprise,West,984133.17,692683.80,0.7038516951928365,705,19,1433,19.306330260161843,1456.1037506743116
2024,CUST018,Summit Advisory 018,Enterprise,West,992738.26,698749.09,0.7038603407911366,708,20,1447,20.14629717202599,1457.5846003960803
2024,CUST016,Quartz Advisory 016,Enterprise,East,995332.18,700580.48,0.7038659997911451,713,19,1450,19.089104503784856,1456.8000805520023
2024,CUST023,Cedar Cloud 023,Enterprise,Central,993930.90,699606.02,0.7038779255177599,710,18,1447,18.109910860000426,1455.8356119122566
2024,CUST123,Cedar Networks 123,SMB,West,232464.37,163627.76,0.703883180033138,154,12,330,51.62081397678276,1419.572384361526
2024,CUST057,Rivet Digital 057,Mid-Market,West,529512.49,372721.30,0.7038951999035943,363,12,764,22.662354952193855,1442.836598623009
2024,CUST024,Delta Cloud 024,Enterprise,West,990141.14,696957.37,0.703896991897539,708,20,1442,20.199140498293,1456.3580299269254
2024,CUST035,Pioneer Cloud 035,Enterprise,Central,987824.04,695327.41,0.7038980444330956,706,17,1441,17.209542703577046,1458.7618256385013
2024,CUST077,Rivet Dynamics 077,Mid-Market,Central,524884.59,369466.20,0.7038998801622277,362,12,758,22.862168615009253,1444.1269841814178
2024,CUST075,Pioneer Dynamics 075,Mid-Market,West,532974.02,375160.70,0.703900539091943,366,12,773,22.515168750626906,1450.352120352883
2024,CUST120,Vertex Labs 120,SMB,West,229886.09,161817.24,0.7039018324249197,153,12,327,52.199765544753056,1422.4436110945207
2024,CUST045,Ember Digital 045,Enterprise,West,993384.98,699248.79,0.7039051365564235,709,19,1446,19.12652232772837,1455.629015047117
2024,CUST083,Cedar Industries 083,Mid-Market,Central,522465.62,367769.96,0.7039122689068039,359,12,755,22.968018450668584,1445.071160854565
2024,CUST050,Kinetic Digital 050,Enterprise,Central,990042.46,696910.14,0.7039194460407284,707,21,1441,21.211211486828557,1455.4931310723784
2024,CUST069,Indigo Dynamics 069,Mid-Market,West,528742.34,372199.95,0.7039344532159086,367,12,764,22.695364248681127,1444.938190499365
2024,CUST049,Indigo Digital 049,Enterprise,East,988829.05,696078.49,0.7039421930413553,705,19,1439,19.214645848036117,1455.2565987012617
2024,CUST036,Quartz Cloud 036,Enterprise,West,990898.19,697550.74,0.7039580322575825,707,21,1441,21.192893691732348,1454.236181418396
2024,CUST034,Orchid Cloud 034,Enterprise,East,995186.79,700578.13,0.703966468445587,712,20,1450,20.096729780747996,1457.0129091042295
2024,CUST031,Lattice Cloud 031,Enterprise,East,988690.52,696008.20,0.7039697316001371,706,16,1439,16.183021558657202,1455.4605014317322
2024,CUST029,Indigo Cloud 029,Enterprise,Central,985979.09,694102.48,0.7039728195452908,704,19,1435,19.270185537098968,1455.4061181966852
2024,CUST065,Ember Dynamics 065,Mid-Market,Central,532509.25,374883.14,0.7039936677156312,368,12,767,22.534819817683918,1440.3505666802969
2024,CUST132,Mosaic Networks 132,SMB,West,231655.93,163084.41,0.7039941088492749,154,12,328,51.800961883427725,1415.8929581470245
2024,CUST134,Orchid Networks 134,SMB,Central,230437.94,162227.90,0.7039982218205908,153,12,327,52.07475817567194,1419.0371602870603
2024,CUST125,Ember Networks 125,SMB,Central,233120.99,164117.77,0.7040025439150718,151,12,331,51.475416263460446,1419.8635652671173
2024,CUST136,Quartz Networks 136,SMB,East,229650.55,161679.63,0.7040245712453117,150,12,323,52.25330398729723,1406.4847656580837
2024,CUST105,Ember Labs 105,Mid-Market,West,533708.22,375744.35,0.7040257877234868,369,12,771,22.48419557787587,1444.6095658785246
2024,CUST085,Ember Industries 085,Mid-Market,East,529089.25,372500.00,0.7040400083728785,367,12,763,22.680483491206825,1442.1007419825673
2024,CUST127,Granite Networks 127,SMB,East,232293.00,163544.67,0.7040447624336507,152,12,328,51.658896307680386,1412.0098324099306
2024,CUST059,Tandem Digital 059,Mid-Market,Central,527337.77,371276.18,0.7040576289462445,364,12,760,22.75581360311058,1441.2015281970034
2024,CUST143,Cedar Operations 143,SMB,Central,231008.29,162649.26,0.7040840828699264,151,12,326,51.94618773205065,1411.2047667207094
2024,CUST096,Quartz Industries 096,Mid-Market,West,523178.56,368364.14,0.7040887531782648,359,12,757,22.93671973102262,1446.9247363653435
2024,CUST139,Tandem Networks 139,SMB,East,230863.23,162550.19,0.704097356690366,152,12,327,51.978827464209004,1416.4230483996953
2024,CUST003,Cobalt Harbor Group,Enterprise,West,3292710.71,2318418.71,0.7041064078174059,2415,79,4821,23.992390148358947,1464.1432013321328
2024,CUST040,Vertex Cloud 040,Enterprise,East,984623.68,693284.22,0.7041108538035566,703,19,1434,19.296712425197818,1456.3939798807196
2024,CUST061,Alto Dynamics 061,Mid-Market,East,527645.00,371525.96,0.7041210662471927,362,12,763,22.742563655488063,1446.0480057614493
2024,CUST109,Indigo Labs 109,Mid-Market,East,524502.99,369317.15,0.7041278258490005,358,12,758,22.87880189205404,1445.17765284808
2024,CUST106,Foundry Labs 106,Mid-Market,East,530649.79,373646.32,0.7041297802077713,368,12,765,22.61378450748091,1441.628762351908
2024,CUST108,Helix Labs 108,Mid-Market,West,527763.31,371628.18,0.7041569070043917,366,12,763,22.737465399025176,1445.7238416213509
2024,CUST063,Cedar Dynamics 063,Mid-Market,West,521057.56,366911.29,0.7041665224087719,358,12,756,23.03008519826485,1450.8953674906857
2024,CUST090,Kinetic Industries 090,Mid-Market,West,528018.28,371813.90,0.7041686132533139,363,12,763,22.726485908783307,1445.0257290334719
2024,CUST097,Rivet Industries 097,Mid-Market,East,526874.68,371021.45,0.7041929781100886,363,12,760,22.775814544741454,1442.468254500292
2024,CUST007,Arcfield Commerce,Enterprise,East,990401.22,697461.64,0.7042213053816715,709,19,1441,19.184144381405346,1454.9658975581633
2024,CUST058,Summit Digital 058,Mid-Market,East,527877.01,371743.48,0.7042236599771602,366,12,764,22.732567951765887,1447.306826262428
2024,CUST121,Alto Networks 121,SMB,East,230526.70,162344.12,0.7042313102994143,150,12,326,52.054707762701675,1414.152894220062
2024,CUST088,Helix Industries 088,Mid-Market,East,526669.88,370898.19,0.7042327729089045,364,12,761,22.784671111247143,1444.9278929715897
2024,CUST103,Cedar Labs 103,Mid-Market,East,530712.63,373745.48,0.7042332495459925,366,12,768,22.611106880949865,1447.1108403807914
2024,CUST128,Helix Networks 128,SMB,Central,229923.85,161923.90,0.7042501245521071,150,12,324,52.191192866681725,1409.1622074004067
2024,CUST094,Orchid Industries 094,Mid-Market,East,524426.15,369328.83,0.7042532680721585,363,12,757,22.882154141245625,1443.4825570769115
2024,CUST067,Granite Dynamics 067,Mid-Market,East,529704.71,373070.37,0.704298759208692,365,12,766,22.654131204534693,1446.0887085561312
2024,CUST126,Foundry Networks 126,SMB,West,232522.04,163766.55,0.7043054929330569,153,12,327,51.608011008332795,1406.3182999770688
2024,CUST070,Kinetic Dynamics 070,Mid-Market,East,520783.70,366800.89,0.7043248281388224,357,12,753,23.042195829093732,1445.8977882756317
2024,CUST086,Foundry Industries 086,Mid-Market,Central,528113.38,371968.42,0.7043343987989852,366,12,762,22.7223934375607,1442.8719832851045
2024,CUST119,Tandem Labs 119,SMB,Central,231081.42,162759.01,0.7043362032308785,151,12,326,51.92974839777252,1410.7581648061534
2024,CUST131,Lattice Networks 131,SMB,Central,231455.89,163024.89,0.7043453938458857,156,12,329,51.84573181524998,1421.4371472681034
2024,CUST046,Foundry Digital 046,Enterprise,East,993031.73,699441.94,0.7043500412620249,711,19,1444,19.1333261828401,1454.1327898958475
2024,CUST008,Brightpath Logistics,Enterprise,Central,991531.30,698403.23,0.7043683139402659,708,20,1443,20.170820628657914,1455.3247083576687
2024,CUST100,Vertex Industries 100,Mid-Market,East,527180.44,371340.10,0.7043889944019927,365,12,761,22.76260477342445,1443.5285193813338
2024,CUST113,Nova Labs 113,SMB,Central,228603.79,161026.77,0.7043923899949339,152,12,323,52.49256803660167,1412.9249563185283
2024,CUST004,Juniper Peak Networks,Enterprise,East,3271789.64,2304757.15,0.7044331707095937,2400,79,4788,24.14580663566133,1463.419267994259
2024,CUST078,Summit Dynamics 078,Mid-Market,West,525802.56,370426.13,0.7044966270228885,362,12,758,22.822254802258854,1441.6057616760177
2024,CUST002,Aster Ridge Technologies,Enterprise,Central,3288508.53,2316759.29,0.7045015297558009,2416,76,4816,23.110780862107116,1464.4936925251036
2024,CUST044,Delta Digital 044,Enterprise,Central,986287.21,694888.05,0.7045493877995235,706,21,1436,21.29197234545909,1455.9653470513929
2024,CUST010,Redwood Signal Partners,Enterprise,East,993563.54,700015.33,0.7045501387862924,711,16,1446,16.10365050231211,1455.3674141464571
2024,CUST071,Lattice Dynamics 071,Mid-Market,Central,519879.95,366292.39,0.7045711033864646,357,12,752,23.082251969901897,1446.4877901138523
2024,CUST135,Pioneer Networks 135,SMB,West,229299.82,161577.02,0.7046539330035234,150,12,325,52.33322904483745,1417.3582866310144
2024,CUST062,Beacon Dynamics 062,Mid-Market,Central,531532.87,374564.22,0.7046868427911146,368,12,768,22.576214336471796,1444.877717534195
2024,CUST039,Tandem Cloud 039,Enterprise,West,989767.97,697493.15,0.7047036993933034,706,22,1444,22.227431748473332,1458.9277929452496
2024,CUST130,Kinetic Networks 130,SMB,East,233160.06,164363.84,0.7049399455464199,152,12,330,51.46679066732098,1415.336743351327
2025,CUST001,Northstar Systems,Enterprise,West,10625951.72,4532785.19,0.4265768666601847,7846,600,55312,56.465530411802014,5205.369030229322
2025,CUST052,Mosaic Digital 052,Mid-Market,East,600031.75,384211.81,0.6403191331125394,419,12,1087,19.998941722667176,1811.5708043782683
2025,CUST083,Cedar Industries 083,Mid-Market,Central,600833.86,384772.03,0.6403967146591906,419,12,1090,19.972243242083596,1814.1454278225933
2025,CUST095,Pioneer Industries 095,Mid-Market,Central,601243.97,385040.06,0.6404056908878438,422,12,1090,19.958620125537394,1812.9079947363132
2025,CUST089,Indigo Industries 089,Mid-Market,Central,605134.74,387573.10,0.640474053761977,425,12,1098,19.830294324202903,1814.4719306645657
2025,CUST026,Foundry Cloud 026,Enterprise,Central,1123932.05,719910.87,0.6405288202253864,812,22,2050,19.57413706638226,1823.9536811856196
2025,CUST049,Indigo Digital 049,Enterprise,East,1138534.38,729277.47,0.6405405781422253,823,24,2075,21.0797323485304,1822.518525966691
2025,CUST029,Indigo Cloud 029,Enterprise,Central,1142335.12,731728.86,0.6405553389621776,825,24,2082,21.009596553417705,1822.582501008986
2025,CUST090,Kinetic Industries 090,Mid-Market,West,601716.01,385465.73,0.6406107259801845,424,12,1088,19.94296279402637,1808.1619599917244
2025,CUST080,Vertex Dynamics 080,Mid-Market,Central,605771.13,388065.11,0.6406134112069685,420,12,1102,19.809461702144834,1819.1688996469672
2025,CUST056,Quartz Digital 056,Mid-Market,Central,606954.22,388823.41,0.6406140647642256,426,12,1103,19.77084861523823,1817.2705018839806
2025,CUST071,Lattice Dynamics 071,Mid-Market,Central,602955.65,386263.02,0.6406159723356104,425,12,1094,19.90196128023678,1814.395470048253
2025,CUST133,Nova Networks 133,SMB,East,265765.10,170255.78,0.6406250482098665,171,12,475,45.15265548410984,1787.2926129126813
2025,CUST118,Summit Labs 118,SMB,East,260446.36,166869.47,0.6407057099972524,170,12,466,46.074746446830744,1789.235987018594
2025,CUST072,Mosaic Dynamics 072,Mid-Market,West,596625.61,382303.49,0.6407761979912328,411,12,1083,20.113115828199195,1815.2087034949773
2025,CUST098,Summit Industries 098,Mid-Market,Central,604230.03,387184.51,0.6407899157213355,420,12,1096,19.859986104960722,1813.878730919746
2025,CUST041,Alto Digital 041,Enterprise,Central,1127533.60,722537.29,0.6408122028469927,814,23,2054,20.398505197539123,1821.6752032932766
2025,CUST032,Mosaic Cloud 032,Enterprise,Central,1135614.21,727731.01,0.6408259104119524,819,22,2070,19.372776252949496,1822.8021292547933
2025,CUST005,Meridian Forge Labs,Enterprise,Central,3811286.73,2442445.24,0.6408453136770427,2804,93,6981,24.40120793535783,1831.664866631538
2025,CUST010,Redwood Signal Partners,Enterprise,East,1132696.98,725906.57,0.6408656355736023,817,24,2064,21.18836760737192,1822.1996142339851
2025,CUST006,Silverline Data Works,Enterprise,West,1132103.23,725547.13,0.6408842504583262,816,22,2067,19.432856842922355,1825.805231560023
2025,CUST091,Lattice Industries 091,Mid-Market,East,605010.55,387748.20,0.6408949397659264,423,12,1096,19.834364871819176,1811.5386582928181
2025,CUST076,Quartz Dynamics 076,Mid-Market,East,600207.70,384673.62,0.6409008414920369,423,12,1090,19.993079062464545,1816.0380148405297
2025,CUST111,Lattice Labs 111,SMB,West,263335.02,168773.82,0.6409091354427527,171,12,470,45.56932837873215,1784.7986948336759
2025,CUST051,Lattice Digital 051,Mid-Market,West,603618.30,386868.06,0.6409150617202957,418,12,1094,19.880112978682057,1812.4036332231808
2025,CUST134,Orchid Networks 134,SMB,Central,265086.99,169898.77,0.640917043873032,173,12,477,45.268158954160675,1799.4093184278868
2025,CUST068,Helix Dynamics 068,Mid-Market,Central,602051.01,385865.47,0.6409182338220809,419,12,1093,19.93186590617961,1815.4607862878595
2025,CUST043,Cedar Digital 043,Enterprise,East,1127004.40,722366.44,0.6409615082248126,814,23,2055,20.408083588670994,1823.4179032486477
2025,CUST117,Rivet Labs 117,SMB,West,262451.81,168223.92,0.6409706985827227,171,12,469,45.72267952733875,1786.994724860156
2025,CUST021,Alto Cloud 021,Enterprise,West,1127224.97,722536.92,0.6409873266026036,809,24,2055,21.291224590243065,1823.0611055395625
2025,CUST067,Granite Dynamics 067,Mid-Market,East,593680.30,380543.87,0.6409912372029187,410,12,1075,20.212899097376145,1810.7388774732797
2025,CUST108,Helix Labs 108,Mid-Market,West,597947.07,383288.57,0.6410075226223619,424,12,1086,20.06866594396056,1816.2142679284307
2025,CUST037,Rivet Cloud 037,Enterprise,East,1133426.17,726563.65,0.6410330634945548,811,23,2065,20.292455396543385,1821.9095823418302
2025,CUST094,Orchid Industries 094,Mid-Market,East,605536.49,388169.58,0.6410341678996092,420,12,1101,19.81713769223057,1818.2223832621548
2025,CUST141,Alto Operations 141,SMB,West,263504.46,168919.06,0.6410482008539817,172,12,471,45.54002615363702,1787.446026530253
2025,CUST059,Tandem Digital 059,Mid-Market,Central,593344.85,380365.99,0.6410538323539844,410,12,1079,20.22432654467297,1818.5040284751778
2025,CUST038,Summit Cloud 038,Enterprise,Central,1134279.95,727162.22,0.6410782629103159,818,23,2067,20.277181131518724,1822.301452123878
2025,CUST104,Delta Labs 104,Mid-Market,Central,602374.00,386170.55,0.6410810393542882,419,12,1091,19.921178536922245,1811.167148648514
2025,CUST025,Ember Cloud 025,Enterprise,East,1126336.59,722078.08,0.6410855213360332,812,22,2053,19.532349561688303,1822.7233477339128
2025,CUST017,Rivet Advisory 017,Enterprise,Central,1124297.24,720782.01,0.6410955967480628,812,20,2049,17.788890062560323,1822.4717869093054
2025,CUST077,Rivet Dynamics 077,Mid-Market,Central,606541.33,388865.33,0.6411192622273573,425,12,1099,19.784307196345548,1811.9128007319798
2025,CUST030,Kinetic Cloud 030,Enterprise,West,1136813.82,728839.92,0.6411251404385636,821,22,2075,19.352333348656863,1825.2768953846814
2025,CUST099,Tandem Industries 099,Mid-Market,West,601622.88,385715.67,0.6411253341960664,426,12,1092,19.94604992416512,1815.0905430990258
2025,CUST142,Beacon Operations 142,SMB,East,262881.38,168545.83,0.6411478439439111,170,12,471,45.64796487297807,1791.6826212643894
2025,CUST024,Delta Cloud 024,Enterprise,West,1130341.19,724740.01,0.6411692473137248,813,22,2063,19.463149883089724,1825.1126458551864
2025,CUST019,Tandem Advisory 019,Enterprise,East,1131948.32,725776.90,0.6411749433931754,817,22,2065,19.43551627869371,1824.2882325228416
2025,CUST121,Alto Networks 121,SMB,East,264274.78,169451.37,0.6411938740427671,170,12,470,45.40728403974075,1778.4519582231794
2025,CUST123,Cedar Networks 123,SMB,West,268272.22,172020.33,0.641215590641476,173,12,482,44.73068437723445,1796.6824891522501
2025,CUST125,Ember Networks 125,SMB,Central,262707.51,168452.62,0.6412173751713455,170,12,471,45.67817646324613,1792.8684261824108
2025,CUST132,Mosaic Networks 132,SMB,West,262573.09,168367.86,0.6412228305650056,171,12,470,45.70156065878647,1789.9777924691368
2025,CUST081,Alto Industries 081,Mid-Market,West,608688.15,390326.09,0.6412579085037223,426,12,1101,19.71452869585189,1808.8080078444111
2025,CUST034,Orchid Cloud 034,Enterprise,East,1136261.00,728651.07,0.6412708611841821,822,23,2073,20.24182824192681,1824.4047802397513
2025,CUST131,Lattice Networks 131,SMB,Central,264654.86,169718.85,0.6412837081472829,171,12,474,45.34207306829733,1791.0118861977446
2025,CUST115,Pioneer Labs 115,SMB,East,264767.52,169794.38,0.6412961076192427,173,12,476,45.32277977298725,1797.8035976618278
2025,CUST143,Cedar Operations 143,SMB,Central,265276.84,170122.89,0.641303213654083,171,12,473,45.23576200621208,1783.042952411526
2025,CUST126,Foundry Networks 126,SMB,West,261994.03,168018.31,0.6413058725040414,170,12,468,45.80257038681378,1786.3002450857373
2025,CUST003,Cobalt Harbor Group,Enterprise,West,3768300.53,2416717.54,0.6413282382230804,2768,94,6900,24.944931873573257,1831.0641481665477
2025,CUST107,Granite Labs 107,Mid-Market,Central,606549.53,388999.59,0.6413319453070881,427,12,1100,19.78403973044048,1813.5369752903773
2025,CUST070,Kinetic Dynamics 070,Mid-Market,East,607530.21,389644.52,0.6413582626615392,425,12,1103,19.752104179313157,1815.547575815201
2025,CUST022,Beacon Cloud 022,Enterprise,East,1135895.19,728545.99,0.6413848710812835,817,23,2070,20.248347032792697,1822.3512329513428
2025,CUST102,Beacon Labs 102,Mid-Market,West,604833.55,387934.03,0.6413897344153611,425,12,1097,19.840169249870478,1813.7221389256597
2025,CUST061,Alto Dynamics 061,Mid-Market,East,597527.74,383259.75,0.641409133574284,419,12,1084,20.082749631004578,1814.1417166674137
2025,CUST048,Helix Digital 048,Enterprise,West,1142767.51,732988.77,0.6414154791642616,830,24,2084,21.001647132932575,1823.6430260429786
2025,CUST097,Rivet Industries 097,Mid-Market,East,610121.60,391342.70,0.6414175469283501,422,12,1107,19.668210402647606,1814.3924096442415
2025,CUST127,Granite Networks 127,SMB,East,267046.66,171289.03,0.6414198552417769,173,12,478,44.935967369897085,1789.9493669009005
2025,CUST140,Vertex Networks 140,SMB,Central,265851.76,170527.59,0.6414386348241591,172,12,475,45.137937021744754,1786.7100071107297
2025,CUST074,Orchid Dynamics 074,Mid-Market,Central,602411.06,386413.58,0.641445029246309,421,12,1094,19.919952996878905,1816.0357148821267
2025,CUST139,Tandem Networks 139,SMB,East,263917.39,169292.32,0.6414595112508501,171,12,472,45.46877339155255,1788.438420067734
2025,CUST033,Nova Cloud 033,Enterprise,West,1132521.77,726470.27,0.6414625212899882,817,24,2064,21.19164561401764,1822.4815228055172
2025,CUST027,Granite Cloud 027,Enterprise,West,1136157.65,728805.68,0.6414652755275644,821,22,2073,19.363509984727912,1824.5707362882256
2025,CUST007,Arcfield Commerce,Enterprise,East,1133005.24,726816.92,0.641494756017192,814,22,2068,19.417385924887693,1825.2342769394431
2025,CUST137,Rivet Networks 137,SMB,Central,265713.18,170455.28,0.641501035063447,174,12,477,45.161478252603054,1795.1687605409713
2025,CUST085,Ember Industries 085,Mid-Market,East,600947.42,385515.29,0.6415125136904656,422,12,1092,19.96846912164129,1817.1306900693573
2025,CUST018,Summit Advisory 018,Enterprise,West,1131193.11,725675.65,0.641513498963939,817,23,2063,20.33251422473745,1823.7381237231898
2025,CUST004,Juniper Peak Networks,Enterprise,East,3761951.91,2413404.33,0.6415298195558273,2761,91,6889,24.189570248918997,1831.2302136791536
2025,CUST105,Ember Labs 105,Mid-Market,West,600912.86,385520.95,0.6415588276809386,419,12,1089,19.969617558193047,1812.242793406019
2025,CUST053,Nova Digital 053,Mid-Market,Central,603022.30,386880.42,0.6415690099686197,417,12,1095,19.899761584273087,1815.8532445649191
2025,CUST062,Beacon Dynamics 062,Mid-Market,Central,602986.07,386866.63,0.6415846886811167,419,12,1092,19.900957247652507,1810.987109536378
2025,CUST078,Summit Dynamics 078,Mid-Market,West,602842.00,386784.67,0.6416020615683711,420,12,1095,19.905713271470802,1816.3963360217106
2025,CUST130,Kinetic Networks 130,SMB,East,263094.92,168805.35,0.6416138707657297,171,12,471,45.610914874373094,1790.228408819144
2025,CUST113,Nova Labs 113,SMB,Central,264036.61,169410.78,0.6416185240372538,174,12,474,45.44824295388431,1795.2055966784303
2025,CUST087,Granite Industries 087,Mid-Market,West,603685.92,387336.49,0.6416192214653607,422,12,1096,19.87788616968241,1815.51360349766
2025,CUST082,Beacon Industries 082,Mid-Market,East,604947.27,388154.71,0.6416339559644595,421,12,1099,19.8364396288622,1816.6872626766296
2025,CUST120,Vertex Labs 120,SMB,West,264820.38,169923.13,0.6416542790248998,170,12,474,45.31373302915735,1789.892454651715
2025,CUST042,Beacon Digital 042,Enterprise,West,1128430.85,724068.63,0.641659725981437,815,23,2056,20.382285720033266,1821.9991061038434
2025,CUST101,Alto Labs 101,Mid-Market,Central,604515.20,387893.43,0.641660342039373,426,12,1098,19.850617486541285,1816.3315000185275
2025,CUST079,Tandem Dynamics 079,Mid-Market,East,602073.31,386335.54,0.6416752471555331,413,12,1093,19.93112765619854,1815.3935440187506
2025,CUST066,Foundry Dynamics 066,Mid-Market,West,602043.31,386325.16,0.6416899807424152,423,12,1094,19.93212083031036,1817.145015696628
2025,CUST124,Delta Networks 124,SMB,East,264028.90,169429.01,0.6417063056354816,173,12,474,45.44957010387878,1795.2580191032118
2025,CUST015,Pioneer Advisory 015,Enterprise,West,1126305.70,722766.25,0.6417141012426734,811,23,2054,20.42074367554031,1823.6611960678174
2025,CUST045,Ember Digital 045,Enterprise,West,1134038.79,727739.11,0.6417232959024267,817,24,2069,21.16329724488525,1824.4525833194825
2025,CUST013,Nova Advisory 013,Enterprise,East,1130573.30,725523.78,0.6417308634477746,816,24,2063,21.228168045362473,1824.7379448992824
2025,CUST073,Nova Dynamics 073,Mid-Market,East,597623.87,383519.94,0.6417413347294846,411,12,1085,20.079519246779753,1815.5231985630028
2025,CUST065,Ember Dynamics 065,Mid-Market,Central,605035.49,388284.30,0.6417545853384568,424,12,1096,19.83354728497001,1811.4639853605943
2025,CUST031,Lattice Cloud 031,Enterprise,East,1127594.70,723643.23,0.6417582753803295,812,21,2056,18.62371293515303,1823.350180698792
2025,CUST044,Delta Digital 044,Enterprise,Central,1121026.81,719429.19,0.6417591297392788,811,20,2047,17.840786519637295,1826.0045002848772
2025,CUST014,Orchid Advisory 014,Enterprise,Central,1134164.97,727868.23,0.6417657477112876,819,22,2068,19.397530854792667,1823.3679003505106
2025,CUST002,Aster Ridge Technologies,Enterprise,Central,3745390.85,2403673.13,0.6417683030330465,2753,92,6861,24.563524525083942,1831.8515409413144
2025,CUST009,Evercrest Health Tech,Enterprise,West,1138754.41,730824.85,0.6417756485351394,819,22,2075,19.319354381248896,1822.1663791405208
2025,CUST060,Vertex Digital 060,Mid-Market,West,602761.33,386844.00,0.6417863601170302,424,12,1093,19.90837733402705,1813.321368840964
2025,CUST011,Lattice Advisory 011,Enterprise,Central,1129309.58,724776.33,0.6417871085446737,810,25,2062,22.137419572762322,1825.8943663614364
2025,CUST086,Foundry Industries 086,Mid-Market,Central,603200.35,387126.32,0.6417872933926514,419,12,1092,19.893887661039987,1810.3437771546387
2025,CUST069,Indigo Dynamics 069,Mid-Market,West,604460.77,387939.86,0.6417949340202839,423,12,1098,19.852404979069195,1816.4950555848316
2025,CUST135,Pioneer Networks 135,SMB,West,261578.00,167879.71,0.6417959843717743,171,12,469,45.87541765744826,1792.964240111936
2025,CUST020,Vertex Advisory 020,Enterprise,Central,1124201.20,721536.92,0.641821873166476,813,22,2049,19.569450735331007,1822.6274798496925
2025,CUST047,Granite Digital 047,Enterprise,Central,1119390.97,718465.49,0.6418360601926242,806,20,2041,17.86685843999617,1823.3129038016093
2025,CUST039,Tandem Cloud 039,Enterprise,West,1136884.58,729697.24,0.6418393325380488,818,23,2073,20.230725620361568,1823.404096130849
2025,CUST054,Orchid Digital 054,Mid-Market,West,609825.15,391409.89,0.6418395338401507,427,12,1110,19.67777157108066,1820.1938703249612
2025,CUST050,Kinetic Digital 050,Enterprise,Central,1134250.47,728019.57,0.6418507986159353,817,22,2068,19.396068665503837,1823.2304545573606
2025,CUST136,Quartz Networks 136,SMB,East,262484.82,168477.10,0.6418546413464977,172,12,471,45.71692945900643,1794.3894812660023
2025,CUST138,Summit Networks 138,SMB,West,264696.04,169898.40,0.6418622658654055,172,12,472,45.335018990083874,1783.177413609966
2025,CUST129,Indigo Networks 129,SMB,West,265615.37,170493.12,0.6418797225476823,173,12,477,45.17810848069522,1795.829812107635
2025,CUST106,Foundry Labs 106,Mid-Market,East,603776.76,387553.73,0.6418824898129567,416,12,1098,19.87489548289338,1818.552936684744
2025,CUST103,Cedar Labs 103,Mid-Market,East,599777.09,384987.53,0.6418843540689426,415,12,1088,20.007433094851955,1814.0072672665772
2025,CUST008,Brightpath Logistics,Enterprise,Central,1120668.03,719357.45,0.6419005724648003,809,22,2046,19.631148039442152,1825.6967676681202
2025,CUST016,Quartz Advisory 016,Enterprise,East,1136670.58,729643.14,0.6419125759373485,818,25,2074,21.994059175878377,1824.6271492308701
2025,CUST046,Foundry Digital 046,Enterprise,East,1137157.99,729972.48,0.6419270553601791,819,22,2076,19.34647620951949,1825.603845952839
2025,CUST100,Vertex Industries 100,Mid-Market,East,601839.85,386346.09,0.6419416893048874,416,12,1090,19.938859149988158,1811.1130394572579
2025,CUST012,Mosaic Advisory 012,Enterprise,West,1128696.30,724567.51,0.6419508152901715,817,23,2057,20.37749215621598,1822.456581101577
2025,CUST058,Summit Digital 058,Mid-Market,East,598833.43,384426.88,0.6419596180527195,422,12,1085,20.038961418703696,1811.8560949411258
2025,CUST055,Pioneer Digital 055,Mid-Market,East,603016.82,387116.45,0.6419662556012949,420,12,1094,19.899942426149906,1814.2114178506665
2025,CUST110,Kinetic Labs 110,Mid-Market,Central,601473.16,386128.73,0.6419716716868962,416,12,1091,19.95101493805642,1813.8797747849628
2025,CUST109,Indigo Labs 109,Mid-Market,East,609346.21,391189.45,0.641982248482353,426,12,1104,19.69323810186659,1811.777905371726
2025,CUST122,Beacon Networks 122,SMB,Central,262909.11,168788.89,0.6420047217078176,172,12,471,45.64315021263432,1791.4936458458972
2025,CUST144,Delta Operations 144,SMB,West,265534.81,170476.24,0.6420108911520865,172,12,477,45.1918149639213,1796.3746448158718
2025,CUST096,Quartz Industries 096,Mid-Market,West,613144.12,393657.97,0.6420317135227521,432,12,1111,19.571255123509953,1811.9720368516298
2025,CUST112,Mosaic Labs 112,SMB,East,265643.19,170556.55,0.6420512793872111,174,12,477,45.17337711537043,1795.6417403359746
2025,CUST119,Tandem Labs 119,SMB,Central,261283.97,167766.03,0.6420831327693007,170,12,466,45.92704252005969,1783.5001511956514
2025,CUST023,Cedar Cloud 023,Enterprise,Central,1128013.25,724299.08,0.6421015710586733,816,24,2058,21.276345823065466,1824.4466543278636
2025,CUST028,Helix Cloud 028,Enterprise,East,1137673.31,730524.19,0.6421212342583653,821,24,2074,21.09568695076445,1823.0189473285611
2025,CUST040,Vertex Cloud 040,Enterprise,East,1130973.82,726287.05,0.6421784811959661,815,23,2064,20.336456594547872,1824.9759309194264
2025,CUST093,Nova Industries 093,Mid-Market,West,602268.54,386789.20,0.6422204951963787,420,12,1094,19.924666827193064,1816.465459079101
2025,CUST084,Delta Industries 084,Mid-Market,West,600385.88,385583.01,0.642225313493382,415,12,1090,19.987145600426178,1815.4990587053778
2025,CUST092,Mosaic Industries 092,Mid-Market,Central,603823.92,387802.79,0.6422448285917522,421,12,1093,19.873343209060018,1810.13034395855
2025,CUST057,Rivet Digital 057,Mid-Market,West,597707.28,383883.63,0.6422602548859703,415,12,1085,20.076717151579615,1815.2698424553234
2025,CUST088,Helix Industries 088,Mid-Market,East,606753.37,389713.64,0.6422933258697846,431,12,1103,19.77739324299097,1817.8720622515868
2025,CUST114,Orchid Labs 114,SMB,West,262012.56,168288.92,0.6422933312815233,172,12,469,45.79933114656794,1789.9905256450302
2025,CUST075,Pioneer Dynamics 075,Mid-Market,West,604554.50,388307.57,0.6423036632760156,425,12,1097,19.849327066459683,1814.5593159921893
2025,CUST036,Quartz Cloud 036,Enterprise,West,1131278.18,726659.85,0.6423352477283704,818,24,2064,21.214941138527042,1824.4849379133257
2025,CUST116,Quartz Labs 116,SMB,Central,263610.85,169343.49,0.6423995446317934,172,12,472,45.52164677591989,1790.5181065195156
2025,CUST128,Helix Networks 128,SMB,Central,263775.57,169450.89,0.642405549535918,171,12,472,45.49321986111147,1789.399981203718
2025,CUST035,Pioneer Cloud 035,Enterprise,Central,1129003.95,725305.25,0.642429328967361,818,23,2058,20.37193935415372,1822.8457039499287
2025,CUST063,Cedar Dynamics 063,Mid-Market,West,598376.26,384459.48,0.6425045672767833,412,12,1086,20.054271538112157,1814.9115741991502
2025,CUST064,Delta Dynamics 064,Mid-Market,East,598802.54,384843.76,0.6426889237978182,416,12,1086,20.039995154329173,1813.61956146679
