period,top_1_revenue_pct,top_5_revenue_pct,top_10_revenue_pct,hhi,customer_count,top_10_yoy_change,hhi_yoy_change
2024-01,0.07329990070601955,0.19689866135004977,0.24565634834088956,149.15549503170942,144,,
2024-02,0.07322299776750776,0.19904384538320544,0.24763568535499464,150.0144396106672,144,,
2024-03,0.07640401275669835,0.20065487920134753,0.24917843950101481,153.77827936797993,144,,
2024-04,0.0733545377295632,0.1973618501924295,0.24608610222341865,149.40418412867544,144,,
2024-05,0.07290795188343947,0.20017074084285516,0.24875349608236338,150.4225194180878,144,,
2024-06,0.07637265328736745,0.2017705769211888,0.25022862599745094,154.01172781806,144,,
2024-07,0.07578784842282241,0.19869972850600812,0.24719362398924927,152.08493478310703,144,,
2024-08,0.07454334474798763,0.20047054163469377,0.24890115838858726,151.97376010955045,144,,
2024-09,0.07313035211163581,0.1989842526999828,0.24758884459342187,150.0632284647008,144,,
2024-10,0.07620317457400622,0.20153538659752965,0.2499657805602844,153.81068660564534,144,,
2024-11,0.07533144646768059,0.20026310449671636,0.2487543112448741,152.50344483780833,144,,
2024-12,0.07419277118347592,0.19946370326175394,0.24802592842784604,151.20921639523257,144,,
2025-01,0.08796977278488806,0.21132659205856336,0.2591599797044844,170.52390049448158,144,0.013503631363594837,21.36840546277216
2025-02,0.08575538131031854,0.2081529043674623,0.2561059136574386,166.62109064385902,144,0.008470228302443983,16.60665103319181
2025-03,0.08692278092408412,0.21043200521624972,0.2583879795003691,168.98963822616736,144,0.00920953999935431,15.211358858187424
2025-04,0.085990151641615,0.21142591314377226,0.2592063153610598,168.38606286871976,144,0.013120213137641168,18.981878740044323
2025-05,0.0870516341305823,0.2117955462586986,0.2596643386184911,169.8895700042774,144,0.010910842536127702,19.4670505861896
2025-06,0.09014505979090846,0.21538982412644506,0.2629157618115582,175.04639993993214,144,0.012687135814107242,21.03467212187215
2025-07,0.08872933605840733,0.21149030235993668,0.2590901781808788,171.57048805213313,144,0.01189655419162955,19.4855532690261
2025-08,0.08505467724448347,0.20929208573721025,0.2572149137096501,166.30895955369957,144,0.008313755321062849,14.335199444149112
2025-09,0.08825202580939967,0.2142348250369837,0.2619665018579963,172.35577395014806,144,0.014377657264574434,22.29254548544725
2025-10,0.08679508269843952,0.20944758564195046,0.25754875799690746,168.45474103296658,144,0.007582977436623062,14.644054427321237
2025-11,0.0858747454046264,0.21004867757182655,0.2581161837323346,167.5717395313124,144,0.009361872487460482,15.068294693504072
2025-12,0.08855251280382656,0.21040770301502673,0.25822631473200386,170.76915517962823,144,0.010200386304157816,19.559938784395655
