year,customer_id,customer_name,segment,region,revenue,cogs,gross_profit,gross_margin_pct,support_tickets,implementation_hours,prior_year_revenue,prior_year_gross_profit,prior_year_gross_margin_pct,revenue_concentration_pct,revenue_rank,gross_profit_rank,customer_count,company_gross_margin_pct,revenue_growth_pct,gross_profit_growth_pct,margin_change_bps,profitability_trend,profitability_segment
2025,CUST001,Northstar Systems,Enterprise,West,10625951.72,-6093166.53,4532785.19,0.4265768666601847,600,55312,7834197.33,4573937.77,0.583842553018766,0.087258413922929,1,1,144,0.6227093695617654,0.3563548724142236,-0.008997188433545134,-1572.656863585813,Deteriorating,High Revenue / Deteriorating Margin
2025,CUST005,Meridian Forge Labs,Enterprise,Central,3811286.73,-1368841.49,2442445.24,0.6408453136770427,93,6981,3286001.35,2311426.75,0.7034162508788987,0.031297604565561354,2,2,144,0.6227093695617654,0.15985549732047422,0.05668295134163359,-625.7093720185602,Deteriorating,High Revenue / High Margin
2025,CUST003,Cobalt Harbor Group,Enterprise,West,3768300.53,-1351582.99,2416717.54,0.6413282382230804,94,6900,3292710.71,2318418.71,0.7041064078174059,0.030944609583896426,3,3,144,0.6227093695617654,0.14443717103832654,0.042399084158529776,-627.7816959432547,Deteriorating,High Revenue / High Margin
2025,CUST004,Juniper Peak Networks,Enterprise,East,3761951.91,-1348547.58,2413404.33,0.6415298195558273,91,6889,3271789.64,2304757.15,0.7044331707095937,0.030892475852594345,4,4,144,0.6227093695617654,0.14981472647489658,0.047140402623330635,-629.0335115376633,Deteriorating,High Revenue / High Margin
2025,CUST002,Aster Ridge Technologies,Enterprise,Central,3745390.85,-1341717.72,2403673.13,0.6417683030330465,92,6861,3288508.53,2316759.29,0.7045015297558009,0.03075647939161264,5,5,144,0.6227093695617654,0.13893298917488295,0.03751526555872786,-627.3322672275439,Deteriorating,High Revenue / High Margin
2025,CUST048,Helix Digital 048,Enterprise,West,1142767.51,-409778.74,732988.77,0.6414154791642616,24,2084,990358.26,697033.02,0.7038190603872987,0.009384202284447694,6,6,144,0.6227093695617654,0.15389304674451854,0.051583998129672626,-624.0358122303713,Deteriorating,High Revenue / High Margin
2025,CUST029,Indigo Cloud 029,Enterprise,Central,1142335.12,-410606.26,731728.86,0.6405553389621776,24,2082,985979.09,694102.48,0.7039728195452908,0.009380651575147453,7,7,144,0.6227093695617654,0.15857945831285347,0.05420868111579136,-634.1748058311314,Deteriorating,High Revenue / High Margin
2025,CUST009,Evercrest Health Tech,Enterprise,West,1138754.41,-407929.56,730824.85,0.6417756485351394,22,2075,998056.15,702403.98,0.7037720072162272,0.00935124742542504,8,8,144,0.6227093695617654,0.14097228898394132,0.04046228496598214,-619.9635868108788,Deteriorating,High Revenue / High Margin
2025,CUST028,Helix Cloud 028,Enterprise,East,1137673.31,-407149.12,730524.19,0.6421212342583653,24,2074,1001427.45,704825.24,0.7038205713254615,0.009342369625696805,10,9,144,0.6227093695617654,0.1360516530678284,0.03646144964956122,-616.9933706709618,Deteriorating,High Revenue / High Margin
2025,CUST046,Foundry Digital 046,Enterprise,East,1137157.99,-407185.51,729972.48,0.6419270553601791,22,2076,993031.73,699441.94,0.7043500412620249,0.00933813791007757,11,10,144,0.6227093695617654,0.14513761811014847,0.043649856055243186,-624.2298590184581,Deteriorating,High Revenue / High Margin
2025,CUST039,Tandem Cloud 039,Enterprise,West,1136884.58,-407187.34,729697.24,0.6418393325380488,23,2073,989767.97,697493.15,0.7047036993933034,0.009335892716086544,12,11,144,0.6227093695617654,0.148637473083717,0.046171191788765276,-628.6436685525454,Deteriorating,High Revenue / High Margin
2025,CUST016,Quartz Advisory 016,Enterprise,East,1136670.58,-407027.44,729643.14,0.6419125759373485,25,2074,995332.18,700580.48,0.7038659997911451,0.00933413538638361,14,12,144,0.6227093695617654,0.14200123621040772,0.04148368507212763,-619.5342385379654,Deteriorating,High Revenue / High Margin
2025,CUST049,Indigo Digital 049,Enterprise,East,1138534.38,-409256.91,729277.47,0.6405405781422253,24,2075,988829.05,696078.49,0.7039421930413553,0.009349440578441224,9,13,144,0.6227093695617654,0.15139657355333558,0.047694305278704885,-634.0161489912999,Deteriorating,High Revenue / High Margin
2025,CUST030,Kinetic Cloud 030,Enterprise,West,1136813.82,-407973.90,728839.92,0.6411251404385636,22,2075,984133.17,692683.80,0.7038516951928365,0.009335311647629631,13,14,144,0.6227093695617654,0.15514226595979896,0.05219714969514233,-627.2655475427291,Deteriorating,High Revenue / High Margin
2025,CUST027,Granite Cloud 027,Enterprise,West,1136157.65,-407351.97,728805.68,0.6414652755275644,22,2073,995030.88,700206.40,0.703703185573497,0.009329923297016663,16,15,144,0.6227093695617654,0.14183154798170672,0.04084407111960142,-622.379100459326,Deteriorating,High Revenue / High Margin
2025,CUST034,Orchid Cloud 034,Enterprise,East,1136261.00,-407609.93,728651.07,0.6412708611841821,23,2073,995186.79,700578.13,0.703966468445587,0.009330771988721329,15,16,144,0.6227093695617654,0.1417565138701249,0.04007110527415403,-626.9560726140488,Deteriorating,High Revenue / High Margin
2025,CUST022,Beacon Cloud 022,Enterprise,East,1135895.19,-407349.20,728545.99,0.6413848710812835,23,2070,991477.56,697725.27,0.7037227045259602,0.009327768022466045,17,17,144,0.6227093695617654,0.1456590000887159,0.04417314568526365,-623.378334446767,Deteriorating,High Revenue / High Margin
2025,CUST050,Kinetic Digital 050,Enterprise,Central,1134250.47,-406230.90,728019.57,0.6418507986159353,22,2068,990042.46,696910.14,0.7039194460407284,0.009314261876162256,20,18,144,0.6227093695617654,0.14565840943831843,0.044639083598353,-620.6864742479312,Deteriorating,High Revenue / High Margin
2025,CUST014,Orchid Advisory 014,Enterprise,Central,1134164.97,-406296.74,727868.23,0.6417657477112876,22,2068,994729.67,699874.62,0.7035827331861931,0.009313559765463187,21,19,144,0.6227093695617654,0.14017406357246776,0.039998035648156405,-618.1698547490555,Deteriorating,High Revenue / High Margin
2025,CUST045,Ember Digital 045,Enterprise,West,1134038.79,-406299.68,727739.11,0.6417232959024267,24,2069,993384.98,699248.79,0.7039051365564235,0.00931252359788414,22,20,144,0.6227093695617654,0.1415904335497402,0.0407441820528569,-621.8184065399679,Deteriorating,High Revenue / High Margin
2025,CUST032,Mosaic Cloud 032,Enterprise,Central,1135614.21,-407883.20,727731.01,0.6408259104119524,22,2070,990947.98,696856.46,0.7032220399702515,0.009325460664989734,18,21,144,0.6227093695617654,0.1459877137042047,0.04430546571958316,-623.9612955829909,Deteriorating,High Revenue / High Margin
2025,CUST038,Summit Cloud 038,Enterprise,Central,1134279.95,-407117.73,727162.22,0.6410782629103159,23,2067,1001414.01,704805.60,0.7038104050491564,0.009314503960646568,19,22,144,0.6227093695617654,0.132678331512458,0.031720264424686784,-627.3214213884048,Deteriorating,High Revenue / High Margin
2025,CUST007,Arcfield Commerce,Enterprise,East,1133005.24,-406188.32,726816.92,0.641494756017192,22,2068,990401.22,697461.64,0.7042213053816715,0.009304036270246436,24,23,144,0.6227093695617654,0.1439861110025693,0.04208873766878418,-627.2654936447952,Deteriorating,High Revenue / High Margin
2025,CUST036,Quartz Cloud 036,Enterprise,West,1131278.18,-404618.33,726659.85,0.6423352477283704,24,2064,990898.19,697550.74,0.7039580322575825,0.00928985396259807,29,24,144,0.6227093695617654,0.1416694383103072,0.04173045533576514,-616.2278452921211,Deteriorating,High Revenue / High Margin
2025,CUST037,Rivet Cloud 037,Enterprise,East,1133426.17,-406862.52,726563.65,0.6410330634945548,23,2065,982822.81,691539.21,0.7036255192327088,0.009307492872077541,23,25,144,0.6227093695617654,0.15323551556561843,0.050647077553274356,-625.9245573815398,Deteriorating,High Revenue / High Margin
2025,CUST033,Nova Cloud 033,Enterprise,West,1132521.77,-406051.50,726470.27,0.6414625212899882,24,2064,988766.37,695931.57,0.7038382282358572,0.009300066101127382,26,26,144,0.6227093695617654,0.14538864221282122,0.043881756937683036,-623.7570694586902,Deteriorating,High Revenue / High Margin
2025,CUST040,Vertex Cloud 040,Enterprise,East,1130973.82,-404686.77,726287.05,0.6421784811959661,23,2064,984623.68,693284.22,0.7041108538035566,0.009287354612745803,31,27,144,0.6227093695617654,0.14863560868249692,0.04760360765170746,-619.3237260759055,Deteriorating,High Revenue / High Margin
2025,CUST010,Redwood Signal Partners,Enterprise,East,1132696.98,-406790.41,725906.57,0.6408656355736023,24,2064,993563.54,700015.33,0.7045501387862924,0.009301504894292106,25,28,144,0.6227093695617654,0.14003476818402572,0.03698667570608771,-636.8450321269004,Deteriorating,High Revenue / High Margin
2025,CUST019,Tandem Advisory 019,Enterprise,East,1131948.32,-406171.42,725776.90,0.6411749433931754,22,2065,989390.36,695883.03,0.7033452701115868,0.00929535703235099,28,29,144,0.6227093695617654,0.1440866676728083,0.042958182210593554,-621.7032671841139,Deteriorating,High Revenue / High Margin
2025,CUST018,Summit Advisory 018,Enterprise,West,1131193.11,-405517.46,725675.65,0.641513498963939,23,2063,992738.26,698749.09,0.7038603407911366,0.00928915538298205,30,30,144,0.6227093695617654,0.13946762765041432,0.038535377555912076,-623.4684182719752,Deteriorating,High Revenue / High Margin
2025,CUST006,Silverline Data Works,Enterprise,West,1132103.23,-406556.10,725547.13,0.6408842504583262,22,2067,987708.39,695091.37,0.7037414858853229,0.009296629125548567,27,31,144,0.6227093695617654,0.14619177224970215,0.04381547709332079,-628.5723542699673,Deteriorating,High Revenue / High Margin
2025,CUST013,Nova Advisory 013,Enterprise,East,1130573.30,-405049.52,725523.78,0.6417308634477746,24,2063,988083.18,695029.23,0.703411660139787,0.009284065614182161,32,32,144,0.6227093695617654,0.14420862826548664,0.043875205075907475,-616.8079669201231,Deteriorating,High Revenue / High Margin
2025,CUST035,Pioneer Cloud 035,Enterprise,Central,1129003.95,-403698.70,725305.25,0.642429328967361,23,2058,987824.04,695327.41,0.7038980444330956,0.009271178392830287,35,33,144,0.6227093695617654,0.14292009941365658,0.04311327235035933,-614.6871546573451,Deteriorating,High Revenue / High Margin
2025,CUST011,Lattice Advisory 011,Enterprise,Central,1129309.58,-404533.25,724776.33,0.6417871085446737,25,2062,982457.74,691435.79,0.7037817117711344,0.00927368817169528,34,34,144,0.6227093695617654,0.1494739509100922,0.04821928584286894,-619.9460322646066,Deteriorating,High Revenue / High Margin
2025,CUST024,Delta Cloud 024,Enterprise,West,1130341.19,-405601.18,724740.01,0.6411692473137248,22,2063,990141.14,696957.37,0.703896991897539,0.009282159568400158,33,35,144,0.6227093695617654,0.141596025390885,0.03986275372911252,-627.2774458381414,Deteriorating,High Revenue / High Margin
2025,CUST012,Mosaic Advisory 012,Enterprise,West,1128696.30,-404128.79,724567.51,0.6419508152901715,23,2057,995224.08,700124.80,0.7034845861044682,0.009268652026086793,36,36,144,0.6227093695617654,0.13411273167747306,0.03491193284397287,-615.3377081429667,Deteriorating,High Revenue / High Margin
2025,CUST023,Cedar Cloud 023,Enterprise,Central,1128013.25,-403714.17,724299.08,0.6421015710586733,24,2058,993930.90,699606.02,0.7038779255177599,0.009263042941724225,38,37,144,0.6227093695617654,0.13490107813329888,0.03529566540893958,-617.7635445908658,Deteriorating,Core / Monitor
2025,CUST042,Beacon Digital 042,Enterprise,West,1128430.85,-404362.22,724068.63,0.641659725981437,23,2056,992995.26,698380.65,0.703307133611091,0.009266472198191262,37,38,144,0.6227093695617654,0.13639097330635797,0.036782204661598206,-616.4740762965404,Deteriorating,Core / Monitor
2025,CUST031,Lattice Cloud 031,Enterprise,East,1127594.70,-403951.47,723643.23,0.6417582753803295,21,2056,988690.52,696008.20,0.7039697316001371,0.0092596058840272,39,39,144,0.6227093695617654,0.14049308372047498,0.039705035084356854,-622.1145621980761,Deteriorating,Core / Monitor
2025,CUST015,Pioneer Advisory 015,Enterprise,West,1126305.70,-403539.45,722766.25,0.6417141012426734,23,2054,1002472.39,705301.72,0.7035622397540544,0.009249020846704382,44,40,144,0.6227093695617654,0.12352790085320953,0.024761785636932876,-618.4813851138105,Deteriorating,Core / Monitor
2025,CUST041,Alto Digital 041,Enterprise,Central,1127533.60,-404996.31,722537.29,0.6408122028469927,23,2054,988890.80,695439.57,0.7032521386587881,0.00925910414176155,40,41,144,0.6227093695617654,0.1402003133207428,0.03896488087383365,-624.3993581179541,Deteriorating,Core / Monitor
2025,CUST021,Alto Cloud 021,Enterprise,West,1127224.97,-404688.05,722536.92,0.6409873266026036,24,2055,993882.42,699399.96,0.7037049312130905,0.009256569727433434,41,42,144,0.6227093695617654,0.1341633047498716,0.03308115716792437,-627.1760461048692,Deteriorating,Core / Monitor
2025,CUST043,Cedar Digital 043,Enterprise,East,1127004.40,-404637.96,722366.44,0.6409615082248126,23,2055,996752.96,700832.53,0.7031155743946825,0.009254758446066253,42,43,144,0.6227093695617654,0.13067574938528392,0.030726185041667353,-621.5406616986996,Deteriorating,Core / Monitor
2025,CUST025,Ember Cloud 025,Enterprise,East,1126336.59,-404258.51,722078.08,0.6410855213360332,22,2053,984969.16,693201.12,0.7037795173201159,0.009249274509856364,43,44,144,0.6227093695617654,0.1435247272107485,0.041657405285207894,-626.9399598408265,Deteriorating,Core / Monitor
2025,CUST020,Vertex Advisory 020,Enterprise,Central,1124201.20,-402664.28,721536.92,0.641821873166476,22,2049,988531.32,695741.08,0.7038128847551335,0.009231739069322016,46,45,144,0.6227093695617654,0.1372438862129326,0.037076781494633115,-619.910115886575,Deteriorating,Core / Monitor
2025,CUST017,Rivet Advisory 017,Enterprise,Central,1124297.24,-403515.23,720782.01,0.6410955967480628,20,2049,990309.70,696899.69,0.7037189376212309,0.009232527732614867,45,46,144,0.6227093695617654,0.13529862425865358,0.03426937957168574,-626.2334087316812,Deteriorating,Core / Monitor
2025,CUST026,Foundry Cloud 026,Enterprise,Central,1123932.05,-404021.18,719910.87,0.6405288202253864,22,2050,990645.40,697088.04,0.7036705969663818,0.009229528857688631,47,47,144,0.6227093695617654,0.1345452671561389,0.032740240386278874,-631.4177674099542,Deteriorating,Core / Monitor
2025,CUST044,Delta Digital 044,Enterprise,Central,1121026.81,-401597.62,719429.19,0.6417591297392788,20,2047,986287.21,694888.05,0.7045493877995235,0.009205671546725294,48,48,144,0.6227093695617654,0.1366129446208677,0.03531668158633594,-627.9025806024463,Deteriorating,Core / Monitor
2025,CUST008,Brightpath Logistics,Enterprise,Central,1120668.03,-401310.58,719357.45,0.6419005724648003,22,2046,991531.30,698403.23,0.7043683139402659,0.009202725309571932,49,49,144,0.6227093695617654,0.13023969087007137,0.030003039934394238,-624.6774147546563,Deteriorating,Core / Monitor
2025,CUST047,Granite Digital 047,Enterprise,Central,1119390.97,-400925.48,718465.49,0.6418360601926242,20,2041,985768.82,693723.50,0.7037385296889387,0.009192238321392354,50,50,144,0.6227093695617654,0.13555120357732564,0.035665492087265216,-619.0246949631451,Deteriorating,Core / Monitor
2025,CUST096,Quartz Industries 096,Mid-Market,West,613144.12,-219486.15,393657.97,0.6420317135227521,12,1111,523178.56,368364.14,0.7040887531782648,0.00503502978624206,51,51,144,0.6227093695617654,0.1719595695970415,0.06866528864617494,-620.5703965551268,Deteriorating,Core / Monitor
2025,CUST054,Orchid Digital 054,Mid-Market,West,609825.15,-218415.26,391409.89,0.6418395338401507,12,1110,526959.31,370493.74,0.7030784597011863,0.005007774998559119,53,52,144,0.6227093695617654,0.15725282470101898,0.056454800019023255,-612.3892586103564,Deteriorating,Core / Monitor
2025,CUST097,Rivet Industries 097,Mid-Market,East,610121.60,-218778.90,391342.70,0.6414175469283501,12,1107,526874.68,371021.45,0.7041929781100886,0.0050102093929069455,52,53,144,0.6227093695617654,0.15800136761174377,0.05477109207567388,-627.7543118173857,Deteriorating,Core / Monitor
2025,CUST109,Indigo Labs 109,Mid-Market,East,609346.21,-218156.76,391189.45,0.641982248482353,12,1104,524502.99,369317.15,0.7041278258490005,0.005003842028989382,54,54,144,0.6227093695617654,0.1617592685219964,0.05922362392323244,-621.455773666475,Deteriorating,Core / Monitor
2025,CUST081,Alto Industries 081,Mid-Market,West,608688.15,-218362.06,390326.09,0.6412579085037223,12,1101,529034.29,371966.30,0.7031043299669667,0.004998438158034648,55,55,144,0.6227093695617654,0.1505646448739646,0.04935874567131493,-618.4642146324437,Deteriorating,Core / Monitor
2025,CUST088,Helix Industries 088,Mid-Market,East,606753.37,-217039.73,389713.64,0.6422933258697846,12,1103,526669.88,370898.19,0.7042327729089045,0.004982550090919488,58,56,144,0.6227093695617654,0.15205633175757072,0.050729419844297574,-619.3944703911991,Deteriorating,Core / Monitor
2025,CUST070,Kinetic Dynamics 070,Mid-Market,East,607530.21,-217885.69,389644.52,0.6413582626615392,12,1103,520783.70,366800.89,0.7043248281388224,0.004988929361977562,56,57,144,0.6227093695617654,0.16656917257586978,0.06227801137559941,-629.6656547728319,Deteriorating,Core / Monitor
2025,CUST107,Granite Labs 107,Mid-Market,Central,606549.53,-217549.94,388999.59,0.6413319453070881,12,1100,528973.06,371990.00,0.7032305199058719,0.004980876193318337,59,58,144,0.6227093695617654,0.1466548598902182,0.045725933492835935,-618.9857459878378,Deteriorating,Core / Monitor
2025,CUST077,Rivet Dynamics 077,Mid-Market,Central,606541.33,-217676.00,388865.33,0.6411192622273573,12,1099,524884.59,369466.20,0.7038998801622277,0.0049808088563857945,60,59,144,0.6227093695617654,0.1555708465359975,0.052505831385929236,-627.8061793487044,Deteriorating,Core / Monitor
2025,CUST056,Quartz Digital 056,Mid-Market,Central,606954.22,-218130.81,388823.41,0.6406140647642256,12,1103,529482.48,372574.97,0.7036587310688731,0.0049841994351757235,57,60,144,0.6227093695617654,0.1463159649777268,0.04361119588897777,-630.4466630464756,Deteriorating,Core / Monitor
2025,CUST075,Pioneer Dynamics 075,Mid-Market,West,604554.50,-216246.93,388307.57,0.6423036632760156,12,1097,532974.02,375160.70,0.703900539091943,0.0049644933639854125,68,61,144,0.6227093695617654,0.1343038822042395,0.03504330277665013,-615.9687581592732,Deteriorating,Core / Monitor
2025,CUST065,Ember Dynamics 065,Mid-Market,Central,605035.49,-216751.19,388284.30,0.6417545853384568,12,1096,532509.25,374883.14,0.7039936677156312,0.0049684431677882845,64,62,144,0.6227093695617654,0.13619714587117504,0.03574756656167555,-622.3908237717446,Deteriorating,Core / Monitor
2025,CUST094,Orchid Industries 094,Mid-Market,East,605536.49,-217366.91,388169.58,0.6410341678996092,12,1101,524426.15,369328.83,0.7042532680721585,0.004972557290130202,62,63,144,0.6227093695617654,0.15466494186073665,0.0510134830254112,-632.1910017254928,Deteriorating,Core / Monitor
2025,CUST082,Beacon Industries 082,Mid-Market,East,604947.27,-216792.56,388154.71,0.6416339559644595,12,1099,529454.62,372321.86,0.7032176997530024,0.004967718720935981,66,64,144,0.6227093695617654,0.142585685624955,0.04252463177961152,-615.8374378854293,Deteriorating,Core / Monitor
2025,CUST080,Vertex Dynamics 080,Mid-Market,Central,605771.13,-217706.02,388065.11,0.6406134112069685,12,1102,520724.38,366157.78,0.7031700340206849,0.004974484111819439,61,65,144,0.6227093695617654,0.1633239257973671,0.059830300478662446,-625.5662281371643,Deteriorating,Core / Monitor
2025,CUST069,Indigo Dynamics 069,Mid-Market,West,604460.77,-216520.91,387939.86,0.6417949340202839,12,1098,528742.34,372199.95,0.7039344532159086,0.00496372366999917,70,66,144,0.6227093695617654,0.14320477909902207,0.04228885576153352,-621.3951919562477,Deteriorating,Core / Monitor
2025,CUST102,Beacon Labs 102,Mid-Market,West,604833.55,-216899.52,387934.03,0.6413897344153611,12,1097,525951.70,370097.99,0.7036729608441232,0.0049667848726471136,67,67,144,0.6227093695617654,0.14997926615694968,0.048192750249738125,-622.8322642876216,Deteriorating,Core / Monitor
2025,CUST101,Alto Labs 101,Mid-Market,Central,604515.20,-216621.77,387893.43,0.641660342039373,12,1098,524159.64,368923.77,0.7038385671968181,0.004964170639418472,69,68,144,0.6227093695617654,0.15330360040692925,0.05141891507830998,-621.7822515744509,Deteriorating,Core / Monitor
2025,CUST092,Mosaic Industries 092,Mid-Market,Central,603823.92,-216021.13,387802.79,0.6422448285917522,12,1093,527011.90,370779.73,0.7035509634602178,0.00495849397176873,72,69,144,0.6227093695617654,0.1457500675032195,0.04591151733132759,-613.0613486846559,Deteriorating,Core / Monitor
2025,CUST091,Lattice Industries 091,Mid-Market,East,605010.55,-217262.35,387748.20,0.6408949397659264,12,1096,522869.02,367688.29,0.7032129958665364,0.004968238364971503,65,70,144,0.6227093695617654,0.1570977182775144,0.05455683671623057,-623.1805610061003,Deteriorating,Core / Monitor
2025,CUST089,Indigo Industries 089,Mid-Market,Central,605134.74,-217561.64,387573.10,0.640474053761977,12,1098,530144.81,373029.80,0.7036375589529962,0.004969258191026678,63,71,144,0.6227093695617654,0.14145178559797644,0.03898696565261006,-631.6350519101921,Deteriorating,Core / Monitor
2025,CUST106,Foundry Labs 106,Mid-Market,East,603776.76,-216223.03,387553.73,0.6418824898129567,12,1098,530649.79,373646.32,0.7041297802077713,0.004958106702288401,73,72,144,0.6227093695617654,0.1378064617720851,0.037220786758986435,-622.4729039481458,Deteriorating,Core / Monitor
2025,CUST087,Granite Industries 087,Mid-Market,West,603685.92,-216349.43,387336.49,0.6416192214653607,12,1096,521745.62,367228.15,0.7038451995054602,0.004957360740464969,74,73,144,0.6227093695617654,0.15705028822283174,0.05475707676549302,-622.2597804009955,Deteriorating,Core / Monitor
2025,CUST098,Summit Industries 098,Mid-Market,Central,604230.03,-217045.52,387184.51,0.6407899157213355,12,1096,533531.01,375422.43,0.703656250458619,0.004961828874411996,71,74,144,0.6227093695617654,0.1325115479229595,0.0313302537624085,-628.6633473728353,Deteriorating,Core / Monitor
2025,CUST086,Foundry Industries 086,Mid-Market,Central,603200.35,-216074.03,387126.32,0.6417872933926514,12,1092,528113.38,371968.42,0.7043343987989852,0.004953373326521725,76,75,144,0.6227093695617654,0.14217963953119295,0.0407505024216841,-625.4710540633379,Deteriorating,Core / Monitor
2025,CUST055,Pioneer Digital 055,Mid-Market,East,603016.82,-215900.37,387116.45,0.6419662556012949,12,1094,532355.76,374585.87,0.7036382399619382,0.004951866211005932,78,76,144,0.6227093695617654,0.1327327800491911,0.03345182240857092,-616.7198436064325,Deteriorating,Core / Monitor
2025,CUST053,Nova Digital 053,Mid-Market,Central,603022.30,-216141.88,386880.42,0.6415690099686197,12,1095,527658.07,371236.59,0.7035552209028094,0.004951911211785242,77,77,144,0.6227093695617654,0.1428277786029124,0.042139784766366706,-619.8621093418976,Deteriorating,Core / Monitor
2025,CUST051,Lattice Digital 051,Mid-Market,West,603618.30,-216750.24,386868.06,0.6409150617202957,12,1094,526105.12,370231.72,0.7037219481916466,0.004956805457126125,75,78,144,0.6227093695617654,0.14733401568112492,0.04493493966427309,-628.0688647135091,Deteriorating,Core / Monitor
2025,CUST062,Beacon Dynamics 062,Mid-Market,Central,602986.07,-216119.44,386866.63,0.6415846886811167,12,1092,531532.87,374564.22,0.7046868427911146,0.004951613697508898,79,79,144,0.6227093695617654,0.1344285631855655,0.03284459471329115,-631.0215410999787,Deteriorating,Core / Monitor
2025,CUST060,Vertex Digital 060,Mid-Market,West,602761.33,-215917.33,386844.00,0.6417863601170302,12,1093,528274.93,371586.33,0.7033957299469047,0.004949768172847975,82,80,144,0.6227093695617654,0.14099930882580392,0.04106090232113746,-616.0936982987453,Deteriorating,Core / Monitor
2025,CUST093,Nova Industries 093,Mid-Market,West,602268.54,-215479.34,386789.20,0.6422204951963787,12,1094,524906.59,369425.89,0.7037935835402639,0.004945721469556811,85,81,144,0.6227093695617654,0.14738231806158142,0.04700079358271281,-615.730883438852,Deteriorating,Core / Monitor
2025,CUST078,Summit Dynamics 078,Mid-Market,West,602842.00,-216057.33,386784.67,0.6416020615683711,12,1095,525802.56,370426.13,0.7044966270228885,0.004950430620451414,81,82,144,0.6227093695617654,0.14651781079194426,0.04416140945564506,-628.9456545451744,Deteriorating,Core / Monitor
2025,CUST074,Orchid Dynamics 074,Mid-Market,Central,602411.06,-215997.48,386413.58,0.641445029246309,12,1094,524994.93,369354.41,0.7035390037004737,0.004946891818291682,83,83,144,0.6227093695617654,0.14746071928732718,0.04618645273519295,-620.9397445416475,Deteriorating,Core / Monitor
2025,CUST100,Vertex Industries 100,Mid-Market,East,601839.85,-215493.76,386346.09,0.6419416893048874,12,1090,527180.44,371340.10,0.7043889944019927,0.0049422011439944225,89,84,144,0.6227093695617654,0.14162022020392118,0.04041036774644069,-624.4730509710528,Deteriorating,Core / Monitor
2025,CUST079,Tandem Dynamics 079,Mid-Market,East,602073.31,-215737.77,386335.54,0.6416752471555331,12,1093,529155.78,372271.88,0.7035203886462319,0.00494411827573483,86,85,144,0.6227093695617654,0.13779974207217394,0.03777792725037399,-618.4514149069876,Deteriorating,Core / Monitor
2025,CUST066,Foundry Dynamics 066,Mid-Market,West,602043.31,-215718.15,386325.16,0.6416899807424152,12,1094,528124.41,371549.75,0.7035269397981434,0.004943871921103578,88,86,144,0.6227093695617654,0.1399649374282852,0.039766976024071976,-618.3695905572816,Deteriorating,Core / Monitor
2025,CUST071,Lattice Dynamics 071,Mid-Market,Central,602955.65,-216692.63,386263.02,0.6406159723356104,12,1094,519879.95,366292.39,0.7045711033864646,0.004951363893912809,80,87,144,0.6227093695617654,0.15979785333133156,0.05452100711128627,-639.5513105085415,Deteriorating,Core / Monitor
2025,CUST104,Delta Labs 104,Mid-Market,Central,602374.00,-216203.45,386170.55,0.6410810393542882,12,1091,533940.64,375706.60,0.7036486303046721,0.004946587488203874,84,88,144,0.6227093695617654,0.12816660668496782,0.027851387226096147,-625.6759095038389,Deteriorating,Core / Monitor
2025,CUST110,Kinetic Labs 110,Mid-Market,Central,601473.16,-215344.43,386128.73,0.6419716716868962,12,1091,526814.00,370757.18,0.7037724509978854,0.004939189951336623,92,89,144,0.6227093695617654,0.1417182535012358,0.04145988487667318,-618.0077931098926,Deteriorating,Core / Monitor
2025,CUST068,Helix Dynamics 068,Mid-Market,Central,602051.01,-216185.54,385865.47,0.6409182338220809,12,1093,527826.88,371500.40,0.7038300133558943,0.004943935152125599,87,90,144,0.6227093695617654,0.14062211079511533,0.03866771072117281,-629.1177953381344,Deteriorating,Core / Monitor
2025,CUST099,Tandem Industries 099,Mid-Market,West,601622.88,-215907.21,385715.67,0.6411253341960664,12,1092,527134.14,370937.87,0.7036878127453479,0.0049404194251829936,91,91,144,0.6227093695617654,0.14130888961204446,0.03983901670649037,-625.6247854928143,Deteriorating,Core / Monitor
2025,CUST084,Delta Industries 084,Mid-Market,West,600385.88,-214802.87,385583.01,0.642225313493382,12,1090,523753.00,368619.15,0.7038034149685062,0.0049302614025543475,97,92,144,0.6227093695617654,0.14631492325580941,0.046020018222059145,-615.7810147512421,Deteriorating,Core / Monitor
2025,CUST105,Ember Labs 105,Mid-Market,West,600912.86,-215391.91,385520.95,0.6415588276809386,12,1089,533708.22,375744.35,0.7040257877234868,0.0049345888680069295,95,93,144,0.6227093695617654,0.12592018912506164,0.026019286783687035,-624.6696004254815,Deteriorating,Core / Monitor
2025,CUST085,Ember Industries 085,Mid-Market,East,600947.42,-215432.13,385515.29,0.6415125136904656,12,1092,529089.25,372500.00,0.7040400083728785,0.004934872668542133,94,94,144,0.6227093695617654,0.13581483653277782,0.034940375838926174,-625.2749468241292,Deteriorating,Core / Monitor
2025,CUST090,Kinetic Industries 090,Mid-Market,West,601716.01,-216250.28,385465.73,0.6406107259801845,12,1088,528018.28,371813.90,0.7041686132533139,0.004941184192076612,90,95,144,0.6227093695617654,0.13957420186285963,0.03671683603006759,-635.5788727312939,Deteriorating,Core / Monitor
2025,CUST095,Pioneer Industries 095,Mid-Market,Central,601243.97,-216203.91,385040.06,0.6404056908878438,12,1090,528608.63,371886.75,0.7035200125279831,0.004937307884072063,93,96,144,0.6227093695617654,0.1374085398492264,0.0353691278325996,-631.143216401393,Deteriorating,Core / Monitor
2025,CUST103,Cedar Labs 103,Mid-Market,East,599777.09,-214789.56,384987.53,0.6418843540689426,12,1088,530712.63,373745.48,0.7042332495459925,0.004925262128022339,100,97,144,0.6227093695617654,0.1301353238945906,0.030079427315081064,-623.4889547704992,Deteriorating,Core / Monitor
2025,CUST064,Delta Dynamics 064,Mid-Market,East,598802.54,-213958.78,384843.76,0.6426889237978182,12,1086,527410.04,371132.16,0.7036880829951586,0.004917259297826101,102,98,144,0.6227093695617654,0.1353643172966521,0.036945329663697235,-609.9915919734044,Deteriorating,Core / Monitor
2025,CUST083,Cedar Industries 083,Mid-Market,Central,600833.86,-216061.83,384772.03,0.6403967146591906,12,1090,522465.62,367769.96,0.7039122689068039,0.004933940134144631,96,99,144,0.6227093695617654,0.1499969318555352,0.04623017605896895,-635.1555424761335,Deteriorating,Core / Monitor
2025,CUST076,Quartz Dynamics 076,Mid-Market,East,600207.70,-215534.08,384673.62,0.6409008414920369,12,1090,527307.44,370876.27,0.703339725303326,0.004928798220281127,98,100,144,0.6227093695617654,0.1382500121750605,0.03720202966881647,-624.3888381128914,Deteriorating,Core / Monitor
2025,CUST063,Cedar Dynamics 063,Mid-Market,West,598376.26,-213916.78,384459.48,0.6425045672767833,12,1086,521057.56,366911.29,0.7041665224087719,0.0049137587627524236,103,101,144,0.6227093695617654,0.14838802070159018,0.04782679213823049,-616.6195513198858,Deteriorating,Core / Monitor
2025,CUST058,Summit Digital 058,Mid-Market,East,598833.43,-214406.55,384426.88,0.6419596180527195,12,1085,527877.01,371743.48,0.7042236599771602,0.004917512960978081,101,102,144,0.6227093695617654,0.13441846993867013,0.03411868851069033,-622.6404192444069,Deteriorating,Core / Monitor
2025,CUST052,Mosaic Digital 052,Mid-Market,East,600031.75,-215819.94,384211.81,0.6403191331125394,12,1087,531384.48,373869.87,0.7035769467711966,0.004927353350368832,99,103,144,0.6227093695617654,0.12918568867498736,0.02766187069313708,-632.5781365865723,Deteriorating,Core / Monitor
2025,CUST057,Rivet Digital 057,Mid-Market,West,597707.28,-213823.65,383883.63,0.6422602548859703,12,1085,529512.49,372721.30,0.7038951999035943,0.0049082652187119125,105,104,144,0.6227093695617654,0.12878787807252667,0.029948194535702743,-616.3494501762401,Deteriorating,Core / Monitor
2025,CUST073,Nova Dynamics 073,Mid-Market,East,597623.87,-214103.93,383519.94,0.6417413347294846,12,1085,525353.56,369714.74,0.7037446172440517,0.00490758027071882,106,105,144,0.6227093695617654,0.13756509045070509,0.037340139589782106,-620.032825145671,Deteriorating,Core / Monitor
2025,CUST108,Helix Labs 108,Mid-Market,West,597947.07,-214658.50,383288.57,0.6410075226223619,12,1086,527763.31,371628.18,0.7041569070043917,0.004910234331279514,104,106,144,0.6227093695617654,0.13298340121445706,0.031376495722148956,-631.4938438202977,Deteriorating,Core / Monitor
2025,CUST061,Alto Dynamics 061,Mid-Market,East,597527.74,-214267.99,383259.75,0.641409133574284,12,1084,527645.00,371525.96,0.7041210662471927,0.004906790868362076,107,107,144,0.6227093695617654,0.13244272190582684,0.03158269209505571,-627.1193267290876,Deteriorating,Core / Monitor
2025,CUST072,Mosaic Dynamics 072,Mid-Market,West,596625.61,-214322.12,382303.49,0.6407761979912328,12,1083,530337.09,373089.19,0.7034944321921742,0.0048993827382456815,108,108,144,0.6227093695617654,0.12499318122366287,0.024697311653548493,-627.1823420094147,Deteriorating,Core / Monitor
2025,CUST067,Granite Dynamics 067,Mid-Market,East,593680.30,-213136.43,380543.87,0.6409912372029187,12,1075,529704.71,373070.37,0.704298759208692,0.004875196379613201,109,109,144,0.6227093695617654,0.1207759508122932,0.020032413723984677,-633.0752200577327,Deteriorating,Core / Monitor
2025,CUST059,Tandem Digital 059,Mid-Market,Central,593344.85,-212978.86,380365.99,0.6410538323539844,12,1079,527337.77,371276.18,0.7040576289462445,0.004872441724244746,110,110,144,0.6227093695617654,0.12517040074713393,0.024482610222934298,-630.0379659226007,Deteriorating,Core / Monitor
2025,CUST123,Cedar Networks 123,SMB,West,268272.22,-96251.89,172020.33,0.641215590641476,12,482,232464.37,163627.76,0.703883180033138,0.002203003461113323,111,111,144,0.6227093695617654,0.15403586364654487,0.051290624524835904,-626.6758939166195,Deteriorating,Core / Monitor
2025,CUST127,Granite Networks 127,SMB,East,267046.66,-95757.63,171289.03,0.6414198552417769,12,478,232293.00,163544.67,0.7040447624336507,0.0021929393817173943,112,112,144,0.6227093695617654,0.14961130985436477,0.047353178798184015,-626.2490719187375,Deteriorating,Core / Monitor
2025,CUST112,Mosaic Labs 112,SMB,East,265643.19,-95086.64,170556.55,0.6420512793872111,12,477,230657.88,162275.79,0.7035345594956479,0.0021814143372399283,116,113,144,0.6227093695617654,0.1516761967984792,0.051028930439962705,-614.8328010843684,Deteriorating,Core / Monitor
2025,CUST140,Vertex Networks 140,SMB,Central,265851.76,-95324.17,170527.59,0.6414386348241591,12,475,233440.15,164245.24,0.7035860797724812,0.002183127076754606,113,114,144,0.6227093695617654,0.13884333950265204,0.038249814728268605,-621.4744494832214,Deteriorating,Core / Monitor
2025,CUST129,Indigo Networks 129,SMB,West,265615.37,-95122.25,170493.12,0.6418797225476823,12,477,232210.94,163400.95,0.7036746416857018,0.0021811858843785465,117,115,144,0.6227093695617654,0.14385381670648245,0.04340348082431578,-617.9491913801949,Deteriorating,Core / Monitor
2025,CUST144,Delta Operations 144,SMB,West,265534.81,-95058.57,170476.24,0.6420108911520865,12,477,230886.12,162424.36,0.7034825653443351,0.002180524340075423,118,116,144,0.6227093695617654,0.1500683107325811,0.049573105906035364,-614.7167419224853,Deteriorating,Core / Monitor
2025,CUST137,Rivet Networks 137,SMB,Central,265713.18,-95257.90,170455.28,0.641501035063447,12,477,231553.52,162979.22,0.7038511874058317,0.0021819890825946404,115,117,144,0.6227093695617654,0.14752382084280136,0.045871246653407693,-623.5015234238473,Deteriorating,Core / Monitor
2025,CUST133,Nova Networks 133,SMB,East,265765.10,-95509.32,170255.78,0.6406250482098665,12,475,230183.16,162000.33,0.7037888001885106,0.002182415440343128,114,118,144,0.6227093695617654,0.15458098672378973,0.050959464094918916,-631.637519786441,Deteriorating,Core / Monitor
2025,CUST143,Cedar Operations 143,SMB,Central,265276.84,-95153.95,170122.89,0.641303213654083,12,473,231008.29,162649.26,0.7040840828699264,0.0021784059366012827,119,119,144,0.6227093695617654,0.1483433776337637,0.045949363679859356,-627.8086921584336,Deteriorating,Core / Monitor
2025,CUST120,Vertex Labs 120,SMB,West,264820.38,-94897.25,169923.13,0.6416542790248998,12,474,229886.09,161817.24,0.7039018324249197,0.0021746575687685648,121,120,144,0.6227093695617654,0.15196347895603424,0.05009287020344688,-622.4755340001986,Deteriorating,Core / Monitor
2025,CUST134,Orchid Networks 134,SMB,Central,265086.99,-95188.22,169898.77,0.640917043873032,12,477,230437.94,162227.90,0.7039982218205908,0.002176846922376506,120,121,144,0.6227093695617654,0.15036174164723048,0.047284529972957845,-630.8117794755874,Deteriorating,Core / Monitor
2025,CUST138,Summit Networks 138,SMB,West,264696.04,-94797.64,169898.40,0.6418622658654055,12,472,230848.51,162459.30,0.7037485318835283,0.0021736365109402333,123,122,144,0.6227093695617654,0.14662225890043645,0.045790545693598306,-618.8626601812275,Deteriorating,Core / Monitor
2025,CUST115,Pioneer Labs 115,SMB,East,264767.52,-94973.14,169794.38,0.6412961076192427,12,476,232694.15,163702.47,0.703509177175275,0.002174223491908298,122,123,144,0.6227093695617654,0.13783487896021462,0.037213305333755775,-622.1306955603224,Deteriorating,Core / Monitor
2025,CUST131,Lattice Networks 131,SMB,Central,264654.86,-94936.01,169718.85,0.6412837081472829,12,474,231455.89,163024.89,0.7043453938458857,0.002173298348149734,124,124,144,0.6227093695617654,0.1434354079302107,0.041060969278985615,-630.6168569860282,Deteriorating,Core / Monitor
2025,CUST121,Alto Networks 121,SMB,East,264274.78,-94823.41,169451.37,0.6411938740427671,12,470,230526.70,162344.12,0.7042313102994143,0.0021701771992081852,125,125,144,0.6227093695617654,0.14639553682935658,0.04377891850964488,-630.3743625664727,Deteriorating,Core / Monitor
2025,CUST128,Helix Networks 128,SMB,Central,263775.57,-94324.68,169450.89,0.642405549535918,12,472,229923.85,161923.90,0.7042501245521071,0.0021660777760259325,129,126,144,0.6227093695617654,0.14723013728240897,0.04648473758351934,-618.4457501618912,Deteriorating,Core / Monitor
2025,CUST124,Delta Networks 124,SMB,East,264028.90,-94599.89,169429.01,0.6417063056354816,12,474,232688.70,163610.46,0.7031302336555234,0.00216815807665044,127,127,144,0.6227093695617654,0.13468724523365339,0.03556343524735528,-614.2392802004182,Deteriorating,Core / Monitor
2025,CUST113,Nova Labs 113,SMB,Central,264036.61,-94625.83,169410.78,0.6416185240372538,12,474,228603.79,161026.77,0.7043923899949339,0.0021682213897906712,126,128,144,0.6227093695617654,0.154996642881555,0.05206593909820101,-627.7386595768008,Deteriorating,Core / Monitor
2025,CUST116,Quartz Labs 116,SMB,Central,263610.85,-94267.36,169343.49,0.6423995446317934,12,472,230700.27,162366.20,0.7037971823786769,0.0021647251248639353,130,129,144,0.6227093695617654,0.14265514296970694,0.04297255216910889,-613.9763774688356,Deteriorating,Core / Monitor
2025,CUST139,Tandem Networks 139,SMB,East,263917.39,-94625.07,169292.32,0.6414595112508501,12,472,230863.23,162550.19,0.704097356690366,0.002167242376486074,128,130,144,0.6227093695617654,0.1431763733011966,0.041477220051234776,-626.3784543951589,Deteriorating,Core / Monitor
2025,CUST141,Alto Operations 141,SMB,West,263504.46,-94585.40,168919.06,0.6410482008539817,12,471,230300.47,162021.91,0.7035240093083613,0.0021638514692233035,131,131,144,0.6227093695617654,0.14417682256575515,0.04256924264131934,-624.7580845437961,Deteriorating,Core / Monitor
2025,CUST130,Kinetic Networks 130,SMB,East,263094.92,-94289.57,168805.35,0.6416138707657297,12,471,233160.06,164363.84,0.7049399455464199,0.0021604884000338644,133,132,144,0.6227093695617654,0.12838759777296338,0.027022427804071825,-633.2607478069019,Deteriorating,Core / Monitor
2025,CUST122,Beacon Networks 122,SMB,Central,262909.11,-94120.22,168788.89,0.6420047217078176,12,471,231597.92,163009.28,0.7038460449040301,0.0021589625615660965,134,133,144,0.6227093695617654,0.135196335096619,0.03545571147851234,-618.413231962125,Deteriorating,Core / Monitor
2025,CUST111,Lattice Labs 111,SMB,West,263335.02,-94561.20,168773.82,0.6409091354427527,12,470,228267.06,160597.78,0.7035521463324581,0.0021624600582659894,132,134,144,0.6227093695617654,0.15362689649570993,0.05091004371293306,-626.4301088970536,Deteriorating,Core / Monitor
2025,CUST142,Beacon Operations 142,SMB,East,262881.38,-94335.55,168545.83,0.6411478439439111,12,471,229531.72,161535.24,0.7037599857658018,0.002158734847768609,135,135,144,0.6227093695617654,0.14529434101744187,0.043399755991324174,-626.1214182189068,Deteriorating,Core / Monitor
2025,CUST136,Quartz Networks 136,SMB,East,262484.82,-94007.72,168477.10,0.6418546413464977,12,471,229650.55,161679.63,0.7040245712453117,0.002155478368016292,138,136,144,0.6227093695617654,0.14297492429258285,0.042042834957007225,-621.6992989881398,Deteriorating,Core / Monitor
2025,CUST125,Ember Networks 125,SMB,Central,262707.51,-94254.89,168452.62,0.6412173751713455,12,471,233120.99,164117.77,0.7040025439150718,0.0021573070584440797,136,137,144,0.6227093695617654,0.12691486939893326,0.026413044730013047,-627.8516874372631,Deteriorating,Core / Monitor
2025,CUST132,Mosaic Networks 132,SMB,West,262573.09,-94205.23,168367.86,0.6412228305650056,12,470,231655.93,163084.41,0.7039941088492749,0.0021562032254596477,137,138,144,0.6227093695617654,0.13346155222531975,0.03239702679121792,-627.7127828426932,Deteriorating,Core / Monitor
2025,CUST114,Orchid Labs 114,SMB,West,262012.56,-93723.64,168288.92,0.6422933312815233,12,469,232318.54,163507.90,0.7038090890206179,0.0021516002534111146,140,139,144,0.6227093695617654,0.12781597198398376,0.02924029970417341,-615.1575773909457,Deteriorating,Core / Monitor
2025,CUST117,Rivet Labs 117,SMB,West,262451.81,-94227.89,168223.92,0.6409706985827227,12,469,230471.02,162184.35,0.7037082145946159,0.0021552072958037037,139,140,144,0.6227093695617654,0.1387627390202899,0.03723891978480043,-627.3751601189315,Deteriorating,Core / Monitor
2025,CUST126,Foundry Networks 126,SMB,West,261994.03,-93975.72,168018.31,0.6413058725040414,12,468,232522.04,163766.55,0.7043054929330569,0.002151448088367211,141,141,144,0.6227093695617654,0.12674923202978938,0.025962322586633224,-629.9962042901552,Deteriorating,Core / Monitor
2025,CUST135,Pioneer Networks 135,SMB,West,261578.00,-93698.29,167879.71,0.6417959843717743,12,469,229299.82,161577.02,0.7046539330035234,0.0021480317244592113,142,142,144,0.6227093695617654,0.1407684489242076,0.0390073415142822,-628.5794863174909,Deteriorating,Core / Monitor
2025,CUST119,Tandem Labs 119,SMB,Central,261283.97,-93517.94,167766.03,0.6420831327693007,12,466,231081.42,162759.01,0.7043362032308785,0.002145617202718305,143,143,144,0.6227093695617654,0.1307009018725953,0.030763396754502237,-622.530704615778,Deteriorating,Core / Monitor
2025,CUST118,Summit Labs 118,SMB,East,260446.36,-93576.89,166869.47,0.6407057099972524,12,466,230744.31,162242.38,0.7031262439364161,0.0021387388992955237,144,144,144,0.6227093695617654,0.12872278410678906,0.028519613679237166,-624.2053393916369,Deteriorating,Core / Monitor
2024,CUST001,Northstar Systems,Enterprise,West,7834197.33,-3260259.56,4573937.77,0.583842553018766,320,28617,,,,0.07455830993602558,1,1,144,0.6949263408638547,,,,Stable,Core / Monitor
2024,CUST003,Cobalt Harbor Group,Enterprise,West,3292710.71,-974292.00,2318418.71,0.7041064078174059,79,4821,,,,0.031336834560669775,2,2,144,0.6949263408638547,,,,Stable,High Revenue / High Margin
2024,CUST002,Aster Ridge Technologies,Enterprise,Central,3288508.53,-971749.24,2316759.29,0.7045015297558009,76,4816,,,,0.03129684227739562,3,3,144,0.6949263408638547,,,,Stable,High Revenue / High Margin
2024,CUST005,Meridian Forge Labs,Enterprise,Central,3286001.35,-974574.60,2311426.75,0.7034162508788987,77,4810,,,,0.03127298136406509,4,4,144,0.6949263408638547,,,,Stable,High Revenue / High Margin
2024,CUST004,Juniper Peak Networks,Enterprise,East,3271789.64,-967032.49,2304757.15,0.7044331707095937,79,4788,,,,0.03113772805932086,5,5,144,0.6949263408638547,,,,Stable,High Revenue / High Margin
2024,CUST015,Pioneer Advisory 015,Enterprise,West,1002472.39,-297170.67,705301.72,0.7035622397540544,18,1459,,,,0.009540562230888856,6,6,144,0.6949263408638547,,,,Stable,High Revenue / High Margin
2024,CUST028,Helix Cloud 028,Enterprise,East,1001427.45,-296602.21,704825.24,0.7038205713254615,16,1459,,,,0.009530617503037004,7,7,144,0.6949263408638547,,,,Stable,High Revenue / High Margin
2024,CUST038,Summit Cloud 038,Enterprise,Central,1001414.01,-296608.41,704805.60,0.7038104050491564,21,1457,,,,0.009530489594121345,8,8,144,0.6949263408638547,,,,Stable,High Revenue / High Margin
2024,CUST009,Evercrest Health Tech,Enterprise,West,998056.15,-295652.17,702403.98,0.7037720072162272,19,1451,,,,0.009498532731655924,9,9,144,0.6949263408638547,,,,Stable,High Revenue / High Margin
2024,CUST043,Cedar Digital 043,Enterprise,East,996752.96,-295920.43,700832.53,0.7031155743946825,20,1453,,,,0.009486130230182868,10,10,144,0.6949263408638547,,,,Stable,High Revenue / High Margin
2024,CUST016,Quartz Advisory 016,Enterprise,East,995332.18,-294751.70,700580.48,0.7038659997911451,19,1450,,,,0.00947260862086812,11,11,144,0.6949263408638547,,,,Stable,High Revenue / High Margin
2024,CUST034,Orchid Cloud 034,Enterprise,East,995186.79,-294608.66,700578.13,0.703966468445587,20,1450,,,,0.009471224939525286,13,12,144,0.6949263408638547,,,,Stable,High Revenue / High Margin
2024,CUST027,Granite Cloud 027,Enterprise,West,995030.88,-294824.48,700206.40,0.703703185573497,17,1451,,,,0.009469741139001444,14,13,144,0.6949263408638547,,,,Stable,High Revenue / High Margin
2024,CUST012,Mosaic Advisory 012,Enterprise,West,995224.08,-295099.28,700124.80,0.7034845861044682,19,1448,,,,0.009471579829664045,12,14,144,0.6949263408638547,,,,Stable,High Revenue / High Margin
2024,CUST010,Redwood Signal Partners,Enterprise,East,993563.54,-293548.21,700015.33,0.7045501387862924,16,1446,,,,0.009455776416657449,18,15,144,0.6949263408638547,,,,Stable,High Revenue / High Margin
2024,CUST014,Orchid Advisory 014,Enterprise,Central,994729.67,-294855.05,699874.62,0.7035827331861931,19,1449,,,,0.009466874513667688,15,16,144,0.6949263408638547,,,,Stable,High Revenue / High Margin
2024,CUST023,Cedar Cloud 023,Enterprise,Central,993930.90,-294324.88,699606.02,0.7038779255177599,18,1447,,,,0.009459272593685467,16,17,144,0.6949263408638547,,,,Stable,High Revenue / High Margin
2024,CUST046,Foundry Digital 046,Enterprise,East,993031.73,-293589.79,699441.94,0.7043500412620249,19,1444,,,,0.009450715163648765,20,18,144,0.6949263408638547,,,,Stable,High Revenue / High Margin
2024,CUST021,Alto Cloud 021,Enterprise,West,993882.42,-294482.46,699399.96,0.7037049312130905,15,1445,,,,0.009458811207953981,17,19,144,0.6949263408638547,,,,Stable,High Revenue / High Margin
2024,CUST045,Ember Digital 045,Enterprise,West,993384.98,-294136.19,699248.79,0.7039051365564235,19,1446,,,,0.009454077055349406,19,20,144,0.6949263408638547,,,,Stable,High Revenue / High Margin
2024,CUST018,Summit Advisory 018,Enterprise,West,992738.26,-293989.17,698749.09,0.7038603407911366,20,1447,,,,0.009447922200145903,22,21,144,0.6949263408638547,,,,Stable,High Revenue / High Margin
2024,CUST008,Brightpath Logistics,Enterprise,Central,991531.30,-293128.07,698403.23,0.7043683139402659,20,1443,,,,0.009436435522702154,23,22,144,0.6949263408638547,,,,Stable,High Revenue / High Margin
2024,CUST042,Beacon Digital 042,Enterprise,West,992995.26,-294614.61,698380.65,0.703307133611091,18,1445,,,,0.009450368077476587,21,23,144,0.6949263408638547,,,,Stable,High Revenue / High Margin
2024,CUST022,Beacon Cloud 022,Enterprise,East,991477.56,-293752.29,697725.27,0.7037227045259602,20,1444,,,,0.009435924077380165,24,24,144,0.6949263408638547,,,,Stable,High Revenue / High Margin
2024,CUST036,Quartz Cloud 036,Enterprise,West,990898.19,-293347.45,697550.74,0.7039580322575825,21,1441,,,,0.009430410194309818,26,25,144,0.6949263408638547,,,,Stable,High Revenue / High Margin
2024,CUST039,Tandem Cloud 039,Enterprise,West,989767.97,-292274.82,697493.15,0.7047036993933034,22,1444,,,,0.009419653853933606,33,26,144,0.6949263408638547,,,,Stable,High Revenue / High Margin
2024,CUST007,Arcfield Commerce,Enterprise,East,990401.22,-292939.58,697461.64,0.7042213053816715,19,1441,,,,0.009425680514710478,28,27,144,0.6949263408638547,,,,Stable,High Revenue / High Margin
2024,CUST026,Foundry Cloud 026,Enterprise,Central,990645.40,-293557.36,697088.04,0.7036705969663818,15,1442,,,,0.009428004383685603,27,28,144,0.6949263408638547,,,,Stable,High Revenue / High Margin
2024,CUST048,Helix Digital 048,Enterprise,West,990358.26,-293325.24,697033.02,0.7038190603872987,17,1441,,,,0.009425271662997926,29,29,144,0.6949263408638547,,,,Stable,High Revenue / High Margin
2024,CUST024,Delta Cloud 024,Enterprise,West,990141.14,-293183.77,696957.37,0.703896991897539,20,1442,,,,0.009423205324919956,31,30,144,0.6949263408638547,,,,Stable,High Revenue / High Margin
2024,CUST050,Kinetic Digital 050,Enterprise,Central,990042.46,-293132.32,696910.14,0.7039194460407284,21,1441,,,,0.009422266184161232,32,31,144,0.6949263408638547,,,,Stable,High Revenue / High Margin
2024,CUST017,Rivet Advisory 017,Enterprise,Central,990309.70,-293410.01,696899.69,0.7037189376212309,20,1442,,,,0.009424809515903847,30,32,144,0.6949263408638547,,,,Stable,High Revenue / High Margin
2024,CUST032,Mosaic Cloud 032,Enterprise,Central,990947.98,-294091.52,696856.46,0.7032220399702515,19,1442,,,,0.009430884047353767,25,33,144,0.6949263408638547,,,,Stable,High Revenue / High Margin
2024,CUST049,Indigo Digital 049,Enterprise,East,988829.05,-292750.56,696078.49,0.7039421930413553,19,1439,,,,0.009410718121858406,36,34,144,0.6949263408638547,,,,Stable,High Revenue / High Margin
2024,CUST031,Lattice Cloud 031,Enterprise,East,988690.52,-292682.32,696008.20,0.7039697316001371,16,1439,,,,0.00940939972735794,38,35,144,0.6949263408638547,,,,Stable,Core / Monitor
2024,CUST033,Nova Cloud 033,Enterprise,West,988766.37,-292834.80,695931.57,0.7038382282358572,18,1440,,,,0.009410121594266626,37,36,144,0.6949263408638547,,,,Stable,Core / Monitor
2024,CUST019,Tandem Advisory 019,Enterprise,East,989390.36,-293507.33,695883.03,0.7033452701115868,18,1440,,,,0.009416060127323335,34,37,144,0.6949263408638547,,,,Stable,High Revenue / High Margin
2024,CUST020,Vertex Advisory 020,Enterprise,Central,988531.32,-292790.24,695741.08,0.7038128847551335,21,1441,,,,0.009407884615797453,39,38,144,0.6949263408638547,,,,Stable,Core / Monitor
2024,CUST041,Alto Digital 041,Enterprise,Central,988890.80,-293451.23,695439.57,0.7032521386587881,21,1438,,,,0.00941130579861004,35,39,144,0.6949263408638547,,,,Stable,High Revenue / High Margin
2024,CUST035,Pioneer Cloud 035,Enterprise,Central,987824.04,-292496.63,695327.41,0.7038980444330956,17,1441,,,,0.00940115340911089,41,40,144,0.6949263408638547,,,,Stable,Core / Monitor
2024,CUST006,Silverline Data Works,Enterprise,West,987708.39,-292617.02,695091.37,0.7037414858853229,18,1437,,,,0.009400052764312081,42,41,144,0.6949263408638547,,,,Stable,Core / Monitor
2024,CUST013,Nova Advisory 013,Enterprise,East,988083.18,-293053.95,695029.23,0.703411660139787,20,1437,,,,0.009403619652890945,40,42,144,0.6949263408638547,,,,Stable,Core / Monitor
2024,CUST044,Delta Digital 044,Enterprise,Central,986287.21,-291399.16,694888.05,0.7045493877995235,21,1436,,,,0.009386527348184367,43,43,144,0.6949263408638547,,,,Stable,Core / Monitor
2024,CUST029,Indigo Cloud 029,Enterprise,Central,985979.09,-291876.61,694102.48,0.7039728195452908,19,1435,,,,0.009383594960156621,44,44,144,0.6949263408638547,,,,Stable,Core / Monitor
2024,CUST047,Granite Digital 047,Enterprise,Central,985768.82,-292045.32,693723.50,0.7037385296889387,18,1434,,,,0.009381593813750694,45,45,144,0.6949263408638547,,,,Stable,Core / Monitor
2024,CUST040,Vertex Cloud 040,Enterprise,East,984623.68,-291339.46,693284.22,0.7041108538035566,19,1434,,,,0.00937069547925085,47,46,144,0.6949263408638547,,,,Stable,Core / Monitor
2024,CUST025,Ember Cloud 025,Enterprise,East,984969.16,-291768.04,693201.12,0.7037795173201159,17,1434,,,,0.009373983423609624,46,47,144,0.6949263408638547,,,,Stable,Core / Monitor
2024,CUST030,Kinetic Cloud 030,Enterprise,West,984133.17,-291449.37,692683.80,0.7038516951928365,19,1433,,,,0.009366027279680911,48,48,144,0.6949263408638547,,,,Stable,Core / Monitor
2024,CUST037,Rivet Cloud 037,Enterprise,East,982822.81,-291283.60,691539.21,0.7036255192327088,16,1430,,,,0.00935355654108544,49,49,144,0.6949263408638547,,,,Stable,Core / Monitor
2024,CUST011,Lattice Advisory 011,Enterprise,Central,982457.74,-291021.95,691435.79,0.7037817117711344,17,1432,,,,0.009350082158061653,50,50,144,0.6949263408638547,,,,Stable,Core / Monitor
2024,CUST105,Ember Labs 105,Mid-Market,West,533708.22,-157963.87,375744.35,0.7040257877234868,12,771,,,,0.005079318429953886,52,51,144,0.6949263408638547,,,,Stable,Core / Monitor
2024,CUST104,Delta Labs 104,Mid-Market,Central,533940.64,-158234.04,375706.60,0.7036486303046721,12,771,,,,0.005081530378627808,51,52,144,0.6949263408638547,,,,Stable,Core / Monitor
2024,CUST098,Summit Industries 098,Mid-Market,Central,533531.01,-158108.58,375422.43,0.703656250458619,12,773,,,,0.005077631916639604,53,53,144,0.6949263408638547,,,,Stable,Core / Monitor
2024,CUST075,Pioneer Dynamics 075,Mid-Market,West,532974.02,-157813.32,375160.70,0.703900539091943,12,773,,,,0.005072331024754708,54,54,144,0.6949263408638547,,,,Stable,Core / Monitor
2024,CUST065,Ember Dynamics 065,Mid-Market,Central,532509.25,-157626.11,374883.14,0.7039936677156312,12,767,,,,0.005067907793599134,55,55,144,0.6949263408638547,,,,Stable,Core / Monitor
2024,CUST055,Pioneer Digital 055,Mid-Market,East,532355.76,-157769.89,374585.87,0.7036382399619382,12,769,,,,0.005066447024293739,56,56,144,0.6949263408638547,,,,Stable,Core / Monitor
2024,CUST062,Beacon Dynamics 062,Mid-Market,Central,531532.87,-156968.65,374564.22,0.7046868427911146,12,768,,,,0.005058615553489664,57,57,144,0.6949263408638547,,,,Stable,Core / Monitor
2024,CUST052,Mosaic Digital 052,Mid-Market,East,531384.48,-157514.61,373869.87,0.7035769467711966,12,766,,,,0.005057203321049584,58,58,144,0.6949263408638547,,,,Stable,Core / Monitor
2024,CUST103,Cedar Labs 103,Mid-Market,East,530712.63,-156967.15,373745.48,0.7042332495459925,12,768,,,,0.005050809302821489,59,59,144,0.6949263408638547,,,,Stable,Core / Monitor
2024,CUST106,Foundry Labs 106,Mid-Market,East,530649.79,-157003.47,373646.32,0.7041297802077713,12,765,,,,0.005050211252504523,60,60,144,0.6949263408638547,,,,Stable,Core / Monitor
2024,CUST072,Mosaic Dynamics 072,Mid-Market,West,530337.09,-157247.90,373089.19,0.7034944321921742,12,768,,,,0.005047235276468316,61,61,144,0.6949263408638547,,,,Stable,Core / Monitor
2024,CUST067,Granite Dynamics 067,Mid-Market,East,529704.71,-156634.34,373070.37,0.704298759208692,12,766,,,,0.005041216895509645,63,62,144,0.6949263408638547,,,,Stable,Core / Monitor
2024,CUST089,Indigo Industries 089,Mid-Market,Central,530144.81,-157115.01,373029.80,0.7036375589529962,12,768,,,,0.005045405341475538,62,63,144,0.6949263408638547,,,,Stable,Core / Monitor
2024,CUST057,Rivet Digital 057,Mid-Market,West,529512.49,-156791.19,372721.30,0.7038951999035943,12,764,,,,0.0050393875315388114,64,64,144,0.6949263408638547,,,,Stable,Core / Monitor
2024,CUST056,Quartz Digital 056,Mid-Market,Central,529482.48,-156907.51,372574.97,0.7036587310688731,12,765,,,,0.005039101925396034,65,65,144,0.6949263408638547,,,,Stable,Core / Monitor
2024,CUST085,Ember Industries 085,Mid-Market,East,529089.25,-156589.25,372500.00,0.7040400083728785,12,763,,,,0.005035359542739438,68,66,144,0.6949263408638547,,,,Stable,Core / Monitor
2024,CUST082,Beacon Industries 082,Mid-Market,East,529454.62,-157132.76,372321.86,0.7032176997530024,12,765,,,,0.005038836780872948,66,67,144,0.6949263408638547,,,,Stable,Core / Monitor
2024,CUST079,Tandem Dynamics 079,Mid-Market,East,529155.78,-156883.90,372271.88,0.7035203886462319,12,763,,,,0.005035992710906016,67,68,144,0.6949263408638547,,,,Stable,Core / Monitor
2024,CUST069,Indigo Dynamics 069,Mid-Market,West,528742.34,-156542.39,372199.95,0.7039344532159086,12,764,,,,0.00503205798902431,71,69,144,0.6949263408638547,,,,Stable,Core / Monitor
2024,CUST107,Granite Labs 107,Mid-Market,Central,528973.06,-156983.06,371990.00,0.7032305199058719,12,763,,,,0.005034253758743126,70,70,144,0.6949263408638547,,,,Stable,Core / Monitor
2024,CUST086,Foundry Industries 086,Mid-Market,Central,528113.38,-156144.96,371968.42,0.7043343987989852,12,762,,,,0.005026072156316498,75,71,144,0.6949263408638547,,,,Stable,Core / Monitor
2024,CUST081,Alto Industries 081,Mid-Market,West,529034.29,-157067.99,371966.30,0.7031043299669667,12,765,,,,0.005034836486637904,69,72,144,0.6949263408638547,,,,Stable,Core / Monitor
2024,CUST095,Pioneer Industries 095,Mid-Market,Central,528608.63,-156721.88,371886.75,0.7035200125279831,12,765,,,,0.005030785466620085,72,73,144,0.6949263408638547,,,,Stable,Core / Monitor
2024,CUST090,Kinetic Industries 090,Mid-Market,West,528018.28,-156204.38,371813.90,0.7041686132533139,12,763,,,,0.005025167086533821,76,74,144,0.6949263408638547,,,,Stable,Core / Monitor
2024,CUST058,Summit Digital 058,Mid-Market,East,527877.01,-156133.53,371743.48,0.7042236599771602,12,764,,,,0.005023822615364538,77,75,144,0.6949263408638547,,,,Stable,Core / Monitor
2024,CUST108,Helix Labs 108,Mid-Market,West,527763.31,-156135.13,371628.18,0.7041569070043917,12,763,,,,0.005022740528778939,79,76,144,0.6949263408638547,,,,Stable,Core / Monitor
2024,CUST060,Vertex Digital 060,Mid-Market,West,528274.93,-156688.60,371586.33,0.7033957299469047,12,764,,,,0.005027609632903161,73,77,144,0.6949263408638547,,,,Stable,Core / Monitor
2024,CUST066,Foundry Dynamics 066,Mid-Market,West,528124.41,-156574.66,371549.75,0.7035269397981434,12,766,,,,0.005026177129184037,74,78,144,0.6949263408638547,,,,Stable,Core / Monitor
2024,CUST061,Alto Dynamics 061,Mid-Market,East,527645.00,-156119.04,371525.96,0.7041210662471927,12,763,,,,0.005021614568673906,81,79,144,0.6949263408638547,,,,Stable,Core / Monitor
2024,CUST068,Helix Dynamics 068,Mid-Market,Central,527826.88,-156326.48,371500.40,0.7038300133558943,12,760,,,,0.005023345526529568,78,80,144,0.6949263408638547,,,,Stable,Core / Monitor
2024,CUST100,Vertex Industries 100,Mid-Market,East,527180.44,-155840.34,371340.10,0.7043889944019927,12,761,,,,0.005017193336095139,85,81,144,0.6949263408638547,,,,Stable,Core / Monitor
2024,CUST059,Tandem Digital 059,Mid-Market,Central,527337.77,-156061.59,371276.18,0.7040576289462445,12,760,,,,0.005018690650805011,83,82,144,0.6949263408638547,,,,Stable,Core / Monitor
2024,CUST053,Nova Digital 053,Mid-Market,Central,527658.07,-156421.48,371236.59,0.7035552209028094,12,763,,,,0.005021738956287571,80,83,144,0.6949263408638547,,,,Stable,Core / Monitor
2024,CUST064,Delta Dynamics 064,Mid-Market,East,527410.04,-156277.88,371132.16,0.7036880829951586,12,763,,,,0.005019378446737651,82,84,144,0.6949263408638547,,,,Stable,Core / Monitor
2024,CUST097,Rivet Industries 097,Mid-Market,East,526874.68,-155853.23,371021.45,0.7041929781100886,12,760,,,,0.0050142834082638945,89,85,144,0.6949263408638547,,,,Stable,Core / Monitor
2024,CUST099,Tandem Industries 099,Mid-Market,West,527134.14,-156196.27,370937.87,0.7036878127453479,12,762,,,,0.00501675269749432,86,86,144,0.6949263408638547,,,,Stable,Core / Monitor
2024,CUST088,Helix Industries 088,Mid-Market,East,526669.88,-155771.69,370898.19,0.7042327729089045,12,761,,,,0.005012334320025278,91,87,144,0.6949263408638547,,,,Stable,Core / Monitor
2024,CUST076,Quartz Dynamics 076,Mid-Market,East,527307.44,-156431.17,370876.27,0.703339725303326,12,764,,,,0.0050184019992118595,84,88,144,0.6949263408638547,,,,Stable,Core / Monitor
2024,CUST092,Mosaic Industries 092,Mid-Market,Central,527011.90,-156232.17,370779.73,0.7035509634602178,12,760,,,,0.005015589335451896,87,89,144,0.6949263408638547,,,,Stable,Core / Monitor
2024,CUST110,Kinetic Labs 110,Mid-Market,Central,526814.00,-156056.82,370757.18,0.7037724509978854,12,761,,,,0.005013705914736945,90,90,144,0.6949263408638547,,,,Stable,Core / Monitor
2024,CUST054,Orchid Digital 054,Mid-Market,West,526959.31,-156465.57,370493.74,0.7030784597011863,12,762,,,,0.005015088834717186,88,91,144,0.6949263408638547,,,,Stable,Core / Monitor
2024,CUST078,Summit Dynamics 078,Mid-Market,West,525802.56,-155376.43,370426.13,0.7044966270228885,12,758,,,,0.0050040800074710005,94,92,144,0.6949263408638547,,,,Stable,Core / Monitor
2024,CUST051,Lattice Digital 051,Mid-Market,West,526105.12,-155873.40,370231.72,0.7037219481916466,12,760,,,,0.005006959480798517,92,93,144,0.6949263408638547,,,,Stable,Core / Monitor
2024,CUST102,Beacon Labs 102,Mid-Market,West,525951.70,-155853.71,370097.99,0.7036729608441232,12,761,,,,0.00500549937768539,93,94,144,0.6949263408638547,,,,Stable,Core / Monitor
2024,CUST073,Nova Dynamics 073,Mid-Market,East,525353.56,-155638.82,369714.74,0.7037446172440517,12,761,,,,0.0049998068599166135,95,95,144,0.6949263408638547,,,,Stable,Core / Monitor
2024,CUST077,Rivet Dynamics 077,Mid-Market,Central,524884.59,-155418.39,369466.20,0.7038998801622277,12,758,,,,0.004995343657224895,98,96,144,0.6949263408638547,,,,Stable,Core / Monitor
2024,CUST093,Nova Industries 093,Mid-Market,West,524906.59,-155480.70,369425.89,0.7037935835402639,12,758,,,,0.004995553031938028,97,97,144,0.6949263408638547,,,,Stable,Core / Monitor
2024,CUST074,Orchid Dynamics 074,Mid-Market,Central,524994.93,-155640.52,369354.41,0.7035390037004737,12,760,,,,0.00499639376658158,96,98,144,0.6949263408638547,,,,Stable,Core / Monitor
2024,CUST094,Orchid Industries 094,Mid-Market,East,524426.15,-155097.32,369328.83,0.7042532680721585,12,757,,,,0.00499098066888451,100,99,144,0.6949263408638547,,,,Stable,Core / Monitor
2024,CUST109,Indigo Labs 109,Mid-Market,East,524502.99,-155185.84,369317.15,0.7041278258490005,12,758,,,,0.004991711957655288,99,100,144,0.6949263408638547,,,,Stable,Core / Monitor
2024,CUST101,Alto Labs 101,Mid-Market,Central,524159.64,-155235.87,368923.77,0.7038385671968181,12,756,,,,0.004988444284575557,101,101,144,0.6949263408638547,,,,Stable,Core / Monitor
2024,CUST084,Delta Industries 084,Mid-Market,West,523753.00,-155133.85,368619.15,0.7038034149685062,12,757,,,,0.0049845742785142744,102,102,144,0.6949263408638547,,,,Stable,Core / Monitor
2024,CUST096,Quartz Industries 096,Mid-Market,West,523178.56,-154814.42,368364.14,0.7040887531782648,12,757,,,,0.0049791073144137355,103,103,144,0.6949263408638547,,,,Stable,Core / Monitor
2024,CUST083,Cedar Industries 083,Mid-Market,Central,522465.62,-154695.66,367769.96,0.7039122689068039,12,755,,,,0.004972322241323703,105,104,144,0.6949263408638547,,,,Stable,Core / Monitor
2024,CUST091,Lattice Industries 091,Mid-Market,East,522869.02,-155180.73,367688.29,0.7032129958665364,12,756,,,,0.004976161412199961,104,105,144,0.6949263408638547,,,,Stable,Core / Monitor
2024,CUST087,Granite Industries 087,Mid-Market,West,521745.62,-154517.47,367228.15,0.7038451995054602,12,754,,,,0.004965469977984819,106,106,144,0.6949263408638547,,,,Stable,Core / Monitor
2024,CUST063,Cedar Dynamics 063,Mid-Market,West,521057.56,-154146.27,366911.29,0.7041665224087719,12,756,,,,0.0049589216886612745,107,107,144,0.6949263408638547,,,,Stable,Core / Monitor
2024,CUST070,Kinetic Dynamics 070,Mid-Market,East,520783.70,-153982.81,366800.89,0.7043248281388224,12,753,,,,0.004956315354164071,108,108,144,0.6949263408638547,,,,Stable,Core / Monitor
2024,CUST071,Lattice Dynamics 071,Mid-Market,Central,519879.95,-153587.56,366292.39,0.7045711033864646,12,752,,,,0.004947714336118909,110,109,144,0.6949263408638547,,,,Stable,Core / Monitor
2024,CUST080,Vertex Dynamics 080,Mid-Market,Central,520724.38,-154566.60,366157.78,0.7031700340206849,12,752,,,,0.004955750803801206,109,110,144,0.6949263408638547,,,,Stable,Core / Monitor
2024,CUST130,Kinetic Networks 130,SMB,East,233160.06,-68796.22,164363.84,0.7049399455464199,12,330,,,,0.002218991848930402,112,111,144,0.6949263408638547,,,,Stable,Core / Monitor
2024,CUST140,Vertex Networks 140,SMB,Central,233440.15,-69194.91,164245.24,0.7035860797724812,12,331,,,,0.0022216574745395523,111,112,144,0.6949263408638547,,,,Stable,Core / Monitor
2024,CUST125,Ember Networks 125,SMB,Central,233120.99,-69003.22,164117.77,0.7040025439150718,12,331,,,,0.0022186200184739434,113,113,144,0.6949263408638547,,,,Stable,Core / Monitor
2024,CUST126,Foundry Networks 126,SMB,West,232522.04,-68755.49,163766.55,0.7043054929330569,12,327,,,,0.0022129197919089102,116,114,144,0.6949263408638547,,,,Stable,Core / Monitor
2024,CUST115,Pioneer Labs 115,SMB,East,232694.15,-68991.68,163702.47,0.703509177175275,12,329,,,,0.0022145577683578754,114,115,144,0.6949263408638547,,,,Stable,Core / Monitor
2024,CUST123,Cedar Networks 123,SMB,West,232464.37,-68836.61,163627.76,0.703883180033138,12,330,,,,0.00221237094464953,117,116,144,0.6949263408638547,,,,Stable,Core / Monitor
2024,CUST124,Delta Networks 124,SMB,East,232688.70,-69078.24,163610.46,0.7031302336555234,12,330,,,,0.0022145059005312133,115,117,144,0.6949263408638547,,,,Stable,Core / Monitor
2024,CUST127,Granite Networks 127,SMB,East,232293.00,-68748.33,163544.67,0.7040447624336507,12,328,,,,0.002210740010804552,119,118,144,0.6949263408638547,,,,Stable,Core / Monitor
2024,CUST114,Orchid Labs 114,SMB,West,232318.54,-68810.64,163507.90,0.7038090890206179,12,329,,,,0.002210983075812434,118,119,144,0.6949263408638547,,,,Stable,Core / Monitor
2024,CUST129,Indigo Networks 129,SMB,West,232210.94,-68809.99,163400.95,0.7036746416857018,12,329,,,,0.0022099590431245673,120,120,144,0.6949263408638547,,,,Stable,Core / Monitor
2024,CUST132,Mosaic Networks 132,SMB,West,231655.93,-68571.52,163084.41,0.7039941088492749,12,328,,,,0.002204676994963854,121,121,144,0.6949263408638547,,,,Stable,Core / Monitor
2024,CUST131,Lattice Networks 131,SMB,Central,231455.89,-68431.00,163024.89,0.7043453938458857,12,329,,,,0.002202773207799534,124,122,144,0.6949263408638547,,,,Stable,Core / Monitor
2024,CUST122,Beacon Networks 122,SMB,Central,231597.92,-68588.64,163009.28,0.7038460449040301,12,327,,,,0.002204124911913453,122,123,144,0.6949263408638547,,,,Stable,Core / Monitor
2024,CUST137,Rivet Networks 137,SMB,Central,231553.52,-68574.30,162979.22,0.7038511874058317,12,329,,,,0.0022037023556742215,123,124,144,0.6949263408638547,,,,Stable,Core / Monitor
2024,CUST119,Tandem Labs 119,SMB,Central,231081.42,-68322.41,162759.01,0.7043362032308785,12,326,,,,0.0021992093646710457,125,125,144,0.6949263408638547,,,,Stable,Core / Monitor
2024,CUST143,Cedar Operations 143,SMB,Central,231008.29,-68359.03,162649.26,0.7040840828699264,12,326,,,,0.002198513384090528,126,126,144,0.6949263408638547,,,,Stable,Core / Monitor
2024,CUST139,Tandem Networks 139,SMB,East,230863.23,-68313.04,162550.19,0.704097356690366,12,327,,,,0.0021971328433683913,128,127,144,0.6949263408638547,,,,Stable,Core / Monitor
2024,CUST138,Summit Networks 138,SMB,West,230848.51,-68389.21,162459.30,0.7037485318835283,12,327,,,,0.002196992752651241,129,128,144,0.6949263408638547,,,,Stable,Core / Monitor
2024,CUST144,Delta Operations 144,SMB,West,230886.12,-68461.76,162424.36,0.7034825653443351,12,328,,,,0.0021973506882403734,127,129,144,0.6949263408638547,,,,Stable,Core / Monitor
2024,CUST116,Quartz Labs 116,SMB,Central,230700.27,-68334.07,162366.20,0.7037971823786769,12,327,,,,0.002195581947766024,131,130,144,0.6949263408638547,,,,Stable,Core / Monitor
2024,CUST121,Alto Networks 121,SMB,East,230526.70,-68182.58,162344.12,0.7042313102994143,12,326,,,,0.0021939300764497326,133,131,144,0.6949263408638547,,,,Stable,Core / Monitor
2024,CUST112,Mosaic Labs 112,SMB,East,230657.88,-68382.09,162275.79,0.7035345594956479,12,326,,,,0.0021951785207619473,132,132,144,0.6949263408638547,,,,Stable,Core / Monitor
2024,CUST118,Summit Labs 118,SMB,East,230744.31,-68501.93,162242.38,0.7031262439364161,12,326,,,,0.0021960010778735856,130,133,144,0.6949263408638547,,,,Stable,Core / Monitor
2024,CUST134,Orchid Networks 134,SMB,Central,230437.94,-68210.04,162227.90,0.7039982218205908,12,327,,,,0.0021930853446525665,135,134,144,0.6949263408638547,,,,Stable,Core / Monitor
2024,CUST117,Rivet Labs 117,SMB,West,230471.02,-68286.67,162184.35,0.7037082145946159,12,325,,,,0.0021934001680848584,134,135,144,0.6949263408638547,,,,Stable,Core / Monitor
2024,CUST141,Alto Operations 141,SMB,West,230300.47,-68278.56,162021.91,0.7035240093083613,12,327,,,,0.002191777038206461,136,136,144,0.6949263408638547,,,,Stable,Core / Monitor
2024,CUST133,Nova Networks 133,SMB,East,230183.16,-68182.83,162000.33,0.7037888001885106,12,327,,,,0.0021906605951338433,137,137,144,0.6949263408638547,,,,Stable,Core / Monitor
2024,CUST128,Helix Networks 128,SMB,Central,229923.85,-67999.95,161923.90,0.7042501245521071,12,324,,,,0.0021881927334582796,138,138,144,0.6949263408638547,,,,Stable,Core / Monitor
2024,CUST120,Vertex Labs 120,SMB,West,229886.09,-68068.85,161817.24,0.7039018324249197,12,327,,,,0.0021878333703142846,139,139,144,0.6949263408638547,,,,Stable,Core / Monitor
2024,CUST136,Quartz Networks 136,SMB,East,229650.55,-67970.92,161679.63,0.7040245712453117,12,323,,,,0.002185591728499228,140,140,144,0.6949263408638547,,,,Stable,Core / Monitor
2024,CUST135,Pioneer Networks 135,SMB,West,229299.82,-67722.80,161577.02,0.7046539330035234,12,325,,,,0.0021822538197202746,142,141,144,0.6949263408638547,,,,Stable,Core / Monitor
2024,CUST142,Beacon Operations 142,SMB,East,229531.72,-67996.48,161535.24,0.7037599857658018,12,326,,,,0.0021844608195373404,141,142,144,0.6949263408638547,,,,Stable,Core / Monitor
2024,CUST113,Nova Labs 113,SMB,Central,228603.79,-67577.02,161026.77,0.7043923899949339,12,323,,,,0.0021756296796483815,143,143,144,0.6949263408638547,,,,Stable,Core / Monitor
2024,CUST111,Lattice Labs 111,SMB,West,228267.06,-67669.28,160597.78,0.7035521463324581,12,323,,,,0.0021724250093232396,144,144,144,0.6949263408638547,,,,Stable,Core / Monitor
