period,year,revenue,revenue_yoy_pct,budget_variance,budget_variance_pct,forecast_variance,forecast_variance_pct,cogs,gross_profit,gross_margin_pct,gross_margin_yoy_bps,operating_expense,operating_contribution,operating_contribution_margin_pct,customer_count,top_10_customer_revenue_pct,forecast_accuracy_pct,pipeline_amount,weighted_pipeline,pipeline_coverage
2024-01,2024,8720377.57,,-515120.72,-5.513581853756277,-127357.42,-0.4326944369982982,-2661835.18,6058542.39,0.6947568888350324,,-6480235.51,-421693.12,-0.04835720891842072,144,0.24565634834088956,0.9980235217412654,28777245.96,13592948.597000,1.5556760381908477
2024-02,2024,8971825.11,,-507172.97,-1.9945663653591426,-91438.62,-0.5663340539378152,-2733731.36,6238093.75,0.6952981888876789,,-6490989.41,-252895.66,-0.028187760784382926,144,0.24763568535499464,0.9977771622672135,29607022.85,14352928.741500,1.5962219876483301
2024-03,2024,9210712.43,,-510964.41,-0.940091106508739,-114992.05,-0.7793211738174441,-2810601.56,6400110.87,0.6948551394520087,,-6367548.80,32562.07,0.0035352390216790213,144,0.24917843950101481,0.997639534561704,30395351.04,14711629.735500,1.593460175150463
2024-04,2024,9201551.00,,-546997.78,-1.468190713862721,-118614.80,-2.1250624136801113,-2803269.56,6398281.44,0.6953481472851697,,-6572713.33,-174431.89,-0.018956792175579967,144,0.24608610222341865,0.9977545826457297,30365118.29,14126368.979000,1.5317688708068595
2024-05,2024,9158898.21,,-555357.55,-1.3884110565868255,-140461.23,-9.42612475312507,-2792685.85,6366212.36,0.6950849560757374,,-6521574.86,-155362.50,-0.016963011973467494,144,0.24875349608236338,0.9979005645002862,30224364.08,14456467.608000,1.5750930795313753
2024-06,2024,9016745.79,,-549775.03,-1.6922593685954477,-119653.85,-1.1369094199772645,-2747733.41,6269012.38,0.6952632940980363,,-6493911.07,-224898.69,-0.0249423345448447,144,0.25022862599745094,0.9981894401009649,29755261.13,14015820.658000,1.5516068103728315
2024-07,2024,8752315.23,,-459119.89,-23.444244332467978,-82074.53,-0.20693031298480463,-2674172.66,6078142.57,0.694461112319877,,-6556845.94,-478703.37,-0.05469448453583635,144,0.24719362398924927,0.9986387009203515,28882640.26,13231493.836000,1.5097127409587916
2024-08,2024,8535916.28,,-532115.54,-7.449468570628588,-138683.58,-0.29833282120997806,-2604813.79,5931102.49,0.6948407523509592,,-6534648.03,-603545.54,-0.07070659085705092,144,0.24890115838858726,0.999179558547583,28168523.68,13322736.021500,1.5595051614784996
2024-09,2024,8325491.98,,-481286.48,-1.6754918679790898,-106801.22,-0.16139548193319114,-2540368.96,5785123.02,0.6948686076327226,,-6553660.36,-768537.34,-0.0923113423021999,144,0.24758884459342187,0.9997463015979764,27474123.53,12817947.552000,1.539211819550493
2024-10,2024,8315156.60,,-532195.22,-1.8319667927047272,-55997.02,-0.07303612621648141,-2539586.70,5775569.90,0.6945834189099939,,-6598269.96,-822700.06,-0.09893981551712448,144,0.2499657805602844,0.9996818410569734,27440016.80,13486744.137000,1.622463137406155
2024-11,2024,8368484.87,,-516439.64,-1.7465391908158299,-86566.98,-0.11930962180562564,-2553612.95,5814871.92,0.694853609743098,,-6627004.69,-812132.77,-0.09704657206364764,144,0.2487543112448741,0.9990771147788365,27616000.07,13570814.771500,1.6231539265353019
2024-12,2024,8497295.76,,-467384.40,-1.615410298186906,-83139.77,-0.12343092970010107,-2593132.84,5904162.92,0.6948284591661665,,-6660875.92,-756713.00,-0.08905339079311982,144,0.24802592842784604,0.9986516170834048,28041076.01,12626437.998500,1.4879396491425203
2025-01,2025,10402376.76,0.1928814637323093,-620979.02,-1.189507674489671,-172202.98,-2.350218537880923,-3922567.67,6479809.09,0.6229162084300435,-718.4068040498892,-6578741.02,-98931.93,-0.009510512095699175,144,0.2591599797044844,0.9884302584878987,30166892.60,14122407.165500,1.3419062669161117
2025-02,2025,10675992.76,0.18994659716455398,-565029.53,-1.2090716764212253,-306607.79,-1.4677016428889242,-4025724.42,6650268.34,0.6229180264075038,-723.8016248017509,-6747972.78,-97704.44,-0.009151789645837115,144,0.2561059136574386,0.979105573905625,29358980.12,14091031.349000,1.2923020505949463
2025-03,2025,10878129.53,0.18103019855110158,-631354.12,-0.9473252344894117,-384330.88,-0.916302918708861,-4107244.44,6770885.09,0.6224310044596426,-724.2413499236611,-6735779.48,35105.61,0.0032271733760096165,144,0.2583879795003691,0.969807053754745,28283136.79,13350540.983500,1.1902274909977204
2025-04,2025,10977776.78,0.19303547630176698,-657747.28,-0.7896850462484216,-518948.07,-0.7476298303034608,-4137984.87,6839791.91,0.6230580241402941,-722.901231448756,-6664615.63,175176.28,0.015957354891670515,144,0.2592063153610598,0.9608338210873436,26895553.12,12568421.691500,1.1000555832836856
2025-05,2025,10903498.59,0.19048146840361047,-631669.11,-0.9084574680531141,-607819.47,-0.9052060143725966,-4109719.27,6793779.32,0.6230825146555093,-720.0244142022805,-6730127.92,63651.40,0.005837704244615305,144,0.2596643386184911,0.9523341586163435,25078046.77,12107179.544000,1.0574661471343616
2025-06,2025,10719612.17,0.18885598193181408,-546280.57,-1.0241560760637383,-682774.61,-1.019234132010895,-4048105.07,6671507.10,0.622364596237067,-728.9869786096937,-6684391.85,-12884.75,-0.0012019791197352618,144,0.2629157618115582,0.9438136892198236,23047166.16,11392859.770000,1.003090115552922
2025-07,2025,10432387.09,0.19195742107657154,-579126.54,-1.8761855290425784,-732286.41,-1.5856114533722736,-3936575.83,6495811.26,0.622658189727889,-718.0292259198795,-6766265.48,-270454.22,-0.025924480913792472,144,0.2590901781808788,0.9357843226840502,20864774.19,9979162.468500,0.8951301088598091
2025-08,2025,10067059.07,0.17937650039838493,-557056.21,-3.5972155969603303,-736856.45,-2.20182030691944,-3798801.15,6268257.92,0.6226503566150228,-721.9039573593644,-6670456.52,-402198.60,-0.03995194596588376,144,0.2572149137096501,0.9282544248735304,18624059.28,9376733.531500,0.8646015018837949
2025-09,2025,9637118.38,0.15754341042557818,-628049.58,-3.6319876050280087,-828707.12,-29.87859810115515,-3639543.26,5997575.12,0.6223411276597808,-725.2747997294184,-6798546.43,-800971.31,-0.0831131546191508,144,0.2619665018579963,0.9202590481070017,16383101.27,7708906.067500,0.7361319307176384
2025-10,2025,9210777.79,0.1077094795785325,-542581.79,-1.0683481013885743,-872411.58,-4.9000858570818275,-3475538.67,5735239.12,0.6226661038578807,-719.1731505211318,-6785690.76,-1050451.64,-0.114045921413983,144,0.25754875799690746,0.912715278086663,14276705.58,6807807.106000,0.6745998760994049
2025-11,2025,8986426.06,0.07384146588054952,-582630.40,-0.8434043797617888,-888750.97,-2.310320418151552,-3390294.83,5596131.23,0.6227315723332174,-721.2203740988055,-6869569.52,-1273438.29,-0.14170686783573225,144,0.2581161837323346,0.9056630396181865,12580996.49,6134770.509000,0.6182696958106334
2025-12,2025,8884513.89,0.04556957188930433,-522224.59,-0.6530871006589192,-1008059.33,-3.212528742950938,-3352719.40,5531794.49,0.6226333323904567,-721.9512677570983,-6853643.80,-1321849.31,-0.14878127564050664,144,0.25822631473200386,0.8975760646967088,11994093.76,5915937.963500,0.5976696510368326
