year,dimension_type,member_name,revenue,gross_profit,gross_margin_pct,revenue_mix_pct,prior_year_gross_margin_pct,prior_year_revenue_mix_pct,gross_margin_change_bps,revenue_mix_change_pct,mix_effect_bps,margin_rate_effect_bps
2024,Customer Segment,Enterprise,65572638.10,45215441.82,0.6895473955317347,0.6240569223423735,,,,,,
2024,Customer Segment,Mid-Market,31645084.33,22273136.10,0.7038418942965099,0.3011672933476908,,,,,,
2024,Customer Segment,SMB,7857048.40,5530648.09,0.7039091282675565,0.07477578430993567,,,,,,
2024,Product,Analytics Module,15526189.59,11594932.56,0.7467983366290969,0.14776324961126733,,,,,,
2024,Product,Implementation Services,8954375.32,3344667.22,0.3735232331092416,0.08521908017755513,,,,,,
2024,Product,Platform Subscription,66966787.80,52046072.42,0.7771923087521903,0.6373250902287978,,,,,,
2024,Product,Professional Services,13627418.12,6033553.81,0.4427510594354611,0.12969257998237976,,,,,,
2024,Region,Central,34517318.21,24295158.08,0.7038541619076727,0.3285024362874454,,,,,,
2024,Region,East,31230772.22,21984489.49,0.7039367882143261,0.2972242715668457,,,,,,
2024,Region,West,39326680.40,26739578.44,0.6799347966323647,0.37427329214570887,,,,,,
2025,Customer Segment,Enterprise,76630167.17,46871439.95,0.6116578063312609,0.6292732191995226,0.6895473955317347,0.6240569223423735,-778.8958920047384,0.005216296857149083,35.96883912167523,-490.13832538310544
2025,Customer Segment,Mid-Market,36169855.64,23201424.95,0.6414574938015981,0.2970203816216575,0.7038418942965099,0.3011672933476908,-623.8440049491179,-0.00414691172603332,-29.187702047317014,-185.29438442237017
2025,Customer Segment,SMB,8975646.06,5757985.09,0.6415120484374358,0.0737063991788198,0.7039091282675565,0.07477578430993567,-623.9707983012066,-0.0010693851311158742,-7.527499554260616,-45.99064073551559
2025,Product,Analytics Module,17947571.84,12759458.54,0.7109295147972506,0.1473822480840544,0.7467983366290969,0.14776324961126733,-358.68821831846253,-0.0003810015272129319,-2.8453130677576315,-52.864275977039114
2025,Product,Implementation Services,12921383.53,3382787.41,0.26179761649718636,0.10610808916019218,0.3735232331092416,0.08521908017755513,-1117.2561661205527,0.020889008982637056,78.02530171642583,-118.54991688949409
2025,Product,Platform Subscription,71152729.88,52778580.76,0.7417646638296487,0.5842934844066277,0.7771923087521903,0.6373250902287978,-354.2764492254158,-0.05303160582217015,-412.1575616576851,-207.0014209611259
2025,Product,Professional Services,19753983.62,6910023.28,0.34980404018376926,0.16221617834912574,0.4427510594354611,0.12969257998237976,-929.4701925169186,0.03252359836674598,143.99857633530218,-150.7751025195207
2025,Region,Central,39454058.10,25304348.59,0.6413623796534126,0.32398966448805677,0.7038541619076727,0.3285024362874454,-624.9178225426011,-0.004512771799388637,-31.763332127392694,-202.46691565818432
2025,Region,East,35709439.18,22907044.54,0.6414842984380915,0.2932395240474609,0.7039367882143261,0.2972242715668457,-624.5248977623463,-0.003984747519384824,-28.050103706407562,-183.13538377561963
2025,Region,West,46612171.59,27619456.86,0.5925374407127038,0.38277081146448233,0.6799347966323647,0.37427329214570887,-873.9735591966091,0.008497519318773461,57.77759069889824,-334.5315684521879
