period,region,stage,gross_pipeline,weighted_pipeline,regional_gross_pipeline,regional_weighted_pipeline,stage_mix_pct,revenue_requirement,weighted_pipeline_coverage,gross_pipeline_growth_pct,weighted_pipeline_growth_pct
2024-01,West,Discovery,3938119.34,590717.901000,10480404.14,4439257.810000,0.3757602557490688,3271256.59,1.3570497109797186,,
2024-02,West,Discovery,1601310.58,240196.587000,9170511.65,5072642.121000,0.1746151840938995,3355294.63,1.5118320983334927,-0.5933819059937375,-0.5933819059937375
2024-03,West,Discovery,2558238.33,383735.749500,11365625.76,5422623.959500,0.22508556801187515,3469331.96,1.5630167484751156,0.5975903500244155,0.5975903500244155
2024-04,West,Discovery,3135600.89,470340.133500,10916298.51,5315760.106500,0.28724030284877217,3445693.68,1.5427256744714462,0.22568755742159485,0.22568755742159485
2024-05,West,Discovery,1604532.97,240679.945500,10233109.48,4958272.349000,0.15679818271620796,3434908.82,1.4434946046107857,-0.488285331491917,-0.488285331491917
2024-06,West,Discovery,4083975.83,612596.374500,11856862.73,4950105.417000,0.3444398339593495,3402547.12,1.4548234726577425,1.5452738624622966,1.5452738624622966
2024-07,West,Discovery,2061016.88,309152.532000,10797914.24,5219220.608000,0.19087175858140543,3292704.38,1.5850863016132655,-0.4953405784480366,-0.4953405784480365
2024-08,West,Discovery,2740046.04,411006.906000,8044662.35,3293906.370500,0.34060423182335303,3205493.54,1.0275816592349145,0.32946317256751434,0.32946317256751434
2024-09,West,Discovery,3523213.80,528482.070000,9998175.05,4420675.257000,0.3523856886262458,3104503.89,1.4239554575014561,0.2858228469766879,0.2858228469766879
2024-10,West,Discovery,2474539.97,371180.995500,9229146.00,4265389.375500,0.26812231272535947,3124327.21,1.3652185218781872,-0.2976469466598932,-0.2976469466598932
2024-11,West,Discovery,2900282.54,435042.381000,9450906.05,4453929.775500,0.3068787822729441,3127296.96,1.424210694560967,0.17204917890253357,0.17204917890253357
2024-12,West,Discovery,1670995.45,250649.317500,8703095.30,4290919.124000,0.1920001324126601,3179551.07,1.349536154486111,-0.42385080523913377,-0.42385080523913365
2025-01,West,Discovery,2925845.59,438876.838500,10405672.02,4889599.322500,0.2811779560586227,4108273.02,1.1901836364565663,0.7509596390582631,0.7509596390582631
2025-02,West,Discovery,2622578.47,393386.770500,10018225.78,5018105.165500,0.26178073119849377,4279895.07,1.17248322293565,-0.1036511021075448,-0.10365110210754502
2025-03,West,Discovery,2145666.85,321850.027500,8731133.72,4062991.147000,0.24574893923397612,4477314.61,0.9074616150326769,-0.1818483700127379,-0.1818483700127378
2025-04,West,Discovery,2710726.60,406608.990000,9718608.67,4683323.007500,0.2789212625020738,4643593.73,1.008555717793167,0.2633492473447123,0.2633492473447123
2025-05,West,Discovery,2218077.02,332711.553000,8262630.67,3843518.421000,0.26844683111075085,4702656.95,0.8173078457275094,-0.18174078492460288,-0.18174078492460277
2025-06,West,Discovery,1636872.91,245530.936500,7588438.80,3898607.850000,0.2157061489380398,4740659.26,0.8223767278308883,-0.26203062596987736,-0.26203062596987725
2025-07,West,Discovery,1307494.74,196124.211000,6830689.52,3414405.663000,0.1914147519326863,4714250.97,0.7242732058026178,-0.20122403394164545,-0.20122403394164545
2025-08,West,Discovery,1972492.75,295873.912500,6084357.33,2665397.064000,0.3241908130994009,4619766.18,0.5769549713444588,0.5086047306010577,0.5086047306010575
2025-09,West,Discovery,1325967.15,198895.072500,5522987.54,2649301.419000,0.24008150306274273,4532048.69,0.5845703786999693,-0.3277708371805169,-0.3277708371805168
2025-10,West,Discovery,1392817.33,208922.599500,4972445.36,2256841.752000,0.2801071161493869,4418734.30,0.5107439367875095,0.05041616604151944,0.05041616604151922
2025-11,West,Discovery,1241957.18,186293.577000,4279822.23,1986334.597500,0.29018896422714263,4375350.84,0.45398293077224405,-0.1083129472548996,-0.1083129472548996
2025-12,West,Discovery,636011.50,95401.725000,3892950.19,2082030.643500,0.1633751959205006,4442155.80,0.468698248607129,-0.48789579041686437,-0.48789579041686437
2024-01,Central,Proposal,3105600.26,1863360.156000,9408070.19,4488876.370000,0.3300996056875719,2862605.58,1.5681085795969139,,
2024-02,Central,Proposal,1928812.05,1157287.230000,10653416.25,4802555.815500,0.18105103609370374,2958743.98,1.6231738359126293,-0.37892455933784597,-0.37892455933784597
2024-03,Central,Proposal,2251377.04,1350826.224000,10078056.83,5053818.482500,0.22339396155201083,3027529.73,1.6692878132364368,0.167235055380331,0.167235055380331
2024-04,Central,Proposal,1567143.68,940286.208000,9151430.91,3915912.088000,0.1712457533048239,3035817.33,1.2899037268490723,-0.3039177125125164,-0.3039177125125163
2024-05,Central,Proposal,2659970.10,1595982.060000,9990837.61,4933268.947500,0.26624095034210055,3015171.50,1.6361487058033017,0.6973364560931645,0.6973364560931645
2024-06,Central,Proposal,2849241.92,1709545.152000,9176721.64,4032120.403000,0.3104858174601883,2955164.24,1.3644319149584727,0.07115561938083426,0.07115561938083426
2024-07,Central,Proposal,1165166.79,699100.074000,7452118.72,3452616.656000,0.15635376109520704,2873500.79,1.2015366997689254,-0.5910607724036294,-0.5910607724036294
2024-08,Central,Proposal,2776551.47,1665930.882000,11521893.40,5947297.739500,0.24098048589826393,2811898.00,2.115047465982052,1.3829648199980022,1.3829648199980022
2024-09,Central,Proposal,1814305.05,1088583.030000,8991076.66,4007857.026000,0.20178952072242703,2735021.84,1.4653839202980552,-0.34656170807451303,-0.34656170807451303
2024-10,Central,Proposal,2562943.72,1537766.232000,8962435.95,4849138.790500,0.28596508073232035,2733332.27,1.7740758574148763,0.4126310897938581,0.4126310897938581
2024-11,Central,Proposal,2558145.55,1534887.330000,9310981.25,4557883.052000,0.27474500069474417,2742595.58,1.6618866759786728,-0.00187213240874462,-0.001872132408744398
2024-12,Central,Proposal,2701198.21,1620718.926000,10373403.82,4601691.869500,0.2603965156347302,2790675.12,1.6489529134082794,0.05592045378340571,0.05592045378340571
2025-01,Central,Proposal,1934948.31,1160968.986000,9428154.68,4233539.089500,0.2052308617830186,3362752.69,1.2589504729531567,-0.28367037160149755,-0.28367037160149755
2025-02,Central,Proposal,1731316.14,1038789.684000,9919214.75,4963961.879000,0.1745416531081757,3483942.56,1.424811630361667,-0.10523907483606121,-0.1052390748360611
2025-03,Central,Proposal,2842825.78,1705695.468000,9682765.55,4498444.395000,0.29359646945081713,3559042.21,1.2639480314002793,0.6420027020599484,0.6420027020599486
2025-04,Central,Proposal,1933351.71,1160011.026000,8483313.34,3669525.839000,0.22790054221903822,3556148.10,1.0318821758295162,-0.31991903140824896,-0.31991903140824907
2025-05,Central,Proposal,2863179.84,1717907.904000,8935423.89,4383604.044000,0.32043021967925905,3547241.37,1.2357783378016929,0.4809410130555085,0.48094101305550874
2025-06,Central,Proposal,1917782.48,1150669.488000,7095333.49,3076553.675000,0.2702878564767785,3466998.02,0.8873825878331478,-0.33019140006238656,-0.3301914000623867
2025-07,Central,Proposal,1160738.96,696443.376000,6393924.79,3170876.702500,0.18153778752846417,3371462.11,0.9405049201338942,-0.3947494191312041,-0.394749419131204
2025-08,Central,Proposal,2338708.80,1403225.280000,6969006.93,3635034.932000,0.33558709633827266,3273231.59,1.1105339882168253,1.014844750278736,1.014844750278736
2025-09,Central,Proposal,1088366.87,653020.122000,5231284.00,2351848.359500,0.2080496623773437,3118694.09,0.7541131934167996,-0.5346291637505276,-0.5346291637505276
2025-10,Central,Proposal,1192386.87,715432.122000,4244485.83,2180838.186500,0.2809261045406765,2966390.01,0.7351825549399015,0.09557439027889547,0.09557439027889547
2025-11,Central,Proposal,1180819.74,708491.844000,4237149.69,2061770.233000,0.27868256408000536,2908374.04,0.7089082094131194,-0.009700819667697425,-0.009700819667697202
2025-12,Central,Proposal,1123769.30,674261.580000,4388795.26,2155464.853500,0.25605416371143275,2871050.04,0.7507583718394543,-0.048314266832971464,-0.048314266832971575
2024-01,East,Negotiation,2695072.07,2156057.656000,8888771.63,4664814.417000,0.30319960757052317,2603785.17,1.7915511889177864,,
2024-02,East,Negotiation,2159626.23,1727700.984000,9783094.95,4477730.805000,0.22075081975975303,2677773.84,1.6721840874358531,-0.1986758892128625,-0.1986758892128625
2024-03,East,Negotiation,3109287.71,2487430.168000,8951668.45,4235187.293500,0.3473416969548286,2735643.75,1.5481501542370053,0.439734184928843,0.439734184928843
2024-04,East,Negotiation,2587329.55,2069863.640000,10297388.87,4894696.784500,0.2512607402385106,2740747.81,1.7858982744202212,-0.16787065356521802,-0.16787065356521802
2024-05,East,Negotiation,2754285.96,2203428.768000,10000416.99,4564926.311500,0.27541711138187247,2728086.86,1.673306806477562,0.06452846719893102,0.06452846719893124
2024-06,East,Negotiation,3274360.87,2619488.696000,8721676.76,5033594.838000,0.37542790911687035,2675389.40,1.8814438144966863,0.188823861266751,0.18882386126675077
2024-07,East,Negotiation,1755339.63,1404271.704000,10632607.30,4559656.572000,0.16509023426455333,2598040.82,1.7550365401880021,-0.4639138141178679,-0.4639138141178679
2024-08,East,Negotiation,2225867.86,1780694.288000,8601967.93,4081531.911500,0.25876263177372716,2525533.71,1.6161066848321735,0.26805537911771515,0.2680553791177154
2024-09,East,Negotiation,2237509.84,1790007.872000,8484871.82,4389415.269000,0.26370579160970753,2488078.95,1.7641784514112786,0.005230310482132516,0.005230310482132516
2024-10,East,Negotiation,2802328.56,2241862.848000,9248434.85,4372215.971000,0.3030057091227712,2454852.42,1.781050435202944,0.2524318373500427,0.2524318373500427
2024-11,East,Negotiation,2694062.61,2155250.088000,8854112.77,4559001.944000,0.30427245281177956,2490876.30,1.8302803491285378,-0.03863428134208513,-0.03863428134208513
2024-12,East,Negotiation,1393058.68,1114446.944000,8964576.89,3733827.005000,0.15539592075493927,2515627.39,1.4842528030353492,-0.48291525414845504,-0.48291525414845504
2025-01,East,Negotiation,2987447.85,2389958.280000,10333065.90,4999268.753500,0.28911533894311076,3053112.61,1.63743346286202,1.1445240555121483,1.1445240555121483
2025-02,East,Negotiation,1660576.12,1328460.896000,9421539.59,4108964.304500,0.17625315949025272,3139984.23,1.3085939302631466,-0.444148917946802,-0.444148917946802
2025-03,East,Negotiation,3206759.47,2565407.576000,9869237.52,4789105.441500,0.3249247435277047,3180440.88,1.5057992341929651,0.9311126008484332,0.9311126008484332
2025-04,East,Negotiation,2440669.96,1952535.968000,8693631.11,4215572.845000,0.2807422961842235,3225518.75,1.306944145030935,-0.23889833870202937,-0.23889833870202926
2025-05,East,Negotiation,2292901.67,1834321.336000,7879992.21,3880057.079000,0.2909776569436482,3199337.74,1.21276882727611,-0.06054415075441011,-0.06054415075441022
2025-06,East,Negotiation,2683138.34,2146510.672000,8363393.87,4417698.245000,0.32081932068565844,3150105.69,1.4023968335487818,0.1701933733599661,0.1701933733599661
2025-07,East,Negotiation,1699683.34,1359746.672000,7640159.88,3393880.103000,0.2224669858610341,3062568.46,1.1081809753242218,-0.36653160418109487,-0.36653160418109487
2025-08,East,Negotiation,1628721.84,1302977.472000,5570695.02,3076301.535500,0.29237318398378237,2952152.87,1.042053603240404,-0.04174983558996348,-0.04174983558996348
2025-09,East,Negotiation,1258991.17,1007192.936000,5628829.73,2707756.289000,0.22366836987268396,2821437.20,0.9597081547659468,-0.227006638530739,-0.227006638530739
2025-10,East,Negotiation,1477256.76,1181805.408000,5059774.39,2370127.167500,0.2919609939367277,2706497.92,0.8757173430600679,0.17336546530346197,0.17336546530346197
2025-11,East,Negotiation,1145479.11,916383.288000,4064024.57,2086665.678500,0.28185831317451904,2638758.06,0.7907756721357015,-0.22459037520329228,-0.2245903752032924
2025-12,East,Negotiation,758243.26,606594.608000,3712348.31,1678442.466500,0.20424895421518247,2585135.08,0.6492668330894338,-0.3380557939638027,-0.3380557939638026
2024-01,East,Qualified,1495180.63,523313.220500,8888771.63,4664814.417000,0.16821003983876676,2603785.17,1.7915511889177864,,
2024-02,East,Qualified,2057343.75,720070.312500,9783094.95,4477730.805000,0.2102957970371125,2677773.84,1.6721840874358531,0.37598341546198344,0.37598341546198344
2024-03,East,Qualified,1357290.06,475051.521000,8951668.45,4235187.293500,0.15162425502923985,2735643.75,1.5481501542370053,-0.3402706475279107,-0.3402706475279107
2024-04,East,Qualified,2673268.21,935643.873500,10297388.87,4894696.784500,0.25960641515522376,2740747.81,1.7858982744202212,0.9695629466261617,0.9695629466261617
2024-05,East,Qualified,2719115.75,951690.512500,10000416.99,4564926.311500,0.271900237032016,2728086.86,1.673306806477562,0.0171503704074647,0.0171503704074647
2024-06,East,Qualified,1691853.26,592148.641000,8721676.76,5033594.838000,0.19398256855371007,2675389.40,1.8814438144966863,-0.3777928504882515,-0.3777928504882516
2024-07,East,Qualified,2948317.56,1031911.146000,10632607.30,4559656.572000,0.27729017698227226,2598040.82,1.7550365401880021,0.742655601231043,0.742655601231043
2024-08,East,Qualified,1736633.85,607821.847500,8601967.93,4081531.911500,0.20188797076810308,2525533.71,1.6161066848321735,-0.41097462717008004,-0.41097462717007993
2024-09,East,Qualified,2798155.46,979354.411000,8484871.82,4389415.269000,0.3297817008153695,2488078.95,1.7641784514112786,0.6112524007291462,0.611252400729146
2024-10,East,Qualified,2746100.98,961135.343000,9248434.85,4372215.971000,0.2969260231097373,2454852.42,1.781050435202944,-0.018603140799046236,-0.018603140799046236
2024-11,East,Qualified,2394614.29,838115.001500,8854112.77,4559001.944000,0.27045220138979553,2490876.30,1.8302803491285378,-0.12799481612653585,-0.12799481612653585
2024-12,East,Qualified,2287047.75,800466.712500,8964576.89,3733827.005000,0.25512054590676836,2515627.39,1.4842528030353492,-0.04492019464228625,-0.04492019464228625
2025-01,East,Qualified,1908378.11,667932.338500,10333065.90,4999268.753500,0.18468653238725594,3053112.61,1.63743346286202,-0.1655713747122245,-0.1655713747122246
2025-02,East,Qualified,3414017.79,1194906.226500,9421539.59,4108964.304500,0.36236304665360963,3139984.23,1.3085939302631466,0.7889629796686359,0.7889629796686364
2025-03,East,Qualified,2330396.09,815638.631500,9869237.52,4789105.441500,0.2361272677121667,3180440.88,1.5057992341929651,-0.3174036477413904,-0.3174036477413904
2025-04,East,Qualified,2513213.38,879624.683000,8693631.11,4215572.845000,0.2890867289168887,3225518.75,1.306944145030935,0.07844902022642852,0.07844902022642852
2025-05,East,Qualified,2828216.69,989875.841500,7879992.21,3880057.079000,0.35891110227379275,3199337.74,1.21276882727611,0.1253388639845614,0.1253388639845614
2025-06,East,Qualified,1900124.27,665043.494500,8363393.87,4417698.245000,0.22719535867082152,3150105.69,1.4023968335487818,-0.32815463655297217,-0.32815463655297217
2025-07,East,Qualified,1987507.32,695627.562000,7640159.88,3393880.103000,0.2601394933112316,3062568.46,1.1081809753242218,0.04598807108547698,0.04598807108547698
2025-08,East,Qualified,849109.93,297188.475500,5570695.02,3076301.535500,0.15242441507774376,2952152.87,1.042053603240404,-0.5727764514598115,-0.5727764514598115
2025-09,East,Qualified,1654183.53,578964.235500,5628829.73,2707756.289000,0.2938769885299053,2821437.20,0.9597081547659468,0.9481382463634596,0.9481382463634596
2025-10,East,Qualified,1269953.23,444483.630500,5059774.39,2370127.167500,0.2509900900937206,2706497.92,0.8757173430600679,-0.23227791416832688,-0.23227791416832677
2025-11,East,Qualified,1102069.66,385724.381000,4064024.57,2086665.678500,0.2711769185982062,2638758.06,0.7907756721357015,-0.1321966557776305,-0.1321966557776305
2025-12,East,Qualified,1120440.39,392154.136500,3712348.31,1678442.466500,0.30181445716767885,2585135.08,0.6492668330894338,0.01666930019650481,0.01666930019650481
2024-01,East,Proposal,2845923.78,1707554.268000,8888771.63,4664814.417000,0.3201706488211352,2603785.17,1.7915511889177864,,
2024-02,East,Proposal,2655646.14,1593387.684000,9783094.95,4477730.805000,0.2714525570458662,2677773.84,1.6721840874358531,-0.06685971048739736,-0.06685971048739758
2024-03,East,Proposal,1333204.45,799922.670000,8951668.45,4235187.293500,0.14893362700447202,2735643.75,1.5481501542370053,-0.49797360803499224,-0.49797360803499213
2024-04,East,Proposal,2519268.01,1511560.806000,10297388.87,4894696.784500,0.2446511481507253,2740747.81,1.7858982744202212,0.889633664214067,0.8896336642140672
2024-05,East,Proposal,1623899.42,974339.652000,10000416.99,4564926.311500,0.16238317078416145,2728086.86,1.673306806477562,-0.3554082322507639,-0.355408232250764
2024-06,East,Proposal,2796973.57,1678184.142000,8721676.76,5033594.838000,0.32069218419417783,2675389.40,1.8814438144966863,0.7223810388453737,0.7223810388453737
2024-07,East,Proposal,2742513.79,1645508.274000,10632607.30,4559656.572000,0.25793426885990606,2598040.82,1.7550365401880021,-0.019470966970917658,-0.01947096697091777
2024-08,East,Proposal,2215768.54,1329461.124000,8601967.93,4081531.911500,0.25758856090038923,2525533.71,1.6161066848321735,-0.19206658209729544,-0.19206658209729544
2024-09,East,Proposal,2450382.24,1470229.344000,8484871.82,4389415.269000,0.2887942554681987,2488078.95,1.7641784514112786,0.10588366779501257,0.10588366779501257
2024-10,East,Proposal,1364926.63,818955.978000,9248434.85,4372215.971000,0.1475846077890682,2454852.42,1.781050435202944,-0.44297399494700884,-0.44297399494700873
2024-11,East,Proposal,2224047.72,1334428.632000,8854112.77,4559001.944000,0.251188095043881,2490876.30,1.8302803491285378,0.629426572181393,0.6294265721813925
2024-12,East,Proposal,2280539.51,1368323.706000,8964576.89,3733827.005000,0.25439455068358496,2515627.39,1.4842528030353492,0.02540043969919825,0.025400439699198474
2025-01,East,Proposal,2501760.32,1501056.192000,10333065.90,4999268.753500,0.24211210343679312,3053112.61,1.63743346286202,0.09700371733528979,0.09700371733528979
2025-02,East,Proposal,2074567.40,1244740.440000,9421539.59,4108964.304500,0.22019409674846996,3139984.23,1.3085939302631466,-0.17075693326209596,-0.17075693326209607
2025-03,East,Proposal,1684993.20,1010995.920000,9869237.52,4789105.441500,0.1707318520387581,3180440.88,1.5057992341929651,-0.18778575234528416,-0.18778575234528405
2025-04,East,Proposal,1827666.73,1096600.038000,8693631.11,4215572.845000,0.21023053622527124,3225518.75,1.306944145030935,0.08467305980819395,0.08467305980819373
2025-05,East,Proposal,1426730.72,856038.432000,7879992.21,3880057.079000,0.1810573769590059,3199337.74,1.21276882727611,-0.21937041552427883,-0.21937041552427883
2025-06,East,Proposal,2309165.31,1385499.186000,8363393.87,4417698.245000,0.27610385758383515,3150105.69,1.4023968335487818,0.6185011492568129,0.6185011492568127
2025-07,East,Proposal,1656801.08,994080.648000,7640159.88,3393880.103000,0.2168542420607041,3062568.46,1.1081809753242218,-0.2825108393820449,-0.2825108393820449
2025-08,East,Proposal,2249346.89,1349608.134000,5570695.02,3076301.535500,0.40378209216702016,2952152.87,1.042053603240404,0.3576445097440424,0.3576445097440424
2025-09,East,Proposal,1587224.14,952334.484000,5628829.73,2707756.289000,0.2819811961162307,2821437.20,0.9597081547659468,-0.294362222627209,-0.2943622226272089
2025-10,East,Proposal,882118.82,529271.292000,5059774.39,2370127.167500,0.17433955587889363,2706497.92,0.8757173430600679,-0.44423802677295465,-0.44423802677295476
2025-11,East,Proposal,1137970.31,682782.186000,4064024.57,2086665.678500,0.28001068654956485,2638758.06,0.7907756721357015,0.2900419809657844,0.29004198096578415
2025-12,East,Proposal,899208.94,539525.364000,3712348.31,1678442.466500,0.24222105926262075,2585135.08,0.6492668330894338,-0.20981335620258856,-0.20981335620258856
2024-01,Central,Discovery,1719074.05,257861.107500,9408070.19,4488876.370000,0.1827233444566808,2862605.58,1.5681085795969139,,
2024-02,Central,Discovery,2914849.17,437227.375500,10653416.25,4802555.815500,0.27360699156010165,2958743.98,1.6231738359126293,0.6955925604251894,0.6955925604251894
2024-03,Central,Discovery,1927621.55,289143.232500,10078056.83,5053818.482500,0.19126916850299205,3027529.73,1.6692878132364368,-0.3386890924445328,-0.33868909244453294
2024-04,Central,Discovery,2322280.67,348342.100500,9151430.91,3915912.088000,0.25376148198446047,3035817.33,1.2899037268490723,0.20473890219789248,0.2047389021978927
2024-05,Central,Discovery,2893660.33,434049.049500,9990837.61,4933268.947500,0.2896314045885088,3015171.50,1.6361487058033017,0.24604246479819358,0.24604246479819336
2024-06,Central,Discovery,2830444.11,424566.616500,9176721.64,4032120.403000,0.30843739420650007,2955164.24,1.3644319149584727,-0.02184645493619497,-0.02184645493619497
2024-07,Central,Discovery,2385086.88,357763.032000,7452118.72,3452616.656000,0.3200548689057922,2873500.79,1.2015366997689254,-0.1573453538356565,-0.1573453538356565
2024-08,Central,Discovery,1925521.20,288828.180000,11521893.40,5947297.739500,0.1671184703028063,2811898.00,2.115047465982052,-0.19268299358554186,-0.19268299358554186
2024-09,Central,Discovery,2380076.05,357011.407500,8991076.66,4007857.026000,0.26471535501288895,2735021.84,1.4653839202980552,0.2360684733047862,0.2360684733047862
2024-10,Central,Discovery,1410247.98,211537.197000,8962435.95,4849138.790500,0.1573509688512753,2733332.27,1.7740758574148763,-0.4074777652588033,-0.4074777652588034
2024-11,Central,Discovery,1995612.96,299341.944000,9310981.25,4557883.052000,0.2143289634484013,2742595.58,1.6618866759786728,0.4150794670877671,0.41507946708776733
2024-12,Central,Discovery,3228037.54,484205.631000,10373403.82,4601691.869500,0.31118402368336606,2790675.12,1.6489529134082794,0.6175669354241917,0.6175669354241915
2025-01,Central,Discovery,2189097.62,328364.643000,9428154.68,4233539.089500,0.23218728312166387,3362752.69,1.2589504729531567,-0.32184877255175903,-0.32184877255175914
2025-02,Central,Discovery,2053544.08,308031.612000,9919214.75,4963961.879000,0.20702687982433288,3483942.56,1.424811630361667,-0.06192210834343703,-0.06192210834343681
2025-03,Central,Discovery,2336863.36,350529.504000,9682765.55,4498444.395000,0.24134255321301254,3559042.21,1.2639480314002793,0.13796600850175067,0.13796600850175067
2025-04,Central,Discovery,2628439.71,394265.956500,8483313.34,3669525.839000,0.30983645241612634,3556148.10,1.0318821758295162,0.12477252842031805,0.12477252842031805
2025-05,Central,Discovery,2471973.06,370795.959000,8935423.89,4383604.044000,0.2766486616003172,3547241.37,1.2357783378016929,-0.05952833896273768,-0.05952833896273768
2025-06,Central,Discovery,2064309.55,309646.432500,7095333.49,3076553.675000,0.29093904506523766,3466998.02,0.8873825878331478,-0.164914220383939,-0.16491422038393888
2025-07,Central,Discovery,1681236.63,252185.494500,6393924.79,3170876.702500,0.2629428223224377,3371462.11,0.9405049201338942,-0.1855695140295215,-0.18556951402952138
2025-08,Central,Discovery,1180295.54,177044.331000,6969006.93,3635034.932000,0.16936351934435515,3273231.59,1.1105339882168253,-0.2979598951517014,-0.2979598951517015
2025-09,Central,Discovery,1513900.21,227085.031500,5231284.00,2351848.359500,0.2893936192338248,3118694.09,0.7541131934167996,0.2826450314300093,0.2826450314300095
2025-10,Central,Discovery,882113.30,132316.995000,4244485.83,2180838.186500,0.20782571442817138,2966390.01,0.7351825549399015,-0.41732401239312855,-0.41732401239312866
2025-11,Central,Discovery,944817.34,141722.601000,4237149.69,2061770.233000,0.22298417783771993,2908374.04,0.7089082094131194,0.07108388457582482,0.07108388457582482
2025-12,Central,Discovery,1220043.59,183006.538500,4388795.26,2155464.853500,0.2779905458610981,2871050.04,0.7507583718394543,0.2913010148607138,0.2913010148607138
2024-01,West,Negotiation,2456115.42,1964892.336000,10480404.14,4439257.810000,0.23435312104290662,3271256.59,1.3570497109797186,,
2024-02,West,Negotiation,3580925.96,2864740.768000,9170511.65,5072642.121000,0.3904826793388349,3355294.63,1.5118320983334927,0.45796322552300905,0.4579632255230093
2024-03,West,Negotiation,2701562.76,2161250.208000,11365625.76,5422623.959500,0.23769591019861275,3469331.96,1.5630167484751156,-0.24556866291644863,-0.24556866291644863
2024-04,West,Negotiation,3083009.53,2466407.624000,10916298.51,5315760.106500,0.2824226112153102,3445693.68,1.5427256744714462,0.14119485789773023,0.14119485789773023
2024-05,West,Negotiation,2061880.35,1649504.280000,10233109.48,4958272.349000,0.20149108675420915,3434908.82,1.4434946046107857,-0.33121181432092417,-0.33121181432092417
2024-06,West,Negotiation,2232910.15,1786328.120000,11856862.73,4950105.417000,0.18832217263933862,3402547.12,1.4548234726577425,0.08294846012766932,0.08294846012766954
2024-07,West,Negotiation,2346475.90,1877180.720000,10797914.24,5219220.608000,0.21730825489497496,3292704.38,1.5850863016132655,0.050859973026680105,0.05085997302667988
2024-08,West,Negotiation,1347223.18,1077778.544000,8044662.35,3293906.370500,0.16746795842836087,3205493.54,1.0275816592349145,-0.42585253912047427,-0.42585253912047427
2024-09,West,Negotiation,2146161.11,1716928.888000,9998175.05,4420675.257000,0.21465528451614774,3104503.89,1.4239554575014561,0.5930256707726778,0.5930256707726778
2024-10,West,Negotiation,1992939.16,1594351.328000,9229146.00,4265389.375500,0.21593971533227452,3124327.21,1.3652185218781872,-0.07139349850580412,-0.07139349850580423
2024-11,West,Negotiation,2835921.48,2268737.184000,9450906.05,4453929.775500,0.3000687410282742,3127296.96,1.424210694560967,0.4229844728426131,0.42298447284261287
2024-12,West,Negotiation,2254133.17,1803306.536000,8703095.30,4290919.124000,0.25900361794268756,3179551.07,1.349536154486111,-0.20514965386136153,-0.20514965386136141
2025-01,West,Negotiation,2738429.83,2190743.864000,10405672.02,4889599.322500,0.26316703281985626,4108273.02,1.1901836364565663,0.21484829132788108,0.21484829132788108
2025-02,West,Negotiation,3056082.67,2444866.136000,10018225.78,5018105.165500,0.3050522854157515,4279895.07,1.17248322293565,0.11599816673045793,0.11599816673045793
2025-03,West,Negotiation,1890717.45,1512573.960000,8731133.72,4062991.147000,0.2165489054037761,4477314.61,0.9074616150326769,-0.38132647111931695,-0.38132647111931695
2025-04,West,Negotiation,2544769.64,2035815.712000,9718608.67,4683323.007500,0.2618450568809661,4643593.73,1.008555717793167,0.34592804440451963,0.34592804440451963
2025-05,West,Negotiation,1882829.69,1506263.752000,8262630.67,3843518.421000,0.22787290939145896,4702656.95,0.8173078457275094,-0.2601178274038196,-0.2601178274038195
2025-06,West,Negotiation,2531214.26,2024971.408000,7588438.80,3898607.850000,0.3335619258074533,4740659.26,0.8223767278308883,0.34436708399260474,0.34436708399260474
2025-07,West,Negotiation,1800429.72,1440343.776000,6830689.52,3414405.663000,0.26357949877950243,4714250.97,0.7242732058026178,-0.2887090798864257,-0.2887090798864257
2025-08,West,Negotiation,1361605.13,1089284.104000,6084357.33,2665397.064000,0.22378783101484934,4619766.18,0.5769549713444588,-0.24373325163728143,-0.24373325163728132
2025-09,West,Negotiation,1218738.75,974991.000000,5522987.54,2649301.419000,0.22066657604663,4532048.69,0.5845703786999693,-0.10492497189695515,-0.10492497189695527
2025-10,West,Negotiation,1120843.31,896674.648000,4972445.36,2256841.752000,0.2254108851585249,4418734.30,0.5107439367875095,-0.08032520505317475,-0.08032520505317475
2025-11,West,Negotiation,1127433.04,901946.432000,4279822.23,1986334.597500,0.263429876151655,4375350.84,0.45398293077224405,0.005879260679175546,0.005879260679175546
2025-12,West,Negotiation,1312103.01,1049682.408000,3892950.19,2082030.643500,0.3370459281422247,4442155.80,0.468698248607129,0.1637968406531709,0.1637968406531709
2024-01,West,Qualified,2272216.22,795275.677000,10480404.14,4439257.810000,0.21680616411801845,3271256.59,1.3570497109797186,,
2024-02,West,Qualified,1701041.20,595364.420000,9170511.65,5072642.121000,0.18549032648576375,3355294.63,1.5118320983334927,-0.25137353345712854,-0.25137353345712843
2024-03,West,Qualified,3143427.20,1100199.520000,11365625.76,5422623.959500,0.27657317479719656,3469331.96,1.5630167484751156,0.847943012785346,0.8479430127853458
2024-04,West,Qualified,1758402.02,615440.707000,10916298.51,5315760.106500,0.16108042651904358,3445693.68,1.5427256744714462,-0.4406099113731662,-0.4406099113731662
2024-05,West,Qualified,3487718.29,1220701.401500,10233109.48,4958272.349000,0.340826832432169,3434908.82,1.4434946046107857,0.9834589873821915,0.9834589873821911
2024-06,West,Qualified,3091220.51,1081927.178500,11856862.73,4950105.417000,0.2607115035732559,3402547.12,1.4548234726577425,-0.11368400399104484,-0.11368400399104484
2024-07,West,Qualified,3205462.08,1121911.728000,10797914.24,5219220.608000,0.29685937568624365,3292704.38,1.5850863016132655,0.03695678442557959,0.03695678442557959
2024-08,West,Qualified,2277259.83,797040.940500,8044662.35,3293906.370500,0.28307711758716636,3205493.54,1.0275816592349145,-0.28956893790489013,-0.28956893790489
2024-09,West,Qualified,1688063.14,590822.099000,9998175.05,4420675.257000,0.16883712593129682,3104503.89,1.4239554575014561,-0.25873055074264417,-0.25873055074264406
2024-10,West,Qualified,2228572.28,780000.298000,9229146.00,4265389.375500,0.2414711263642378,3124327.21,1.3652185218781872,0.3201948595358821,0.3201948595358819
2024-11,West,Qualified,1914684.03,670139.410500,9450906.05,4453929.775500,0.20259264242712474,3127296.96,1.424210694560967,-0.14084723785579878,-0.14084723785579878
2024-12,West,Qualified,2519266.95,881743.432500,8703095.30,4290919.124000,0.2894679264284283,3179551.07,1.349536154486111,0.31576119637870503,0.3157611963787048
2025-01,West,Qualified,2339437.36,818803.076000,10405672.02,4889599.322500,0.22482328440715163,4108273.02,1.1901836364565663,-0.07138171284309525,-0.07138171284309514
2025-02,West,Qualified,1695546.10,593441.135000,10018225.78,5018105.165500,0.16924614569826557,4279895.07,1.17248322293565,-0.2752333834661851,-0.2752333834661852
2025-03,West,Qualified,2353129.97,823595.489500,8731133.72,4062991.147000,0.2695102429378438,4477314.61,0.9074616150326769,0.3878301333122114,0.3878301333122114
2025-04,West,Qualified,1747876.61,611756.813500,9718608.67,4683323.007500,0.17984844017801163,4643593.73,1.008555717793167,-0.2572120400132425,-0.2572120400132424
2025-05,West,Qualified,1969965.04,689487.764000,8262630.67,3843518.421000,0.23841862460978183,4702656.95,0.8173078457275094,0.12706184677418375,0.12706184677418375
2025-06,West,Qualified,1696421.89,593747.661500,7588438.80,3898607.850000,0.22355347848361115,4740659.26,0.8223767278308883,-0.13885685504347844,-0.13885685504347822
2025-07,West,Qualified,1822885.44,638009.904000,6830689.52,3414405.663000,0.26686697362874723,4714250.97,0.7242732058026178,0.07454722834306282,0.0745472283430626
2025-08,West,Qualified,1479666.49,517883.271500,6084357.33,2665397.064000,0.24319191160983308,4619766.18,0.5769549713444588,-0.18828333501857364,-0.18828333501857364
2025-09,West,Qualified,1246214.55,436175.092500,5522987.54,2649301.419000,0.22564138357625194,4532048.69,0.5845703786999693,-0.15777335066904163,-0.15777335066904152
2025-10,West,Qualified,1296105.31,453636.858500,4972445.36,2256841.752000,0.26065752686320115,4418734.30,0.5107439367875095,0.04003384489452477,0.04003384489452455
2025-11,West,Qualified,992658.47,347430.464500,4279822.23,1986334.597500,0.23193918267021102,4375350.84,0.45398293077224405,-0.23412205602336444,-0.23412205602336433
2025-12,West,Qualified,919819.59,321936.856500,3892950.19,2082030.643500,0.23627828384827085,4442155.80,0.468698248607129,-0.07337758373229819,-0.07337758373229819
2024-01,West,Proposal,1813953.16,1088371.896000,10480404.14,4439257.810000,0.17308045909000602,3271256.59,1.3570497109797186,,
2024-02,West,Proposal,2287233.91,1372340.346000,9170511.65,5072642.121000,0.24941181008150184,3355294.63,1.5118320983334927,0.26091122992393045,0.26091122992393023
2024-03,West,Proposal,2962397.47,1777438.482000,11365625.76,5422623.959500,0.26064534699231556,3469331.96,1.5630167484751156,0.29518780613041895,0.29518780613041895
2024-04,West,Proposal,2939286.07,1763571.642000,10916298.51,5315760.106500,0.26925665941687404,3445693.68,1.5427256744714462,-0.00780158646300777,-0.007801586463007659
2024-05,West,Proposal,3078977.87,1847386.722000,10233109.48,4958272.349000,0.3008838980974139,3434908.82,1.4434946046107857,0.047525758525436945,0.04752575852543672
2024-06,West,Proposal,2448756.24,1469253.744000,11856862.73,4950105.417000,0.2065264898280559,3402547.12,1.4548234726577425,-0.20468533929410793,-0.20468533929410804
2024-07,West,Proposal,3184959.38,1910975.628000,10797914.24,5219220.608000,0.2949606108373759,3292704.38,1.5850863016132655,0.30064370147352837,0.3006437014735286
2024-08,West,Proposal,1680133.30,1008079.980000,8044662.35,3293906.370500,0.20885069216111973,3205493.54,1.0275816592349145,-0.4724788923367682,-0.4724788923367682
2024-09,West,Proposal,2640737.00,1584442.200000,9998175.05,4420675.257000,0.26412190092630955,3104503.89,1.4239554575014561,0.5717425516177794,0.5717425516177794
2024-10,West,Proposal,2533094.59,1519856.754000,9229146.00,4265389.375500,0.2744668455781282,3124327.21,1.3652185218781872,-0.04076226068707345,-0.04076226068707334
2024-11,West,Proposal,1800018.00,1080010.800000,9450906.05,4453929.775500,0.19045983427165694,3127296.96,1.424210694560967,-0.289399611405747,-0.289399611405747
2024-12,West,Proposal,2258699.73,1355219.838000,8703095.30,4290919.124000,0.259528323216224,3179551.07,1.349536154486111,0.25482063512698194,0.25482063512698194
2025-01,West,Proposal,2401959.24,1441175.544000,10405672.02,4889599.322500,0.2308317267143694,4108273.02,1.1901836364565663,0.06342565507811004,0.06342565507810982
2025-02,West,Proposal,2644018.54,1586411.124000,10018225.78,5018105.165500,0.26392083768748925,4279895.07,1.17248322293565,0.10077577336408083,0.10077577336408106
2025-03,West,Proposal,2341619.45,1404971.670000,8731133.72,4062991.147000,0.26819191242440393,4477314.61,0.9074616150326769,-0.1143710172319744,-0.11437101723197451
2025-04,West,Proposal,2715235.82,1629141.492000,9718608.67,4683323.007500,0.2793852404389485,4643593.73,1.008555717793167,0.1595546919462083,0.15955469194620853
2025-05,West,Proposal,2191758.92,1315055.352000,8262630.67,3843518.421000,0.26526163488800836,4702656.95,0.8173078457275094,-0.19279242566857413,-0.19279242566857424
2025-06,West,Proposal,1723929.74,1034357.844000,7588438.80,3898607.850000,0.22717844677089574,4740659.26,0.8223767278308883,-0.21344919631945647,-0.21344919631945647
2025-07,West,Proposal,1899879.62,1139927.772000,6830689.52,3414405.663000,0.2781387756590641,4714250.97,0.7242732058026178,0.10206325461964605,0.10206325461964605
2025-08,West,Proposal,1270592.96,762355.776000,6084357.33,2665397.064000,0.20882944427591663,4619766.18,0.5769549713444588,-0.33122449094958983,-0.33122449094958983
2025-09,West,Proposal,1732067.09,1039240.254000,5522987.54,2649301.419000,0.3136105373143753,4532048.69,0.5845703786999693,0.36319588139383363,0.36319588139383363
2025-10,West,Proposal,1162679.41,697607.646000,4972445.36,2256841.752000,0.233824471828887,4418734.30,0.5107439367875095,-0.32873304001174697,-0.32873304001174686
2025-11,West,Proposal,917773.54,550664.124000,4279822.23,1986334.597500,0.21444197695099124,4375350.84,0.45398293077224405,-0.21063920793092905,-0.21063920793092916
2025-12,West,Proposal,1025016.09,615009.654000,3892950.19,2082030.643500,0.26330059208900386,4442155.80,0.468698248607129,0.1168507756281576,0.11685077562815782
2024-01,East,Discovery,1852595.15,277889.272500,8888771.63,4664814.417000,0.20841970376957472,2603785.17,1.7915511889177864,,
2024-02,East,Discovery,2910478.83,436571.824500,9783094.95,4477730.805000,0.2975008261572684,2677773.84,1.6721840874358531,0.5710279874153834,0.571027987415383
2024-03,East,Discovery,3151886.23,472782.934500,8951668.45,4235187.293500,0.3521004210114596,2735643.75,1.5481501542370053,0.08294422124348522,0.08294422124348522
2024-04,East,Discovery,2517523.10,377628.465000,10297388.87,4894696.784500,0.2444816964555404,2740747.81,1.7858982744202212,-0.20126460275185754,-0.20126460275185742
2024-05,East,Discovery,2903115.86,435467.379000,10000416.99,4564926.311500,0.29029948080195,2728086.86,1.673306806477562,0.15316354396112586,0.15316354396112586
2024-06,East,Discovery,958489.06,143773.359000,8721676.76,5033594.838000,0.10989733813524179,2675389.40,1.8814438144966863,-0.6698412649641892,-0.6698412649641892
2024-07,East,Discovery,3186436.32,477965.448000,10632607.30,4559656.572000,0.2996853198932683,2598040.82,1.7550365401880021,2.324436817254857,2.324436817254857
2024-08,East,Discovery,2423697.68,363554.652000,8601967.93,4081531.911500,0.2817608365577806,2525533.71,1.6161066848321735,-0.23937043248364676,-0.23937043248364676
2024-09,East,Discovery,998824.28,149823.642000,8484871.82,4389415.269000,0.11771825210672422,2488078.95,1.7641784514112786,-0.5878923810332648,-0.5878923810332648
2024-10,East,Discovery,2335078.68,350261.802000,9248434.85,4372215.971000,0.2524836599784233,2454852.42,1.781050435202944,1.3378273103252956,1.337827310325296
2024-11,East,Discovery,1541388.15,231208.222500,8854112.77,4559001.944000,0.17408725075454398,2490876.30,1.8302803491285378,-0.3398988380126019,-0.3398988380126018
2024-12,East,Discovery,3003930.95,450589.642500,8964576.89,3733827.005000,0.3350889826547073,2515627.39,1.4842528030353492,0.9488478291467339,0.9488478291467337
2025-01,East,Discovery,2935479.62,440321.943000,10333065.90,4999268.753500,0.28408602523284016,3053112.61,1.63743346286202,-0.022787251484592264,-0.022787251484592153
2025-02,East,Discovery,2272378.28,340856.742000,9421539.59,4108964.304500,0.24118969710766772,3139984.23,1.3085939302631466,-0.22589199239611835,-0.22589199239611824
2025-03,East,Discovery,2647088.76,397063.314000,9869237.52,4789105.441500,0.2682161367213705,3180440.88,1.5057992341929651,0.16489793239882578,0.16489793239882578
2025-04,East,Discovery,1912081.04,286812.156000,8693631.11,4215572.845000,0.21994043867361657,3225518.75,1.306944145030935,-0.277666442888753,-0.277666442888753
2025-05,East,Discovery,1332143.13,199821.469500,7879992.21,3880057.079000,0.1690538638235532,3199337.74,1.21276882727611,-0.30330195105119606,-0.30330195105119606
2025-06,East,Discovery,1470965.95,220644.892500,8363393.87,4417698.245000,0.17588146305968488,3150105.69,1.4023968335487818,0.10421013844060445,0.10421013844060423
2025-07,East,Discovery,2296168.14,344425.221000,7640159.88,3393880.103000,0.30053927876703024,3062568.46,1.1081809753242218,0.5609934002891095,0.5609934002891095
2025-08,East,Discovery,843516.36,126527.454000,5570695.02,3076301.535500,0.15142030877145382,2952152.87,1.042053603240404,-0.6326417280574236,-0.6326417280574236
2025-09,East,Discovery,1128430.89,169264.633500,5628829.73,2707756.289000,0.20047344548117993,2821437.20,0.9597081547659468,0.3377700107677817,0.3377700107677817
2025-10,East,Discovery,1430445.58,214566.837000,5059774.39,2370127.167500,0.28270936009065817,2706497.92,0.8757173430600679,0.2676412819574623,0.2676412819574623
2025-11,East,Discovery,678505.49,101775.823500,4064024.57,2086665.678500,0.16695408167770995,2638758.06,0.7907756721357015,-0.5256684354255546,-0.5256684354255545
2025-12,East,Discovery,934455.72,140168.358000,3712348.31,1678442.466500,0.2517155293545179,2585135.08,0.6492668330894338,0.3772264687202458,0.3772264687202458
2024-01,Central,Negotiation,1696592.33,1357273.864000,9408070.19,4488876.370000,0.18033372367941486,2862605.58,1.5681085795969139,,
2024-02,Central,Negotiation,2610282.11,2088225.688000,10653416.25,4802555.815500,0.24501831607302493,2958743.98,1.6231738359126293,0.5385440944437134,0.5385440944437134
2024-03,Central,Negotiation,2998174.76,2398539.808000,10078056.83,5053818.482500,0.29749532182385996,3027529.73,1.6692878132364368,0.1486018114724006,0.1486018114724006
2024-04,Central,Negotiation,1745736.63,1396589.304000,9151430.91,3915912.088000,0.19076105662256482,3035817.33,1.2899037268490723,-0.4177335313169003,-0.4177335313169004
2024-05,Central,Negotiation,3000478.50,2400382.800000,9990837.61,4933268.947500,0.3003230176613791,3015171.50,1.6361487058033017,0.7187463724124299,0.7187463724124297
2024-06,Central,Negotiation,1497880.38,1198304.304000,9176721.64,4032120.403000,0.16322608865795343,2955164.24,1.3644319149584727,-0.5007861646067453,-0.5007861646067452
2024-07,Central,Negotiation,2289112.85,1831290.280000,7452118.72,3452616.656000,0.307176111386481,2873500.79,1.2015366997689254,0.5282347512956944,0.5282347512956942
2024-08,Central,Negotiation,3568003.16,2854402.528000,11521893.40,5947297.739500,0.3096715996348309,2811898.00,2.115047465982052,0.5586838193669657,0.5586838193669657
2024-09,Central,Negotiation,1963153.65,1570522.920000,8991076.66,4007857.026000,0.21834466819016088,2735021.84,1.4653839202980552,-0.4497892625184783,-0.4497892625184783
2024-10,Central,Negotiation,3007999.72,2406399.776000,8962435.95,4849138.790500,0.3356230088316559,2733332.27,1.7740758574148763,0.5322283714267604,0.5322283714267604
2024-11,Central,Negotiation,2352501.82,1882001.456000,9310981.25,4557883.052000,0.2526588505373695,2742595.58,1.6618866759786728,-0.21791820512536497,-0.21791820512536486
2024-12,Central,Negotiation,2091796.64,1673437.312000,10373403.82,4601691.869500,0.2016499768347011,2790675.12,1.6489529134082794,-0.11082039460441306,-0.11082039460441317
2025-01,Central,Negotiation,1972816.44,1578253.152000,9428154.68,4233539.089500,0.20924735613268491,3362752.69,1.2589504729531567,-0.05687942973271054,-0.05687942973271054
2025-02,Central,Negotiation,3266925.55,2613540.440000,9919214.75,4963961.879000,0.3293532434107246,3483942.56,1.424811630361667,0.6559703598171556,0.6559703598171556
2025-03,Central,Negotiation,1924761.51,1539809.208000,9682765.55,4498444.395000,0.1987822074242002,3559042.21,1.2639480314002793,-0.41083398426388995,-0.41083398426388984
2025-04,Central,Negotiation,1650480.41,1320384.328000,8483313.34,3669525.839000,0.1945561060697541,3556148.10,1.0318821758295162,-0.14250134293261096,-0.14250134293261096
2025-05,Central,Negotiation,2299567.41,1839653.928000,8935423.89,4383604.044000,0.25735403695548686,3547241.37,1.2357783378016929,0.39327155661302293,0.39327155661302293
2025-06,Central,Negotiation,1170229.43,936183.544000,7095333.49,3076553.675000,0.1649294471710589,3466998.02,0.8873825878331478,-0.49110888208317416,-0.49110888208317405
2025-07,Central,Negotiation,2175701.36,1740561.088000,6393924.79,3170876.702500,0.3402763453525076,3371462.11,0.9405049201338942,0.8592092321588596,0.8592092321588596
2025-08,Central,Negotiation,1882809.81,1506247.848000,6969006.93,3635034.932000,0.2701690253592559,3273231.59,1.1105339882168253,-0.1346193716586176,-0.1346193716586177
2025-09,Central,Negotiation,1225749.52,980599.616000,5231284.00,2351848.359500,0.23431140805966566,3118694.09,0.7541131934167996,-0.3489785779265724,-0.3489785779265724
2025-10,Central,Negotiation,1274653.53,1019722.824000,4244485.83,2180838.186500,0.3003081129381459,2966390.01,0.7351825549399015,0.039897229574277215,0.039897229574277215
2025-11,Central,Negotiation,1050058.61,840046.888000,4237149.69,2061770.233000,0.24782192908554052,2908374.04,0.7089082094131194,-0.17620075943303581,-0.17620075943303593
2025-12,Central,Negotiation,1294339.79,1035471.832000,4388795.26,2155464.853500,0.2949191551031706,2871050.04,0.7507583718394543,0.2326357573507254,0.2326357573507254
2024-01,Central,Qualified,2886803.55,1010381.242500,9408070.19,4488876.370000,0.3068433261763324,2862605.58,1.5681085795969139,,
2024-02,Central,Qualified,3199472.92,1119815.522000,10653416.25,4802555.815500,0.30032365627316965,2958743.98,1.6231738359126293,0.10830988828457011,0.10830988828457011
2024-03,Central,Qualified,2900883.48,1015309.218000,10078056.83,5053818.482500,0.28784154812113716,3027529.73,1.6692878132364368,-0.09332457172352004,-0.09332457172352016
2024-04,Central,Qualified,3516269.93,1230694.475500,9151430.91,3915912.088000,0.38423170808815077,3035817.33,1.2899037268490723,0.21213759678482513,0.2121375967848249
2024-05,Central,Qualified,1436728.68,502855.038000,9990837.61,4933268.947500,0.1438046274080117,3015171.50,1.6361487058033017,-0.591405464141941,-0.5914054641419408
2024-06,Central,Qualified,1999155.23,699704.330500,9176721.64,4032120.403000,0.2178506996753581,2955164.24,1.3644319149584727,0.3914632998068919,0.3914632998068919
2024-07,Central,Qualified,1612752.20,564463.270000,7452118.72,3452616.656000,0.21641525861251978,2873500.79,1.2015366997689254,-0.19328315490538472,-0.19328315490538472
2024-08,Central,Qualified,3251817.57,1138136.149500,11521893.40,5947297.739500,0.2822294441640989,2811898.00,2.115047465982052,1.0163156931362423,1.0163156931362427
2024-09,Central,Qualified,2833541.91,991739.668500,8991076.66,4007857.026000,0.31515045607452313,2735021.84,1.4653839202980552,-0.128628267421533,-0.1286282674215331
2024-10,Central,Qualified,1981244.53,693435.585500,8962435.95,4849138.790500,0.22106094158474854,2733332.27,1.7740758574148763,-0.3007886973515772,-0.3007886973515772
2024-11,Central,Qualified,2404720.92,841652.322000,9310981.25,4557883.052000,0.258267185319485,2742595.58,1.6618866759786728,0.21374261661683924,0.21374261661683924
2024-12,Central,Qualified,2352371.43,823330.000500,10373403.82,4601691.869500,0.22676948384720264,2790675.12,1.6489529134082794,-0.021769465872156113,-0.021769465872156224
2025-01,Central,Qualified,3331292.31,1165952.308500,9428154.68,4233539.089500,0.35333449896263264,3362752.69,1.2589504729531567,0.41614213959400104,0.41614213959400126
2025-02,Central,Qualified,2867428.98,1003600.143000,9919214.75,4963961.879000,0.2890782236567668,3483942.56,1.424811630361667,-0.13924425923463923,-0.13924425923463923
2025-03,Central,Qualified,2578314.90,902410.215000,9682765.55,4498444.395000,0.26627876991197,3559042.21,1.2639480314002793,-0.10082693660995223,-0.10082693660995234
2025-04,Central,Qualified,2271041.51,794864.528500,8483313.34,3669525.839000,0.2677068992950813,3556148.10,1.0318821758295162,-0.11917605176931656,-0.11917605176931645
2025-05,Central,Qualified,1300703.58,455246.253000,8935423.89,4383604.044000,0.14556708176493685,3547241.37,1.2357783378016929,-0.42726560731159857,-0.42726560731159857
2025-06,Central,Qualified,1943012.03,680054.210500,7095333.49,3076553.675000,0.2738436512869249,3466998.02,0.8873825878331478,0.49381616217278346,0.49381616217278346
2025-07,Central,Qualified,1376247.84,481686.744000,6393924.79,3170876.702500,0.21524304479659043,3371462.11,0.9405049201338942,-0.2916936082994812,-0.2916936082994813
2025-08,Central,Qualified,1567192.78,548517.473000,6969006.93,3635034.932000,0.2248803589581163,3273231.59,1.1105339882168253,0.13874313510275882,0.13874313510275882
2025-09,Central,Qualified,1403267.40,491143.590000,5231284.00,2351848.359500,0.2682453103291658,3118694.09,0.7541131934167996,-0.10459809545574872,-0.1045980954557485
2025-10,Central,Qualified,895332.13,313366.245500,4244485.83,2180838.186500,0.21094006809300622,2966390.01,0.7351825549399015,-0.3619661299051057,-0.3619661299051058
2025-11,Central,Qualified,1061454.00,371508.900000,4237149.69,2061770.233000,0.2505113289967341,2908374.04,0.7089082094131194,0.18554217416502183,0.18554217416502183
2025-12,Central,Qualified,750642.58,262724.903000,4388795.26,2155464.853500,0.17103613532429854,2871050.04,0.7507583718394543,-0.2928166646882484,-0.2928166646882484
