period,region,revenue,cogs,gross_profit,gross_margin_pct,customer_count,forecast_revenue,forecast_accuracy_pct,gross_pipeline,weighted_pipeline,pipeline_coverage,top_1_customer_revenue_pct,revenue_yoy_pct,gross_margin_yoy_bps,revenue_rank,forecast_accuracy_rank
2024-12,West,3183220.11,-1020794.18,2162425.93,0.6793202654151366,49,3179551.07,0.9988460509300767,8703095.30,4290919.124000,1.349536154486111,0.19805036981875565,,,1,1
2024-12,East,2518792.78,-745397.19,1773395.59,0.7040656953129746,47,2515627.39,0.9987417095184354,8964576.89,3733827.005000,1.4842528030353492,0.10461238498547705,,,3,2
2024-12,Central,2795282.87,-826941.47,1968341.40,0.7041653712849462,48,2790675.12,0.9983488762389511,10373403.82,4601691.869500,1.6489529134082794,0.09670508230174214,,,2,3
2024-01,East,2600252.53,-770743.33,1829509.20,0.7035890471761218,47,2603785.17,0.9986432674858502,8888771.63,4664814.417000,1.7915511889177864,0.10385680886156085,,,3,1
2024-01,Central,2856637.69,-846116.09,2010521.60,0.7038069990597933,48,2862605.58,0.9979152244927854,9408070.19,4488876.370000,1.5681085795969139,0.09426304600777007,,,2,2
2024-01,West,3263487.35,-1044975.76,2218511.59,0.6797978211865904,49,3271256.59,0.9976249982885017,10480404.14,4439257.810000,1.3570497109797186,0.19586495716001473,,,1,3
2024-06,East,2674627.01,-790328.84,1884298.17,0.704508764382814,47,2675389.40,0.9997150358747777,8721676.76,5033594.838000,1.8814438144966863,0.10331338873303311,,,3,1
2024-06,Central,2951330.03,-874384.04,2076945.99,0.7037322051034733,48,2955164.24,0.9987025391184349,9176721.64,4032120.403000,1.3644319149584727,0.09658852012561943,,,2,2
2024-06,West,3390788.75,-1083020.53,2307768.22,0.6805992322582762,49,3402547.12,0.9965442447715464,11856862.73,4950105.417000,1.4548234726577425,0.20308926647229203,,,1,3
2025-08,Central,3272532.42,-1173770.50,2098761.92,0.6413265479582323,48,3273231.59,0.9997863976376936,6969006.93,3635034.932000,1.1105339882168253,0.09669316583882766,0.16408023406755534,-625.5414477835852,2,1
2025-08,East,2953136.21,-1059491.47,1893644.74,0.6412317635697542,47,2952152.87,0.9996669074931747,5570695.02,3076301.535500,1.042053603240404,0.10275120022316885,0.16885242675541834,-627.2373953855714,3,2
2025-08,West,3841390.44,-1565539.18,2275851.26,0.5924550746786363,49,4619766.18,0.8315118753477693,6084357.33,2665397.064000,0.5769549713444588,0.22290117950103505,0.20113644537802466,-872.3861319042603,1,3
2025-02,East,3136150.60,-1125348.53,2010802.07,0.6411688488429095,47,3139984.23,0.9987790925943599,9421539.59,4108964.304500,1.3085939302631466,0.1029097103946475,0.17266619588523646,-627.4423147937558,3,1
2025-02,Central,3476355.64,-1248342.53,2228013.11,0.640904826987149,48,3483942.56,0.9978223177135274,9919214.75,4963961.879000,1.424811630361667,0.09674980204269318,0.17752724726257152,-631.806051883772,2,2
2025-02,West,4063486.52,-1652033.36,2411453.16,0.5934443606816739,49,4279895.07,0.9494360150282843,10018225.78,5018105.165500,1.17248322293565,0.22530499990436784,0.21472220817721466,-872.1146521621048,1,3
2025-03,East,3176812.62,-1138292.23,2038520.39,0.6416873243219487,47,3180440.88,0.9988591958986517,9869237.52,4789105.441500,1.5057992341929651,0.10494029389747263,0.16263344476022468,-626.1886137211147,3,1
2025-03,Central,3551022.45,-1273605.58,2277416.87,0.6413411635851528,48,3559042.21,0.9977466521814586,9682765.55,4498444.395000,1.2639480314002793,0.09689733727253681,0.1753737390133372,-623.6319316112871,2,2
2025-03,West,4150294.46,-1695346.63,2454947.83,0.5915117237247788,49,4477314.61,0.9269606497453615,8731133.72,4062991.147000,0.9074616150326769,0.22782895987577712,0.2005138876223722,-881.4007674111768,1,3
2024-02,East,2674376.23,-791847.82,1882528.41,0.7039130803222851,47,2677773.84,0.9987311811217037,9783094.95,4477730.805000,1.6721840874358531,0.10562756908739052,,,3,1
2024-02,Central,2952250.70,-873613.99,2078636.71,0.7040854321755262,48,2958743.98,0.9978053930843993,10653416.25,4802555.815500,1.6231738359126293,0.09565675774079754,,,2,2
2024-02,West,3345198.18,-1068269.55,2276928.63,0.6806558258978844,49,3355294.63,0.9969908901859984,9170511.65,5072642.121000,1.5118320983334927,0.19638415862105965,,,1,3
2024-11,West,3128124.44,-1000457.16,2127667.28,0.6801734780090781,49,3127296.96,0.9997354008875448,9450906.05,4453929.775500,1.424210694560967,0.20152972878534203,,,1,1
2024-11,East,2493939.99,-739445.21,1754494.78,0.7035032065867791,47,2490876.30,0.998770035268311,8854112.77,4559001.944000,1.8302803491285378,0.10698153567039118,,,3,2
2024-11,Central,2746420.44,-813710.58,1932709.86,0.703719587813729,48,2742595.58,0.998605386799318,9310981.25,4557883.052000,1.6618866759786728,0.09640961964294148,,,2,3
2025-06,East,3149084.44,-1127963.30,2021121.14,0.6418123040231972,47,3150105.69,0.9996758045283236,8363393.87,4417698.245000,1.4023968335487818,0.10678840990367346,0.17739199829586716,-626.9646035961673,3,1
2025-06,Central,3462381.90,-1240883.90,2221498.00,0.6416097542561668,48,3466998.02,0.9986685541862524,7095333.49,3076553.675000,0.8873825878331478,0.09804986272600374,0.17315985159409641,-621.2245084730649,2,2
2025-06,West,4108145.83,-1679257.87,2428887.96,0.5912370350299858,49,4740659.26,0.8665769051707799,7588438.80,3898607.850000,0.8223767278308883,0.23522049118689634,0.21156053440368416,-893.6219722829042,1,3
2024-03,East,2732428.38,-807962.17,1924466.21,0.7043061856940602,47,2735643.75,0.998824638624821,8951668.45,4235187.293500,1.5481501542370053,0.10382257484823812,,,3,1
2024-03,Central,3021185.80,-895164.19,2126021.61,0.7037043567462815,48,3027529.73,0.9979045853993975,10078056.83,5053818.482500,1.6692878132364368,0.09407856676673114,,,2,2
2024-03,West,3457098.25,-1107475.20,2349623.05,0.6796518004658965,49,3469331.96,0.9964737562905338,11365625.76,5422623.959500,1.5630167484751156,0.20356245009814228,,,1,3
2024-05,East,2726292.18,-806831.91,1919460.27,0.704055230793348,47,2728086.86,0.9993421470458606,10000416.99,4564926.311500,1.673306806477562,0.10890884776700639,,,3,1
2024-05,Central,3010041.05,-891623.95,2118417.10,0.7037834583684499,48,3015171.50,0.9982984549966727,9990837.61,4933268.947500,1.6361487058033017,0.09655968977565937,,,2,2
2024-05,West,3422564.98,-1094229.99,2328334.99,0.6802894915380102,49,3434908.82,0.9964063558461502,10233109.48,4958272.349000,1.4434946046107857,0.19510411457549595,,,1,3
2024-08,Central,2811260.19,-832468.42,1978791.77,0.7038806927365908,48,2811898.00,0.999773174560386,11521893.40,5947297.739500,2.115047465982052,0.09690593598168513,,,2,1
2024-08,East,2526526.14,-747964.16,1778561.98,0.7039555031083113,47,2525533.71,0.9996070414756016,8601967.93,4081531.911500,1.6161066848321735,0.10415158815653497,,,3,2
2024-08,West,3198129.95,-1024381.21,2173748.74,0.6796936878690624,49,3205493.54,0.9977028217626669,8044662.35,3293906.370500,1.0275816592349145,0.1989586914690568,,,1,3
2025-04,East,3222576.56,-1156193.56,2066383.00,0.6412207628047788,47,3225518.75,0.9990878397467075,8693631.11,4215572.845000,1.306944145030935,0.10872228276866756,0.1768459223299561,-631.8432995064371,3,1
2025-04,Central,3549106.20,-1273313.45,2275792.75,0.6412298256952694,48,3556148.10,0.9980197956322461,8483313.34,3669525.839000,1.0318821758295162,0.09736844730090072,0.1713507274756516,-628.0389803096731,2,2
2025-04,West,4206094.02,-1708477.86,2497616.16,0.5938089229874135,49,4643593.73,0.9057842405175269,9718608.67,4683323.007500,1.008555717793167,0.22443166641339132,0.22508482845608846,-866.5054194285449,1,3
2024-09,Central,2735946.53,-810125.15,1925821.38,0.7038958396602876,48,2735021.84,0.9996619076358089,8991076.66,4007857.026000,1.4653839202980552,0.09759561711902316,,,2,1
2024-09,East,2489857.91,-737963.37,1751894.54,0.7036122555282682,47,2488078.95,0.9992850066112251,8484871.82,4389415.269000,1.7641784514112786,0.10450244126581504,,,3,2
2024-09,West,3099687.54,-992280.44,2107407.10,0.679877269177912,49,3104503.89,0.9984485926992992,9998175.05,4420675.257000,1.4239554575014561,0.19642178514547953,,,1,3
2025-12,East,2588391.62,-928656.66,1659734.96,0.6412225055805117,47,2585135.08,0.9987402824613714,3712348.31,1678442.466500,0.6492668330894338,0.10407548375542955,0.027631824480615075,-628.4318973246284,3,1
2025-12,Central,2875970.83,-1032215.15,1843755.68,0.6410898402610015,48,2871050.04,0.9982860660972667,4388795.26,2155464.853500,0.7507583718394543,0.09567895373959687,0.028865758405338005,-630.755310239447,2,2
2025-12,West,3420151.44,-1391847.59,2028303.85,0.5930450407190156,49,4442155.80,0.7699305458849507,3892950.19,2082030.643500,0.468698248607129,0.23003251282931497,0.07443133739187147,-862.7522469612093,1,3
2025-01,East,3048923.18,-1093117.21,1955805.97,0.6414743352110301,47,3053112.61,0.9986278167446958,10333065.90,4999268.753500,1.63743346286202,0.10663820004805762,0.17254887547402964,-621.1471196509166,3,1
2025-01,Central,3355462.89,-1203236.53,2152226.36,0.6414096744786231,48,3362752.69,0.9978321926492906,9428154.68,4233539.089500,1.2589504729531567,0.09699480836755729,0.17461969424621016,-623.973245811702,2,2
2025-01,West,3997990.69,-1626213.93,2371776.76,0.5932421918671351,49,4108273.02,0.9731560367426603,10405672.02,4889599.322500,1.1901836364565663,0.22888865706688277,0.22506700998856322,-865.5562931945526,1,3
2025-11,East,2641898.63,-946797.88,1695100.75,0.6416221768508961,47,2638758.06,0.9988098302577993,4064024.57,2086665.678500,0.7907756721357015,0.10368969380176407,0.05932726552895118,-618.8102973588306,3,1
2025-11,Central,2912490.08,-1044038.92,1868451.16,0.6415304803372927,48,2908374.04,0.9985847625018686,4237149.69,2061770.233000,0.7089082094131194,0.09892863909771668,0.06046766823509375,-621.8910747643636,2,2
2025-11,West,3432037.35,-1399458.03,2032579.32,0.5922369463723931,49,4375350.84,0.784402777172493,4279822.23,1986334.597500,0.45398293077224405,0.2248539194947864,0.09715499361655833,-879.3653163668503,1,3
2024-04,East,2738316.46,-809432.40,1928884.06,0.7044050927554225,47,2740747.81,0.9991128880989602,10297388.87,4894696.784500,1.7858982744202212,0.10463372447463577,,,3,1
2024-04,Central,3029926.15,-896755.96,2133170.19,0.7040337237262367,48,3035817.33,0.9980594418703052,9151430.91,3915912.088000,1.2899037268490723,0.09603754533753239,,,2,2
2024-04,West,3433308.39,-1097081.20,2336227.19,0.680459464930268,49,3445693.68,0.9964055742761208,10916298.51,5315760.106500,1.5427256744714462,0.19659623993171205,,,1,3
2024-07,East,2598106.10,-769627.89,1828478.21,0.7037734948545789,47,2598040.82,0.9999748733740065,10632607.30,4559656.572000,1.7550365401880021,0.10251555546557548,,,3,1
2024-07,Central,2871309.74,-849943.45,2021366.29,0.7039875433292683,48,2873500.79,0.9992374980345838,7452118.72,3452616.656000,1.2015366997689254,0.0951251361686949,,,2,2
2024-07,West,3282899.39,-1054601.32,2228298.07,0.6787591714773811,49,3292704.38,0.9970222076237527,10797914.24,5219220.608000,1.5850863016132655,0.20205283842097885,,,1,3
2025-07,East,3062740.70,-1096819.41,1965921.29,0.6418830330625116,47,3062568.46,0.9999437596245604,7640159.88,3393880.103000,1.1081809753242218,0.10494770582439446,0.17883588356918922,-618.9046179206725,3,1
2025-07,Central,3368962.60,-1206824.03,2162138.57,0.6417817075202912,48,3371462.11,0.999258627290342,6393924.79,3170876.702500,0.9405049201338942,0.09492539632229814,0.17331911394554034,-622.058358089771,2,2
2025-07,West,4000683.79,-1632932.39,2367751.40,0.5918366769996586,49,4714250.97,0.8486361492969051,6830689.52,3414405.663000,0.7242732058026178,0.23137514199791331,0.21864343518611462,-869.2249447772249,1,3
2025-05,East,3197384.39,-1146400.36,2050984.03,0.641456822149557,47,3199337.74,0.9993894517682275,7879992.21,3880057.079000,1.21276882727611,0.10703273621724287,0.172795936347512,-625.9840864379096,3,1
2025-05,Central,3541035.37,-1270523.07,2270512.30,0.6412001188228741,48,3547241.37,0.9982504714642523,8935423.89,4383604.044000,1.2357783378016929,0.09712526537118436,0.17640766726420565,-625.8333954557583,2,2
2025-05,West,4165078.83,-1692795.84,2472282.99,0.5935741172994798,49,4702656.95,0.8856862991037439,8262630.67,3843518.421000,0.8173078457275094,0.2278870121649054,0.21694660418105483,-867.1537423853038,1,3
2025-09,Central,3119669.31,-1118105.06,2001564.25,0.6415950061065927,48,3118694.09,0.999687298602602,5231284.00,2351848.359500,0.7541131934167996,0.09707675715154565,0.14025229506221382,-623.0083355369487,2,1
2025-09,East,2823352.73,-1012538.79,1810813.94,0.6413700706818874,47,2821437.20,0.9993210800509754,5628829.73,2707756.289000,0.9597081547659468,0.10849855448277623,0.1339413059117096,-622.4218484638078,3,2
2025-09,West,3694096.34,-1508899.41,2185196.93,0.5915376126871668,49,4532048.69,0.8151051748740149,5522987.54,2649301.419000,0.5845703786999693,0.2302309257045527,0.19176410277792066,-883.3965649074527,1,3
2025-10,Central,2969068.41,-1064850.79,1904217.62,0.6413518845124893,48,2966390.01,0.999097084337875,4244485.83,2180838.186500,0.7351825549399015,0.09415512591708858,0.08529410584247543,-620.8605572469128,2,1
2025-10,East,2708987.50,-970775.24,1738212.26,0.6416464675455313,47,2706497.92,0.9990801470854261,5059774.39,2370127.167500,0.8757173430600679,0.10236535606015161,0.10244392027269478,-617.8765215896798,3,2
2025-10,West,3532721.88,-1439912.64,2092809.24,0.5924070195981576,49,4418734.30,0.799487283043925,4972445.36,2256841.752000,0.5107439367875095,0.22629865784962386,0.13149457150368682,-874.5204087346459,1,3
2024-10,West,3122173.07,-999535.42,2122637.65,0.6798590604716221,49,3124327.21,0.9993105267613759,9229146.00,4265389.375500,1.3652185218781872,0.20294881667146017,,,1,1
2024-10,Central,2735727.02,-811312.84,1924414.18,0.7034379402371805,48,2733332.27,0.9991238716103842,8962435.95,4849138.790500,1.7740758574148763,0.09727398167087592,,,2,2
2024-10,East,2457256.51,-728738.44,1728518.07,0.7034341197044993,47,2454852.42,0.9990206783998853,9248434.85,4372215.971000,1.781050435202944,0.10410433300673197,,,3,3
