opportunity_id,customer_id,created_date,expected_close_date,stage,pipeline_amount,probability,product_id,region
OPP000001,CUST001,2023-11-27,2024-01-01,Discovery,704502.20,0.15,PROD-PLATFORM,West
OPP000002,CUST012,2023-11-17,2024-01-04,Qualified,952131.19,0.35,PROD-ANALYTICS,West
OPP000003,CUST023,2023-11-07,2024-01-07,Proposal,1044705.74,0.60,PROD-PRO_SERVICES,Central
OPP000004,CUST034,2023-10-28,2024-01-10,Negotiation,623724.76,0.80,PROD-IMPLEMENTATION,East
OPP000005,CUST045,2023-10-18,2024-01-13,Discovery,1175319.17,0.15,PROD-PLATFORM,West
OPP000006,CUST056,2023-10-08,2024-01-16,Qualified,761602.75,0.35,PROD-ANALYTICS,Central
OPP000007,CUST067,2023-09-28,2024-01-19,Proposal,597029.17,0.60,PROD-PRO_SERVICES,East
OPP000008,CUST078,2023-09-18,2024-01-22,Negotiation,1143064.84,0.80,PROD-IMPLEMENTATION,West
OPP000009,CUST089,2023-09-08,2024-01-25,Discovery,713373.92,0.15,PROD-PLATFORM,Central
OPP000010,CUST100,2023-08-29,2024-01-28,Qualified,749268.32,0.35,PROD-ANALYTICS,East
OPP000011,CUST111,2023-11-19,2024-01-03,Proposal,946783.89,0.60,PROD-PRO_SERVICES,West
OPP000012,CUST122,2023-11-09,2024-01-06,Negotiation,701757.78,0.80,PROD-IMPLEMENTATION,Central
OPP000013,CUST133,2023-10-30,2024-01-09,Discovery,982683.63,0.15,PROD-PLATFORM,East
OPP000014,CUST144,2023-10-20,2024-01-12,Qualified,572596.53,0.35,PROD-ANALYTICS,West
OPP000015,CUST011,2023-10-10,2024-01-15,Proposal,1111899.65,0.60,PROD-PRO_SERVICES,Central
OPP000016,CUST022,2023-09-30,2024-01-18,Negotiation,1130794.02,0.80,PROD-IMPLEMENTATION,East
OPP000017,CUST033,2023-09-20,2024-01-21,Discovery,921502.75,0.15,PROD-PLATFORM,West
OPP000018,CUST044,2023-09-10,2024-01-24,Qualified,908417.38,0.35,PROD-ANALYTICS,Central
OPP000019,CUST055,2023-08-31,2024-01-27,Proposal,1226844.06,0.60,PROD-PRO_SERVICES,East
OPP000020,CUST066,2023-11-21,2024-01-02,Negotiation,653643.74,0.80,PROD-IMPLEMENTATION,West
OPP000021,CUST077,2023-11-11,2024-01-05,Discovery,1005700.13,0.15,PROD-PLATFORM,Central
OPP000022,CUST088,2023-11-01,2024-01-08,Qualified,745912.31,0.35,PROD-ANALYTICS,East
OPP000023,CUST099,2023-10-22,2024-01-11,Proposal,867169.27,0.60,PROD-PRO_SERVICES,West
OPP000024,CUST110,2023-10-12,2024-01-14,Negotiation,994834.55,0.80,PROD-IMPLEMENTATION,Central
OPP000025,CUST121,2023-10-02,2024-01-17,Discovery,869911.52,0.15,PROD-PLATFORM,East
OPP000026,CUST132,2023-09-22,2024-01-20,Qualified,747488.50,0.35,PROD-ANALYTICS,West
OPP000027,CUST143,2023-09-12,2024-01-23,Proposal,948994.87,0.60,PROD-PRO_SERVICES,Central
OPP000028,CUST010,2023-09-02,2024-01-26,Negotiation,940553.29,0.80,PROD-IMPLEMENTATION,East
OPP000029,CUST021,2023-11-23,2024-01-01,Discovery,1136795.22,0.15,PROD-PLATFORM,West
OPP000030,CUST032,2023-11-13,2024-01-04,Qualified,1216783.42,0.35,PROD-ANALYTICS,Central
OPP000031,CUST043,2023-11-03,2024-01-07,Proposal,1022050.55,0.60,PROD-PRO_SERVICES,East
OPP000032,CUST054,2023-10-24,2024-01-10,Negotiation,659406.84,0.80,PROD-IMPLEMENTATION,West
OPP000033,CUST008,2023-12-28,2024-02-01,Qualified,1148785.81,0.35,PROD-ANALYTICS,Central
OPP000034,CUST019,2023-12-18,2024-02-04,Proposal,1192845.43,0.60,PROD-PRO_SERVICES,East
OPP000035,CUST030,2023-12-08,2024-02-07,Negotiation,869585.34,0.80,PROD-IMPLEMENTATION,West
OPP000036,CUST041,2023-11-28,2024-02-10,Discovery,1119356.86,0.15,PROD-PLATFORM,Central
OPP000037,CUST052,2023-11-18,2024-02-13,Qualified,734402.68,0.35,PROD-ANALYTICS,East
OPP000038,CUST063,2023-11-08,2024-02-16,Proposal,854142.69,0.60,PROD-PRO_SERVICES,West
OPP000039,CUST074,2023-10-29,2024-02-19,Negotiation,975129.94,0.80,PROD-IMPLEMENTATION,Central
OPP000040,CUST085,2023-10-19,2024-02-22,Discovery,1048216.98,0.15,PROD-PLATFORM,East
OPP000041,CUST096,2023-10-09,2024-02-25,Qualified,1020066.13,0.35,PROD-ANALYTICS,West
OPP000042,CUST107,2023-09-29,2024-02-28,Proposal,984430.06,0.60,PROD-PRO_SERVICES,Central
OPP000043,CUST118,2023-12-20,2024-02-03,Negotiation,908555.39,0.80,PROD-IMPLEMENTATION,East
OPP000044,CUST129,2023-12-10,2024-02-06,Discovery,963046.04,0.15,PROD-PLATFORM,West
OPP000045,CUST140,2023-11-30,2024-02-09,Qualified,988936.51,0.35,PROD-ANALYTICS,Central
OPP000046,CUST007,2023-11-20,2024-02-12,Proposal,820945.01,0.60,PROD-PRO_SERVICES,East
OPP000047,CUST018,2023-11-10,2024-02-15,Negotiation,1372740.33,0.80,PROD-IMPLEMENTATION,West
OPP000048,CUST029,2023-10-31,2024-02-18,Discovery,983422.59,0.15,PROD-PLATFORM,Central
OPP000049,CUST040,2023-10-21,2024-02-21,Qualified,702910.96,0.35,PROD-ANALYTICS,East
OPP000050,CUST051,2023-10-11,2024-02-24,Proposal,787261.19,0.60,PROD-PRO_SERVICES,West
OPP000051,CUST062,2023-10-01,2024-02-27,Negotiation,1021476.42,0.80,PROD-IMPLEMENTATION,Central
OPP000052,CUST073,2023-12-22,2024-02-02,Discovery,880932.98,0.15,PROD-PLATFORM,East
OPP000053,CUST084,2023-12-12,2024-02-05,Qualified,680975.07,0.35,PROD-ANALYTICS,West
OPP000054,CUST095,2023-12-02,2024-02-08,Proposal,944381.99,0.60,PROD-PRO_SERVICES,Central
OPP000055,CUST106,2023-11-22,2024-02-11,Negotiation,1251070.84,0.80,PROD-IMPLEMENTATION,East
OPP000056,CUST117,2023-11-12,2024-02-14,Discovery,638264.54,0.15,PROD-PLATFORM,West
OPP000057,CUST128,2023-11-02,2024-02-17,Qualified,1061750.60,0.35,PROD-ANALYTICS,Central
OPP000058,CUST139,2023-10-23,2024-02-20,Proposal,641855.70,0.60,PROD-PRO_SERVICES,East
OPP000059,CUST006,2023-10-13,2024-02-23,Negotiation,1338600.29,0.80,PROD-IMPLEMENTATION,West
OPP000060,CUST017,2023-10-03,2024-02-26,Discovery,812069.72,0.15,PROD-PLATFORM,Central
OPP000061,CUST028,2023-12-24,2024-02-01,Qualified,620030.11,0.35,PROD-ANALYTICS,East
OPP000062,CUST039,2023-12-14,2024-02-04,Proposal,645830.03,0.60,PROD-PRO_SERVICES,West
OPP000063,CUST050,2023-12-04,2024-02-07,Negotiation,613675.75,0.80,PROD-IMPLEMENTATION,Central
OPP000064,CUST061,2023-11-24,2024-02-10,Discovery,981328.87,0.15,PROD-PLATFORM,East
OPP000065,CUST015,2024-01-26,2024-03-01,Proposal,1007100.83,0.60,PROD-PRO_SERVICES,West
OPP000066,CUST026,2024-01-16,2024-03-04,Negotiation,948512.17,0.80,PROD-IMPLEMENTATION,Central
OPP000067,CUST037,2024-01-06,2024-03-07,Discovery,730495.17,0.15,PROD-PLATFORM,East
OPP000068,CUST048,2023-12-27,2024-03-10,Qualified,671582.47,0.35,PROD-ANALYTICS,West
OPP000069,CUST059,2023-12-17,2024-03-13,Proposal,774850.36,0.60,PROD-PRO_SERVICES,Central
OPP000070,CUST070,2023-12-07,2024-03-16,Negotiation,1058798.60,0.80,PROD-IMPLEMENTATION,East
OPP000071,CUST081,2023-11-27,2024-03-19,Discovery,1045588.91,0.15,PROD-PLATFORM,West
OPP000072,CUST092,2023-11-17,2024-03-22,Qualified,898175.88,0.35,PROD-ANALYTICS,Central
OPP000073,CUST103,2023-11-07,2024-03-25,Proposal,690853.95,0.60,PROD-PRO_SERVICES,East
OPP000074,CUST114,2023-10-28,2024-03-28,Negotiation,1325658.35,0.80,PROD-IMPLEMENTATION,West
OPP000075,CUST125,2024-01-18,2024-03-03,Discovery,1197170.91,0.15,PROD-PLATFORM,Central
OPP000076,CUST136,2024-01-08,2024-03-06,Qualified,675193.10,0.35,PROD-ANALYTICS,East
OPP000077,CUST003,2023-12-29,2024-03-09,Proposal,828782.88,0.60,PROD-PRO_SERVICES,West
OPP000078,CUST014,2023-12-19,2024-03-12,Negotiation,730986.18,0.80,PROD-IMPLEMENTATION,Central
OPP000079,CUST025,2023-12-09,2024-03-15,Discovery,1026676.01,0.15,PROD-PLATFORM,East
OPP000080,CUST036,2023-11-29,2024-03-18,Qualified,1272219.65,0.35,PROD-ANALYTICS,West
OPP000081,CUST047,2023-11-19,2024-03-21,Proposal,776161.74,0.60,PROD-PRO_SERVICES,Central
OPP000082,CUST058,2023-11-09,2024-03-24,Negotiation,1324549.75,0.80,PROD-IMPLEMENTATION,East
OPP000083,CUST069,2023-10-30,2024-03-27,Discovery,689592.93,0.15,PROD-PLATFORM,West
OPP000084,CUST080,2024-01-20,2024-03-02,Qualified,828645.05,0.35,PROD-ANALYTICS,Central
OPP000085,CUST091,2024-01-10,2024-03-05,Proposal,642350.50,0.60,PROD-PRO_SERVICES,East
OPP000086,CUST102,2023-12-31,2024-03-08,Negotiation,1375904.41,0.80,PROD-IMPLEMENTATION,West
OPP000087,CUST113,2023-12-21,2024-03-11,Discovery,730450.64,0.15,PROD-PLATFORM,Central
OPP000088,CUST124,2023-12-11,2024-03-14,Qualified,682096.96,0.35,PROD-ANALYTICS,East
OPP000089,CUST135,2023-12-01,2024-03-17,Proposal,1126513.76,0.60,PROD-PRO_SERVICES,West
OPP000090,CUST002,2023-11-21,2024-03-20,Negotiation,1318676.41,0.80,PROD-IMPLEMENTATION,Central
OPP000091,CUST013,2023-11-11,2024-03-23,Discovery,1394715.05,0.15,PROD-PLATFORM,East
OPP000092,CUST024,2023-11-01,2024-03-26,Qualified,1199625.08,0.35,PROD-ANALYTICS,West
OPP000093,CUST035,2024-01-22,2024-03-01,Proposal,700364.94,0.60,PROD-PRO_SERVICES,Central
OPP000094,CUST046,2024-01-12,2024-03-04,Negotiation,725939.36,0.80,PROD-IMPLEMENTATION,East
OPP000095,CUST057,2024-01-02,2024-03-07,Discovery,823056.49,0.15,PROD-PLATFORM,West
OPP000096,CUST068,2023-12-23,2024-03-10,Qualified,1174062.55,0.35,PROD-ANALYTICS,Central
OPP000097,CUST022,2024-02-26,2024-04-01,Negotiation,658363.40,0.80,PROD-IMPLEMENTATION,East
OPP000098,CUST033,2024-02-16,2024-04-04,Discovery,920634.33,0.15,PROD-PLATFORM,West
OPP000099,CUST044,2024-02-06,2024-04-07,Qualified,1224809.22,0.35,PROD-ANALYTICS,Central
OPP000100,CUST055,2024-01-27,2024-04-10,Proposal,986203.67,0.60,PROD-PRO_SERVICES,East
OPP000101,CUST066,2024-01-17,2024-04-13,Negotiation,1254517.90,0.80,PROD-IMPLEMENTATION,West
OPP000102,CUST077,2024-01-07,2024-04-16,Discovery,724237.57,0.15,PROD-PLATFORM,Central
OPP000103,CUST088,2023-12-28,2024-04-19,Qualified,1038805.74,0.35,PROD-ANALYTICS,East
OPP000104,CUST099,2023-12-18,2024-04-22,Proposal,789287.50,0.60,PROD-PRO_SERVICES,West
OPP000105,CUST110,2023-12-08,2024-04-25,Negotiation,1047132.15,0.80,PROD-IMPLEMENTATION,Central
OPP000106,CUST121,2023-11-28,2024-04-28,Discovery,1255126.92,0.15,PROD-PLATFORM,East
OPP000107,CUST132,2024-02-18,2024-04-03,Qualified,764607.56,0.35,PROD-ANALYTICS,West
OPP000108,CUST143,2024-02-08,2024-04-06,Proposal,1012864.98,0.60,PROD-PRO_SERVICES,Central
OPP000109,CUST010,2024-01-29,2024-04-09,Negotiation,1102910.01,0.80,PROD-IMPLEMENTATION,East
OPP000110,CUST021,2024-01-19,2024-04-12,Discovery,1052307.38,0.15,PROD-PLATFORM,West
OPP000111,CUST032,2024-01-09,2024-04-15,Qualified,1245082.30,0.35,PROD-ANALYTICS,Central
OPP000112,CUST043,2023-12-30,2024-04-18,Proposal,801148.67,0.60,PROD-PRO_SERVICES,East
OPP000113,CUST054,2023-12-20,2024-04-21,Negotiation,652944.36,0.80,PROD-IMPLEMENTATION,West
OPP000114,CUST065,2023-12-10,2024-04-24,Discovery,674017.95,0.15,PROD-PLATFORM,Central
OPP000115,CUST076,2023-11-30,2024-04-27,Qualified,643500.97,0.35,PROD-ANALYTICS,East
OPP000116,CUST087,2024-02-20,2024-04-02,Proposal,941361.38,0.60,PROD-PRO_SERVICES,West
OPP000117,CUST098,2024-02-10,2024-04-05,Negotiation,698604.48,0.80,PROD-IMPLEMENTATION,Central
OPP000118,CUST109,2024-01-31,2024-04-08,Discovery,1262396.18,0.15,PROD-PLATFORM,East
OPP000119,CUST120,2024-01-21,2024-04-11,Qualified,993794.46,0.35,PROD-ANALYTICS,West
OPP000120,CUST131,2024-01-11,2024-04-14,Proposal,554278.70,0.60,PROD-PRO_SERVICES,Central
OPP000121,CUST142,2024-01-01,2024-04-17,Negotiation,826056.14,0.80,PROD-IMPLEMENTATION,East
OPP000122,CUST009,2023-12-22,2024-04-20,Discovery,1162659.18,0.15,PROD-PLATFORM,West
OPP000123,CUST020,2023-12-12,2024-04-23,Qualified,1046378.41,0.35,PROD-ANALYTICS,Central
OPP000124,CUST031,2023-12-02,2024-04-26,Proposal,731915.67,0.60,PROD-PRO_SERVICES,East
OPP000125,CUST042,2024-02-22,2024-04-01,Negotiation,1175547.27,0.80,PROD-IMPLEMENTATION,West
OPP000126,CUST053,2024-02-12,2024-04-04,Discovery,924025.15,0.15,PROD-PLATFORM,Central
OPP000127,CUST064,2024-02-02,2024-04-07,Qualified,990961.50,0.35,PROD-ANALYTICS,East
OPP000128,CUST075,2024-01-23,2024-04-10,Proposal,1208637.19,0.60,PROD-PRO_SERVICES,West
OPP000129,CUST029,2024-03-27,2024-05-01,Discovery,1262957.80,0.15,PROD-PLATFORM,Central
OPP000130,CUST040,2024-03-17,2024-05-04,Qualified,714924.92,0.35,PROD-ANALYTICS,East
OPP000131,CUST051,2024-03-07,2024-05-07,Proposal,839619.01,0.60,PROD-PRO_SERVICES,West
OPP000132,CUST062,2024-02-26,2024-05-10,Negotiation,1246799.38,0.80,PROD-IMPLEMENTATION,Central
OPP000133,CUST073,2024-02-16,2024-05-13,Discovery,919761.31,0.15,PROD-PLATFORM,East
OPP000134,CUST084,2024-02-06,2024-05-16,Qualified,986146.00,0.35,PROD-ANALYTICS,West
OPP000135,CUST095,2024-01-27,2024-05-19,Proposal,1219301.34,0.60,PROD-PRO_SERVICES,Central
OPP000136,CUST106,2024-01-17,2024-05-22,Negotiation,831758.56,0.80,PROD-IMPLEMENTATION,East
OPP000137,CUST117,2024-01-07,2024-05-25,Discovery,931668.07,0.15,PROD-PLATFORM,West
OPP000138,CUST128,2023-12-28,2024-05-28,Qualified,657542.64,0.35,PROD-ANALYTICS,Central
OPP000139,CUST139,2024-03-19,2024-05-03,Proposal,911819.54,0.60,PROD-PRO_SERVICES,East
OPP000140,CUST006,2024-03-09,2024-05-06,Negotiation,1067525.07,0.80,PROD-IMPLEMENTATION,West
OPP000141,CUST017,2024-02-28,2024-05-09,Discovery,702189.03,0.15,PROD-PLATFORM,Central
OPP000142,CUST028,2024-02-18,2024-05-12,Qualified,1082179.16,0.35,PROD-ANALYTICS,East
OPP000143,CUST039,2024-02-08,2024-05-15,Proposal,1160931.85,0.60,PROD-PRO_SERVICES,West
OPP000144,CUST050,2024-01-29,2024-05-18,Negotiation,643105.63,0.80,PROD-IMPLEMENTATION,Central
OPP000145,CUST061,2024-01-19,2024-05-21,Discovery,1086201.41,0.15,PROD-PLATFORM,East
OPP000146,CUST072,2024-01-09,2024-05-24,Qualified,1185012.07,0.35,PROD-ANALYTICS,West
OPP000147,CUST083,2023-12-30,2024-05-27,Proposal,681313.11,0.60,PROD-PRO_SERVICES,Central
OPP000148,CUST094,2024-03-21,2024-05-02,Negotiation,1067104.49,0.80,PROD-IMPLEMENTATION,East
OPP000149,CUST105,2024-03-11,2024-05-05,Discovery,672864.90,0.15,PROD-PLATFORM,West
OPP000150,CUST116,2024-03-01,2024-05-08,Qualified,779186.04,0.35,PROD-ANALYTICS,Central
OPP000151,CUST127,2024-02-20,2024-05-11,Proposal,712079.88,0.60,PROD-PRO_SERVICES,East
OPP000152,CUST138,2024-02-10,2024-05-14,Negotiation,994355.28,0.80,PROD-IMPLEMENTATION,West
OPP000153,CUST005,2024-01-31,2024-05-17,Discovery,928513.50,0.15,PROD-PLATFORM,Central
OPP000154,CUST016,2024-01-21,2024-05-20,Qualified,922011.67,0.35,PROD-ANALYTICS,East
OPP000155,CUST027,2024-01-11,2024-05-23,Proposal,1078427.01,0.60,PROD-PRO_SERVICES,West
OPP000156,CUST038,2024-01-01,2024-05-26,Negotiation,1110573.49,0.80,PROD-IMPLEMENTATION,Central
OPP000157,CUST049,2024-03-23,2024-05-01,Discovery,897153.14,0.15,PROD-PLATFORM,East
OPP000158,CUST060,2024-03-13,2024-05-04,Qualified,1316560.22,0.35,PROD-ANALYTICS,West
OPP000159,CUST071,2024-03-03,2024-05-07,Proposal,759355.65,0.60,PROD-PRO_SERVICES,Central
OPP000160,CUST082,2024-02-22,2024-05-10,Negotiation,855422.91,0.80,PROD-IMPLEMENTATION,East
OPP000161,CUST036,2024-04-27,2024-06-01,Qualified,1029817.60,0.35,PROD-ANALYTICS,West
OPP000162,CUST047,2024-04-17,2024-06-04,Proposal,1095984.78,0.60,PROD-PRO_SERVICES,Central
OPP000163,CUST058,2024-04-07,2024-06-07,Negotiation,1127825.55,0.80,PROD-IMPLEMENTATION,East
OPP000164,CUST069,2024-03-28,2024-06-10,Discovery,758418.68,0.15,PROD-PLATFORM,West
OPP000165,CUST080,2024-03-18,2024-06-13,Qualified,601906.40,0.35,PROD-ANALYTICS,Central
OPP000166,CUST091,2024-03-08,2024-06-16,Proposal,971984.75,0.60,PROD-PRO_SERVICES,East
OPP000167,CUST102,2024-02-27,2024-06-19,Negotiation,624410.62,0.80,PROD-IMPLEMENTATION,West
OPP000168,CUST113,2024-02-17,2024-06-22,Discovery,840849.74,0.15,PROD-PLATFORM,Central
OPP000169,CUST124,2024-02-07,2024-06-25,Qualified,930812.31,0.35,PROD-ANALYTICS,East
OPP000170,CUST135,2024-01-28,2024-06-28,Proposal,1335771.38,0.60,PROD-PRO_SERVICES,West
OPP000171,CUST002,2024-04-19,2024-06-03,Negotiation,662533.90,0.80,PROD-IMPLEMENTATION,Central
OPP000172,CUST013,2024-04-09,2024-06-06,Discovery,958489.06,0.15,PROD-PLATFORM,East
OPP000173,CUST024,2024-03-30,2024-06-09,Qualified,907460.07,0.35,PROD-ANALYTICS,West
OPP000174,CUST035,2024-03-20,2024-06-12,Proposal,1085020.85,0.60,PROD-PRO_SERVICES,Central
OPP000175,CUST046,2024-03-10,2024-06-15,Negotiation,1128452.06,0.80,PROD-IMPLEMENTATION,East
OPP000176,CUST057,2024-02-29,2024-06-18,Discovery,1227363.31,0.15,PROD-PLATFORM,West
OPP000177,CUST068,2024-02-19,2024-06-21,Qualified,656169.43,0.35,PROD-ANALYTICS,Central
OPP000178,CUST079,2024-02-09,2024-06-24,Proposal,727106.23,0.60,PROD-PRO_SERVICES,East
OPP000179,CUST090,2024-01-30,2024-06-27,Negotiation,621733.53,0.80,PROD-IMPLEMENTATION,West
OPP000180,CUST101,2024-04-21,2024-06-02,Discovery,1244045.27,0.15,PROD-PLATFORM,Central
OPP000181,CUST112,2024-04-11,2024-06-05,Qualified,761040.95,0.35,PROD-ANALYTICS,East
OPP000182,CUST123,2024-04-01,2024-06-08,Proposal,1112984.86,0.60,PROD-PRO_SERVICES,West
OPP000183,CUST134,2024-03-22,2024-06-11,Negotiation,835346.48,0.80,PROD-IMPLEMENTATION,Central
OPP000184,CUST001,2024-03-12,2024-06-14,Discovery,1066835.24,0.15,PROD-PLATFORM,West
OPP000185,CUST012,2024-03-02,2024-06-17,Qualified,1153942.84,0.35,PROD-ANALYTICS,West
OPP000186,CUST023,2024-02-21,2024-06-20,Proposal,668236.29,0.60,PROD-PRO_SERVICES,Central
OPP000187,CUST034,2024-02-11,2024-06-23,Negotiation,1018083.26,0.80,PROD-IMPLEMENTATION,East
OPP000188,CUST045,2024-02-01,2024-06-26,Discovery,1031358.60,0.15,PROD-PLATFORM,West
OPP000189,CUST056,2024-04-23,2024-06-01,Qualified,741079.40,0.35,PROD-ANALYTICS,Central
OPP000190,CUST067,2024-04-13,2024-06-04,Proposal,1097882.59,0.60,PROD-PRO_SERVICES,East
OPP000191,CUST078,2024-04-03,2024-06-07,Negotiation,986766.00,0.80,PROD-IMPLEMENTATION,West
OPP000192,CUST089,2024-03-24,2024-06-10,Discovery,745549.10,0.15,PROD-PLATFORM,Central
OPP000193,CUST043,2024-05-27,2024-07-01,Proposal,856812.58,0.60,PROD-PRO_SERVICES,East
OPP000194,CUST054,2024-05-17,2024-07-04,Negotiation,1038983.64,0.80,PROD-IMPLEMENTATION,West
OPP000195,CUST065,2024-05-07,2024-07-07,Discovery,859282.42,0.15,PROD-PLATFORM,Central
OPP000196,CUST076,2024-04-27,2024-07-10,Qualified,1014361.80,0.35,PROD-ANALYTICS,East
OPP000197,CUST087,2024-04-17,2024-07-13,Proposal,957300.27,0.60,PROD-PRO_SERVICES,West
OPP000198,CUST098,2024-04-07,2024-07-16,Negotiation,726139.42,0.80,PROD-IMPLEMENTATION,Central
OPP000199,CUST109,2024-03-28,2024-07-19,Discovery,906557.24,0.15,PROD-PLATFORM,East
OPP000200,CUST120,2024-03-18,2024-07-22,Qualified,1275700.75,0.35,PROD-ANALYTICS,West
OPP000201,CUST131,2024-03-08,2024-07-25,Proposal,579979.19,0.60,PROD-PRO_SERVICES,Central
OPP000202,CUST142,2024-02-27,2024-07-28,Negotiation,951619.10,0.80,PROD-IMPLEMENTATION,East
OPP000203,CUST009,2024-05-19,2024-07-03,Discovery,1289302.00,0.15,PROD-PLATFORM,West
OPP000204,CUST020,2024-05-09,2024-07-06,Qualified,588573.12,0.35,PROD-ANALYTICS,Central
OPP000205,CUST031,2024-04-29,2024-07-09,Proposal,790820.15,0.60,PROD-PRO_SERVICES,East
OPP000206,CUST042,2024-04-19,2024-07-12,Negotiation,696031.70,0.80,PROD-IMPLEMENTATION,West
OPP000207,CUST053,2024-04-09,2024-07-15,Discovery,587731.76,0.15,PROD-PLATFORM,Central
OPP000208,CUST064,2024-03-30,2024-07-18,Qualified,664654.84,0.35,PROD-ANALYTICS,East
OPP000209,CUST075,2024-03-20,2024-07-21,Proposal,1301347.59,0.60,PROD-PRO_SERVICES,West
OPP000210,CUST086,2024-03-10,2024-07-24,Negotiation,936862.94,0.80,PROD-IMPLEMENTATION,Central
OPP000211,CUST097,2024-02-29,2024-07-27,Discovery,1200691.50,0.15,PROD-PLATFORM,East
OPP000212,CUST108,2024-05-21,2024-07-02,Qualified,1231991.25,0.35,PROD-ANALYTICS,West
OPP000213,CUST119,2024-05-11,2024-07-05,Proposal,585187.60,0.60,PROD-PRO_SERVICES,Central
OPP000214,CUST130,2024-05-01,2024-07-08,Negotiation,803720.53,0.80,PROD-IMPLEMENTATION,East
OPP000215,CUST141,2024-04-21,2024-07-11,Discovery,771714.88,0.15,PROD-PLATFORM,West
OPP000216,CUST008,2024-04-11,2024-07-14,Qualified,1024179.08,0.35,PROD-ANALYTICS,Central
OPP000217,CUST019,2024-04-01,2024-07-17,Proposal,1094881.06,0.60,PROD-PRO_SERVICES,East
OPP000218,CUST030,2024-03-22,2024-07-20,Negotiation,611460.56,0.80,PROD-IMPLEMENTATION,West
OPP000219,CUST041,2024-03-12,2024-07-23,Discovery,938072.70,0.15,PROD-PLATFORM,Central
OPP000220,CUST052,2024-03-02,2024-07-26,Qualified,1269300.92,0.35,PROD-ANALYTICS,East
OPP000221,CUST063,2024-05-23,2024-07-01,Proposal,926311.52,0.60,PROD-PRO_SERVICES,West
OPP000222,CUST074,2024-05-13,2024-07-04,Negotiation,626110.49,0.80,PROD-IMPLEMENTATION,Central
OPP000223,CUST085,2024-05-03,2024-07-07,Discovery,1079187.58,0.15,PROD-PLATFORM,East
OPP000224,CUST096,2024-04-23,2024-07-10,Qualified,697770.08,0.35,PROD-ANALYTICS,West
OPP000225,CUST050,2024-06-27,2024-08-01,Negotiation,1205187.87,0.80,PROD-IMPLEMENTATION,Central
OPP000226,CUST061,2024-06-17,2024-08-04,Discovery,598587.85,0.15,PROD-PLATFORM,East
OPP000227,CUST072,2024-06-07,2024-08-07,Qualified,810240.37,0.35,PROD-ANALYTICS,West
OPP000228,CUST083,2024-05-28,2024-08-10,Proposal,682262.47,0.60,PROD-PRO_SERVICES,Central
OPP000229,CUST094,2024-05-18,2024-08-13,Negotiation,1122064.61,0.80,PROD-IMPLEMENTATION,East
OPP000230,CUST105,2024-05-08,2024-08-16,Discovery,902668.37,0.15,PROD-PLATFORM,West
OPP000231,CUST116,2024-04-28,2024-08-19,Qualified,1164378.05,0.35,PROD-ANALYTICS,Central
OPP000232,CUST127,2024-04-18,2024-08-22,Proposal,1068891.04,0.60,PROD-PRO_SERVICES,East
OPP000233,CUST138,2024-04-08,2024-08-25,Negotiation,570044.57,0.80,PROD-IMPLEMENTATION,West
OPP000234,CUST005,2024-03-29,2024-08-28,Discovery,1165092.49,0.15,PROD-PLATFORM,Central
OPP000235,CUST016,2024-06-19,2024-08-03,Qualified,827343.18,0.35,PROD-ANALYTICS,East
OPP000236,CUST027,2024-06-09,2024-08-06,Proposal,702350.72,0.60,PROD-PRO_SERVICES,West
OPP000237,CUST038,2024-05-30,2024-08-09,Negotiation,1176991.85,0.80,PROD-IMPLEMENTATION,Central
OPP000238,CUST049,2024-05-20,2024-08-12,Discovery,987402.17,0.15,PROD-PLATFORM,East
OPP000239,CUST060,2024-05-10,2024-08-15,Qualified,649079.11,0.35,PROD-ANALYTICS,West
OPP000240,CUST071,2024-04-30,2024-08-18,Proposal,1148898.75,0.60,PROD-PRO_SERVICES,Central
OPP000241,CUST082,2024-04-20,2024-08-21,Negotiation,557800.59,0.80,PROD-IMPLEMENTATION,East
OPP000242,CUST093,2024-04-10,2024-08-24,Discovery,1105595.09,0.15,PROD-PLATFORM,West
OPP000243,CUST104,2024-03-31,2024-08-27,Qualified,1132915.61,0.35,PROD-ANALYTICS,Central
OPP000244,CUST115,2024-06-21,2024-08-02,Proposal,539475.34,0.60,PROD-PRO_SERVICES,East
OPP000245,CUST126,2024-06-11,2024-08-05,Negotiation,777178.61,0.80,PROD-IMPLEMENTATION,West
OPP000246,CUST137,2024-06-01,2024-08-08,Discovery,760428.71,0.15,PROD-PLATFORM,Central
OPP000247,CUST004,2024-05-22,2024-08-11,Qualified,909290.67,0.35,PROD-ANALYTICS,East
OPP000248,CUST015,2024-05-12,2024-08-14,Proposal,977782.58,0.60,PROD-PRO_SERVICES,West
OPP000249,CUST026,2024-05-02,2024-08-17,Negotiation,1185823.44,0.80,PROD-IMPLEMENTATION,Central
OPP000250,CUST037,2024-04-22,2024-08-20,Discovery,837707.66,0.15,PROD-PLATFORM,East
OPP000251,CUST048,2024-04-12,2024-08-23,Qualified,817940.35,0.35,PROD-ANALYTICS,West
OPP000252,CUST059,2024-04-02,2024-08-26,Proposal,945390.25,0.60,PROD-PRO_SERVICES,Central
OPP000253,CUST070,2024-06-23,2024-08-01,Negotiation,546002.66,0.80,PROD-IMPLEMENTATION,East
OPP000254,CUST081,2024-06-13,2024-08-04,Discovery,731782.58,0.15,PROD-PLATFORM,West
OPP000255,CUST092,2024-06-03,2024-08-07,Qualified,954523.91,0.35,PROD-ANALYTICS,Central
OPP000256,CUST103,2024-05-24,2024-08-10,Proposal,607402.16,0.60,PROD-PRO_SERVICES,East
OPP000257,CUST057,2024-07-28,2024-09-01,Discovery,1139319.82,0.15,PROD-PLATFORM,West
OPP000258,CUST068,2024-07-18,2024-09-04,Qualified,862873.01,0.35,PROD-ANALYTICS,Central
OPP000259,CUST079,2024-07-08,2024-09-07,Proposal,733044.50,0.60,PROD-PRO_SERVICES,East
OPP000260,CUST090,2024-06-28,2024-09-10,Negotiation,518846.28,0.80,PROD-IMPLEMENTATION,West
OPP000261,CUST101,2024-06-18,2024-09-13,Discovery,1168563.34,0.15,PROD-PLATFORM,Central
OPP000262,CUST112,2024-06-08,2024-09-16,Qualified,934121.17,0.35,PROD-ANALYTICS,East
OPP000263,CUST123,2024-05-29,2024-09-19,Proposal,1124506.19,0.60,PROD-PRO_SERVICES,West
OPP000264,CUST134,2024-05-19,2024-09-22,Negotiation,639158.40,0.80,PROD-IMPLEMENTATION,Central
OPP000265,CUST001,2024-05-09,2024-09-25,Discovery,640423.82,0.15,PROD-PLATFORM,West
OPP000266,CUST012,2024-04-29,2024-09-28,Qualified,714662.22,0.35,PROD-ANALYTICS,West
OPP000267,CUST023,2024-07-20,2024-09-03,Proposal,809126.34,0.60,PROD-PRO_SERVICES,Central
OPP000268,CUST034,2024-07-10,2024-09-06,Negotiation,1095103.28,0.80,PROD-IMPLEMENTATION,East
OPP000269,CUST045,2024-06-30,2024-09-09,Discovery,649765.92,0.15,PROD-PLATFORM,West
OPP000270,CUST056,2024-06-20,2024-09-12,Qualified,1116989.45,0.35,PROD-ANALYTICS,Central
OPP000271,CUST067,2024-06-10,2024-09-15,Proposal,580574.33,0.60,PROD-PRO_SERVICES,East
OPP000272,CUST078,2024-05-31,2024-09-18,Negotiation,588117.33,0.80,PROD-IMPLEMENTATION,West
OPP000273,CUST089,2024-05-21,2024-09-21,Discovery,564129.82,0.15,PROD-PLATFORM,Central
OPP000274,CUST100,2024-05-11,2024-09-24,Qualified,941676.00,0.35,PROD-ANALYTICS,East
OPP000275,CUST111,2024-05-01,2024-09-27,Proposal,824502.17,0.60,PROD-PRO_SERVICES,West
OPP000276,CUST122,2024-07-22,2024-09-02,Negotiation,765747.31,0.80,PROD-IMPLEMENTATION,Central
OPP000277,CUST133,2024-07-12,2024-09-05,Discovery,998824.28,0.15,PROD-PLATFORM,East
OPP000278,CUST144,2024-07-02,2024-09-08,Qualified,973400.92,0.35,PROD-ANALYTICS,West
OPP000279,CUST011,2024-06-22,2024-09-11,Proposal,1005178.71,0.60,PROD-PRO_SERVICES,Central
OPP000280,CUST022,2024-06-12,2024-09-14,Negotiation,1142406.56,0.80,PROD-IMPLEMENTATION,East
OPP000281,CUST033,2024-06-02,2024-09-17,Discovery,1093704.24,0.15,PROD-PLATFORM,West
OPP000282,CUST044,2024-05-23,2024-09-20,Qualified,853679.45,0.35,PROD-ANALYTICS,Central
OPP000283,CUST055,2024-05-13,2024-09-23,Proposal,1136763.41,0.60,PROD-PRO_SERVICES,East
OPP000284,CUST066,2024-05-03,2024-09-26,Negotiation,1039197.50,0.80,PROD-IMPLEMENTATION,West
OPP000285,CUST077,2024-07-24,2024-09-01,Discovery,647382.89,0.15,PROD-PLATFORM,Central
OPP000286,CUST088,2024-07-14,2024-09-04,Qualified,922358.29,0.35,PROD-ANALYTICS,East
OPP000287,CUST099,2024-07-04,2024-09-07,Proposal,691728.64,0.60,PROD-PRO_SERVICES,West
OPP000288,CUST110,2024-06-24,2024-09-10,Negotiation,558247.94,0.80,PROD-IMPLEMENTATION,Central
OPP000289,CUST064,2024-08-27,2024-10-01,Qualified,1124434.57,0.35,PROD-ANALYTICS,East
OPP000290,CUST075,2024-08-17,2024-10-04,Proposal,1137220.19,0.60,PROD-PRO_SERVICES,West
OPP000291,CUST086,2024-08-07,2024-10-07,Negotiation,1093567.69,0.80,PROD-IMPLEMENTATION,Central
OPP000292,CUST097,2024-07-28,2024-10-10,Discovery,975302.18,0.15,PROD-PLATFORM,East
OPP000293,CUST108,2024-07-18,2024-10-13,Qualified,1048067.81,0.35,PROD-ANALYTICS,West
OPP000294,CUST119,2024-07-08,2024-10-16,Proposal,1124812.06,0.60,PROD-PRO_SERVICES,Central
OPP000295,CUST130,2024-06-28,2024-10-19,Negotiation,1086316.94,0.80,PROD-IMPLEMENTATION,East
OPP000296,CUST141,2024-06-18,2024-10-22,Discovery,588389.63,0.15,PROD-PLATFORM,West
OPP000297,CUST008,2024-06-08,2024-10-25,Qualified,1139455.71,0.35,PROD-ANALYTICS,Central
OPP000298,CUST019,2024-05-29,2024-10-28,Proposal,590219.83,0.60,PROD-PRO_SERVICES,East
OPP000299,CUST030,2024-08-19,2024-10-03,Negotiation,1003552.52,0.80,PROD-IMPLEMENTATION,West
OPP000300,CUST041,2024-08-09,2024-10-06,Discovery,786157.95,0.15,PROD-PLATFORM,Central
OPP000301,CUST052,2024-07-30,2024-10-09,Qualified,702171.50,0.35,PROD-ANALYTICS,East
OPP000302,CUST063,2024-07-20,2024-10-12,Proposal,780444.16,0.60,PROD-PRO_SERVICES,West
OPP000303,CUST074,2024-07-10,2024-10-15,Negotiation,960833.07,0.80,PROD-IMPLEMENTATION,Central
OPP000304,CUST085,2024-06-30,2024-10-18,Discovery,845835.47,0.15,PROD-PLATFORM,East
OPP000305,CUST096,2024-06-20,2024-10-21,Qualified,630845.78,0.35,PROD-ANALYTICS,West
OPP000306,CUST107,2024-06-10,2024-10-24,Proposal,571543.48,0.60,PROD-PRO_SERVICES,Central
OPP000307,CUST118,2024-05-31,2024-10-27,Negotiation,566495.00,0.80,PROD-IMPLEMENTATION,East
OPP000308,CUST129,2024-08-21,2024-10-02,Discovery,772399.09,0.15,PROD-PLATFORM,West
OPP000309,CUST140,2024-08-11,2024-10-05,Qualified,841788.82,0.35,PROD-ANALYTICS,Central
OPP000310,CUST007,2024-08-01,2024-10-08,Proposal,774706.80,0.60,PROD-PRO_SERVICES,East
OPP000311,CUST018,2024-07-22,2024-10-11,Negotiation,989386.64,0.80,PROD-IMPLEMENTATION,West
OPP000312,CUST029,2024-07-12,2024-10-14,Discovery,624090.03,0.15,PROD-PLATFORM,Central
OPP000313,CUST040,2024-07-02,2024-10-17,Qualified,919494.91,0.35,PROD-ANALYTICS,East
OPP000314,CUST051,2024-06-22,2024-10-20,Proposal,615430.24,0.60,PROD-PRO_SERVICES,West
OPP000315,CUST062,2024-06-12,2024-10-23,Negotiation,953598.96,0.80,PROD-IMPLEMENTATION,Central
OPP000316,CUST073,2024-06-02,2024-10-26,Discovery,513941.03,0.15,PROD-PLATFORM,East
OPP000317,CUST084,2024-08-23,2024-10-01,Qualified,549658.69,0.35,PROD-ANALYTICS,West
OPP000318,CUST095,2024-08-13,2024-10-04,Proposal,866588.18,0.60,PROD-PRO_SERVICES,Central
OPP000319,CUST106,2024-08-03,2024-10-07,Negotiation,1149516.62,0.80,PROD-IMPLEMENTATION,East
OPP000320,CUST117,2024-07-24,2024-10-10,Discovery,1113751.25,0.15,PROD-PLATFORM,West
OPP000321,CUST071,2024-09-27,2024-11-01,Proposal,830511.89,0.60,PROD-PRO_SERVICES,Central
OPP000322,CUST082,2024-09-17,2024-11-04,Negotiation,1005395.54,0.80,PROD-IMPLEMENTATION,East
OPP000323,CUST093,2024-09-07,2024-11-07,Discovery,757445.64,0.15,PROD-PLATFORM,West
OPP000324,CUST104,2024-08-28,2024-11-10,Qualified,649932.32,0.35,PROD-ANALYTICS,Central
OPP000325,CUST115,2024-08-18,2024-11-13,Proposal,602408.47,0.60,PROD-PRO_SERVICES,East
OPP000326,CUST126,2024-08-08,2024-11-16,Negotiation,1149863.40,0.80,PROD-IMPLEMENTATION,West
OPP000327,CUST137,2024-07-29,2024-11-19,Discovery,917258.79,0.15,PROD-PLATFORM,Central
OPP000328,CUST004,2024-07-19,2024-11-22,Qualified,912943.32,0.35,PROD-ANALYTICS,East
OPP000329,CUST015,2024-07-09,2024-11-25,Proposal,621075.88,0.60,PROD-PRO_SERVICES,West
OPP000330,CUST026,2024-06-29,2024-11-28,Negotiation,1183024.06,0.80,PROD-IMPLEMENTATION,Central
OPP000331,CUST037,2024-09-19,2024-11-03,Discovery,738707.42,0.15,PROD-PLATFORM,East
OPP000332,CUST048,2024-09-09,2024-11-06,Qualified,803916.07,0.35,PROD-ANALYTICS,West
OPP000333,CUST059,2024-08-30,2024-11-09,Proposal,1173129.64,0.60,PROD-PRO_SERVICES,Central
OPP000334,CUST070,2024-08-20,2024-11-12,Negotiation,1152025.73,0.80,PROD-IMPLEMENTATION,East
OPP000335,CUST081,2024-08-10,2024-11-15,Discovery,1050453.34,0.15,PROD-PLATFORM,West
OPP000336,CUST092,2024-07-31,2024-11-18,Qualified,839264.88,0.35,PROD-ANALYTICS,Central
OPP000337,CUST103,2024-07-21,2024-11-21,Proposal,924831.33,0.60,PROD-PRO_SERVICES,East
OPP000338,CUST114,2024-07-11,2024-11-24,Negotiation,649682.09,0.80,PROD-IMPLEMENTATION,West
OPP000339,CUST125,2024-07-01,2024-11-27,Discovery,549286.47,0.15,PROD-PLATFORM,Central
OPP000340,CUST136,2024-09-21,2024-11-02,Qualified,818427.96,0.35,PROD-ANALYTICS,East
OPP000341,CUST003,2024-09-11,2024-11-05,Proposal,1178942.12,0.60,PROD-PRO_SERVICES,West
OPP000342,CUST014,2024-09-01,2024-11-08,Negotiation,1169477.76,0.80,PROD-IMPLEMENTATION,Central
OPP000343,CUST025,2024-08-22,2024-11-11,Discovery,802680.73,0.15,PROD-PLATFORM,East
OPP000344,CUST036,2024-08-12,2024-11-14,Qualified,1110767.96,0.35,PROD-ANALYTICS,West
OPP000345,CUST047,2024-08-02,2024-11-17,Proposal,554504.02,0.60,PROD-PRO_SERVICES,Central
OPP000346,CUST058,2024-07-23,2024-11-20,Negotiation,536641.34,0.80,PROD-IMPLEMENTATION,East
OPP000347,CUST069,2024-07-13,2024-11-23,Discovery,1092383.56,0.15,PROD-PLATFORM,West
OPP000348,CUST080,2024-07-03,2024-11-26,Qualified,915523.72,0.35,PROD-ANALYTICS,Central
OPP000349,CUST091,2024-09-23,2024-11-01,Proposal,696807.92,0.60,PROD-PRO_SERVICES,East
OPP000350,CUST102,2024-09-13,2024-11-04,Negotiation,1036375.99,0.80,PROD-IMPLEMENTATION,West
OPP000351,CUST113,2024-09-03,2024-11-07,Discovery,529067.70,0.15,PROD-PLATFORM,Central
OPP000352,CUST124,2024-08-24,2024-11-10,Qualified,663243.01,0.35,PROD-ANALYTICS,East
OPP000353,CUST078,2024-10-27,2024-12-01,Negotiation,742265.90,0.80,PROD-IMPLEMENTATION,West
OPP000354,CUST089,2024-10-17,2024-12-04,Discovery,975020.02,0.15,PROD-PLATFORM,Central
OPP000355,CUST100,2024-10-07,2024-12-07,Qualified,987980.33,0.35,PROD-ANALYTICS,East
OPP000356,CUST111,2024-09-27,2024-12-10,Proposal,1088689.15,0.60,PROD-PRO_SERVICES,West
OPP000357,CUST122,2024-09-17,2024-12-13,Negotiation,695565.85,0.80,PROD-IMPLEMENTATION,Central
OPP000358,CUST133,2024-09-07,2024-12-16,Discovery,832705.92,0.15,PROD-PLATFORM,East
OPP000359,CUST144,2024-08-28,2024-12-19,Qualified,591092.58,0.35,PROD-ANALYTICS,West
OPP000360,CUST011,2024-08-18,2024-12-22,Proposal,967993.76,0.60,PROD-PRO_SERVICES,Central
OPP000361,CUST022,2024-08-08,2024-12-25,Negotiation,769279.75,0.80,PROD-IMPLEMENTATION,East
OPP000362,CUST033,2024-07-29,2024-12-28,Discovery,616641.67,0.15,PROD-PLATFORM,West
OPP000363,CUST044,2024-10-19,2024-12-03,Qualified,1218769.78,0.35,PROD-ANALYTICS,Central
OPP000364,CUST055,2024-10-09,2024-12-06,Proposal,1081038.22,0.60,PROD-PRO_SERVICES,East
OPP000365,CUST066,2024-09-29,2024-12-09,Negotiation,599464.71,0.80,PROD-IMPLEMENTATION,West
OPP000366,CUST077,2024-09-19,2024-12-12,Discovery,1206648.69,0.15,PROD-PLATFORM,Central
OPP000367,CUST088,2024-09-09,2024-12-15,Qualified,539804.41,0.35,PROD-ANALYTICS,East
OPP000368,CUST099,2024-08-30,2024-12-18,Proposal,590973.70,0.60,PROD-PRO_SERVICES,West
OPP000369,CUST110,2024-08-20,2024-12-21,Negotiation,784444.29,0.80,PROD-IMPLEMENTATION,Central
OPP000370,CUST121,2024-08-10,2024-12-24,Discovery,1083326.08,0.15,PROD-PLATFORM,East
OPP000371,CUST132,2024-07-31,2024-12-27,Qualified,899445.33,0.35,PROD-ANALYTICS,West
OPP000372,CUST143,2024-10-21,2024-12-02,Proposal,547817.58,0.60,PROD-PRO_SERVICES,Central
OPP000373,CUST010,2024-10-11,2024-12-05,Negotiation,623778.93,0.80,PROD-IMPLEMENTATION,East
OPP000374,CUST021,2024-10-01,2024-12-08,Discovery,1054353.78,0.15,PROD-PLATFORM,West
OPP000375,CUST032,2024-09-21,2024-12-11,Qualified,1133601.65,0.35,PROD-ANALYTICS,Central
OPP000376,CUST043,2024-09-11,2024-12-14,Proposal,1199501.29,0.60,PROD-PRO_SERVICES,East
OPP000377,CUST054,2024-09-01,2024-12-17,Negotiation,912402.56,0.80,PROD-IMPLEMENTATION,West
OPP000378,CUST065,2024-08-22,2024-12-20,Discovery,1046368.83,0.15,PROD-PLATFORM,Central
OPP000379,CUST076,2024-08-12,2024-12-23,Qualified,759263.01,0.35,PROD-ANALYTICS,East
OPP000380,CUST087,2024-08-02,2024-12-26,Proposal,579036.88,0.60,PROD-PRO_SERVICES,West
OPP000381,CUST098,2024-10-23,2024-12-01,Negotiation,611786.50,0.80,PROD-IMPLEMENTATION,Central
OPP000382,CUST109,2024-10-13,2024-12-04,Discovery,1087898.95,0.15,PROD-PLATFORM,East
OPP000383,CUST120,2024-10-03,2024-12-07,Qualified,1028729.04,0.35,PROD-ANALYTICS,West
OPP000384,CUST131,2024-09-23,2024-12-10,Proposal,1185386.87,0.60,PROD-PRO_SERVICES,Central
OPP000385,CUST085,2024-11-27,2025-01-01,Discovery,1098832.23,0.15,PROD-PLATFORM,East
OPP000386,CUST096,2024-11-17,2025-01-04,Qualified,663510.60,0.35,PROD-ANALYTICS,West
OPP000387,CUST107,2024-11-07,2025-01-07,Proposal,619963.02,0.60,PROD-PRO_SERVICES,Central
OPP000388,CUST118,2024-10-28,2025-01-10,Negotiation,1152520.97,0.80,PROD-IMPLEMENTATION,East
OPP000389,CUST129,2024-10-18,2025-01-13,Discovery,735687.39,0.15,PROD-PLATFORM,West
OPP000390,CUST140,2024-10-08,2025-01-16,Qualified,862728.40,0.35,PROD-ANALYTICS,Central
OPP000391,CUST007,2024-09-28,2025-01-19,Proposal,1009005.82,0.60,PROD-PRO_SERVICES,East
OPP000392,CUST018,2024-09-18,2025-01-22,Negotiation,623452.91,0.80,PROD-IMPLEMENTATION,West
OPP000393,CUST029,2024-09-08,2025-01-25,Discovery,1003402.45,0.15,PROD-PLATFORM,Central
OPP000394,CUST040,2024-08-29,2025-01-28,Qualified,764920.40,0.35,PROD-ANALYTICS,East
OPP000395,CUST051,2024-11-19,2025-01-03,Proposal,1105823.77,0.60,PROD-PRO_SERVICES,West
OPP000396,CUST062,2024-11-09,2025-01-06,Negotiation,1258213.70,0.80,PROD-IMPLEMENTATION,Central
OPP000397,CUST073,2024-10-30,2025-01-09,Discovery,985871.55,0.15,PROD-PLATFORM,East
OPP000398,CUST084,2024-10-20,2025-01-12,Qualified,816729.64,0.35,PROD-ANALYTICS,West
OPP000399,CUST095,2024-10-10,2025-01-15,Proposal,714855.56,0.60,PROD-PRO_SERVICES,Central
OPP000400,CUST106,2024-09-30,2025-01-18,Negotiation,658533.18,0.80,PROD-IMPLEMENTATION,East
OPP000401,CUST117,2024-09-20,2025-01-21,Discovery,1240808.16,0.15,PROD-PLATFORM,West
OPP000402,CUST128,2024-09-10,2025-01-24,Qualified,1294749.53,0.35,PROD-ANALYTICS,Central
OPP000403,CUST139,2024-08-31,2025-01-27,Proposal,899780.62,0.60,PROD-PRO_SERVICES,East
OPP000404,CUST006,2024-11-21,2025-01-02,Negotiation,1335678.95,0.80,PROD-IMPLEMENTATION,West
OPP000405,CUST017,2024-11-11,2025-01-05,Discovery,1185695.17,0.15,PROD-PLATFORM,Central
OPP000406,CUST028,2024-11-01,2025-01-08,Qualified,1143457.71,0.35,PROD-ANALYTICS,East
OPP000407,CUST039,2024-10-22,2025-01-11,Proposal,1296135.47,0.60,PROD-PRO_SERVICES,West
OPP000408,CUST050,2024-10-12,2025-01-14,Negotiation,714602.74,0.80,PROD-IMPLEMENTATION,Central
OPP000409,CUST061,2024-10-02,2025-01-17,Discovery,850775.84,0.15,PROD-PLATFORM,East
OPP000410,CUST072,2024-09-22,2025-01-20,Qualified,859197.12,0.35,PROD-ANALYTICS,West
OPP000411,CUST083,2024-09-12,2025-01-23,Proposal,600129.73,0.60,PROD-PRO_SERVICES,Central
OPP000412,CUST094,2024-09-02,2025-01-26,Negotiation,1176393.70,0.80,PROD-IMPLEMENTATION,East
OPP000413,CUST105,2024-11-23,2025-01-01,Discovery,949350.04,0.15,PROD-PLATFORM,West
OPP000414,CUST116,2024-11-13,2025-01-04,Qualified,1173814.38,0.35,PROD-ANALYTICS,Central
OPP000415,CUST127,2024-11-03,2025-01-07,Proposal,592973.88,0.60,PROD-PRO_SERVICES,East
OPP000416,CUST138,2024-10-24,2025-01-10,Negotiation,779297.97,0.80,PROD-IMPLEMENTATION,West
OPP000417,CUST092,2024-12-28,2025-02-01,Qualified,977139.74,0.35,PROD-ANALYTICS,Central
OPP000418,CUST103,2024-12-18,2025-02-04,Proposal,738829.77,0.60,PROD-PRO_SERVICES,East
OPP000419,CUST114,2024-12-08,2025-02-07,Negotiation,1248088.14,0.80,PROD-IMPLEMENTATION,West
OPP000420,CUST125,2024-11-28,2025-02-10,Discovery,722103.48,0.15,PROD-PLATFORM,Central
OPP000421,CUST136,2024-11-18,2025-02-13,Qualified,1183357.93,0.35,PROD-ANALYTICS,East
OPP000422,CUST003,2024-11-08,2025-02-16,Proposal,845646.94,0.60,PROD-PRO_SERVICES,West
OPP000423,CUST014,2024-10-29,2025-02-19,Negotiation,1223930.34,0.80,PROD-IMPLEMENTATION,Central
OPP000424,CUST025,2024-10-19,2025-02-22,Discovery,1185107.69,0.15,PROD-PLATFORM,East
OPP000425,CUST036,2024-10-09,2025-02-25,Qualified,742177.75,0.35,PROD-ANALYTICS,West
OPP000426,CUST047,2024-09-29,2025-02-28,Proposal,1051425.71,0.60,PROD-PRO_SERVICES,Central
OPP000427,CUST058,2024-12-20,2025-02-03,Negotiation,737395.13,0.80,PROD-IMPLEMENTATION,East
OPP000428,CUST069,2024-12-10,2025-02-06,Discovery,949567.62,0.15,PROD-PLATFORM,West
OPP000429,CUST080,2024-11-30,2025-02-09,Qualified,1155785.61,0.35,PROD-ANALYTICS,Central
OPP000430,CUST091,2024-11-20,2025-02-12,Proposal,572609.24,0.60,PROD-PRO_SERVICES,East
OPP000431,CUST102,2024-11-10,2025-02-15,Negotiation,997892.68,0.80,PROD-IMPLEMENTATION,West
OPP000432,CUST113,2024-10-31,2025-02-18,Discovery,659401.70,0.15,PROD-PLATFORM,Central
OPP000433,CUST124,2024-10-21,2025-02-21,Qualified,937109.25,0.35,PROD-ANALYTICS,East
OPP000434,CUST135,2024-10-11,2025-02-24,Proposal,637662.03,0.60,PROD-PRO_SERVICES,West
OPP000435,CUST002,2024-10-01,2025-02-27,Negotiation,1123846.71,0.80,PROD-IMPLEMENTATION,Central
OPP000436,CUST013,2024-12-22,2025-02-02,Discovery,1087270.59,0.15,PROD-PLATFORM,East
OPP000437,CUST024,2024-12-12,2025-02-05,Qualified,953368.35,0.35,PROD-ANALYTICS,West
OPP000438,CUST035,2024-12-02,2025-02-08,Proposal,679890.43,0.60,PROD-PRO_SERVICES,Central
OPP000439,CUST046,2024-11-22,2025-02-11,Negotiation,923180.99,0.80,PROD-IMPLEMENTATION,East
OPP000440,CUST057,2024-11-12,2025-02-14,Discovery,1096437.29,0.15,PROD-PLATFORM,West
OPP000441,CUST068,2024-11-02,2025-02-17,Qualified,734503.63,0.35,PROD-ANALYTICS,Central
OPP000442,CUST079,2024-10-23,2025-02-20,Proposal,763128.39,0.60,PROD-PRO_SERVICES,East
OPP000443,CUST090,2024-10-13,2025-02-23,Negotiation,810101.85,0.80,PROD-IMPLEMENTATION,West
OPP000444,CUST101,2024-10-03,2025-02-26,Discovery,672038.90,0.15,PROD-PLATFORM,Central
OPP000445,CUST112,2024-12-24,2025-02-01,Qualified,1293550.61,0.35,PROD-ANALYTICS,East
OPP000446,CUST123,2024-12-14,2025-02-04,Proposal,1160709.57,0.60,PROD-PRO_SERVICES,West
OPP000447,CUST134,2024-12-04,2025-02-07,Negotiation,919148.50,0.80,PROD-IMPLEMENTATION,Central
OPP000448,CUST001,2024-11-24,2025-02-10,Discovery,576573.56,0.15,PROD-PLATFORM,West
OPP000449,CUST099,2025-01-25,2025-03-01,Proposal,975504.50,0.60,PROD-PRO_SERVICES,West
OPP000450,CUST110,2025-01-15,2025-03-04,Negotiation,618323.93,0.80,PROD-IMPLEMENTATION,Central
OPP000451,CUST121,2025-01-05,2025-03-07,Discovery,613078.91,0.15,PROD-PLATFORM,East
OPP000452,CUST132,2024-12-26,2025-03-10,Qualified,577793.85,0.35,PROD-ANALYTICS,West
OPP000453,CUST143,2024-12-16,2025-03-13,Proposal,1180360.25,0.60,PROD-PRO_SERVICES,Central
OPP000454,CUST010,2024-12-06,2025-03-16,Negotiation,1004451.49,0.80,PROD-IMPLEMENTATION,East
OPP000455,CUST021,2024-11-26,2025-03-19,Discovery,664351.85,0.15,PROD-PLATFORM,West
OPP000456,CUST032,2024-11-16,2025-03-22,Qualified,991636.99,0.35,PROD-ANALYTICS,Central
OPP000457,CUST043,2024-11-06,2025-03-25,Proposal,664669.55,0.60,PROD-PRO_SERVICES,East
OPP000458,CUST054,2024-10-27,2025-03-28,Negotiation,962641.67,0.80,PROD-IMPLEMENTATION,West
OPP000459,CUST065,2025-01-17,2025-03-03,Discovery,1224792.82,0.15,PROD-PLATFORM,Central
OPP000460,CUST076,2025-01-07,2025-03-06,Qualified,1208400.86,0.35,PROD-ANALYTICS,East
OPP000461,CUST087,2024-12-28,2025-03-09,Proposal,581681.93,0.60,PROD-PRO_SERVICES,West
OPP000462,CUST098,2024-12-18,2025-03-12,Negotiation,746532.74,0.80,PROD-IMPLEMENTATION,Central
OPP000463,CUST109,2024-12-08,2025-03-15,Discovery,1182178.63,0.15,PROD-PLATFORM,East
OPP000464,CUST120,2024-11-28,2025-03-18,Qualified,786533.11,0.35,PROD-ANALYTICS,West
OPP000465,CUST131,2024-11-18,2025-03-21,Proposal,824433.84,0.60,PROD-PRO_SERVICES,Central
OPP000466,CUST142,2024-11-08,2025-03-24,Negotiation,1175022.12,0.80,PROD-IMPLEMENTATION,East
OPP000467,CUST009,2024-10-29,2025-03-27,Discovery,612236.98,0.15,PROD-PLATFORM,West
OPP000468,CUST020,2025-01-19,2025-03-02,Qualified,761425.37,0.35,PROD-ANALYTICS,Central
OPP000469,CUST031,2025-01-09,2025-03-05,Proposal,1020323.65,0.60,PROD-PRO_SERVICES,East
OPP000470,CUST042,2024-12-30,2025-03-08,Negotiation,928075.78,0.80,PROD-IMPLEMENTATION,West
OPP000471,CUST053,2024-12-20,2025-03-11,Discovery,1112070.54,0.15,PROD-PLATFORM,Central
OPP000472,CUST064,2024-12-10,2025-03-14,Qualified,1121995.23,0.35,PROD-ANALYTICS,East
OPP000473,CUST075,2024-11-30,2025-03-17,Proposal,784433.02,0.60,PROD-PRO_SERVICES,West
OPP000474,CUST086,2024-11-20,2025-03-20,Negotiation,559904.84,0.80,PROD-IMPLEMENTATION,Central
OPP000475,CUST097,2024-11-10,2025-03-23,Discovery,851831.22,0.15,PROD-PLATFORM,East
OPP000476,CUST108,2024-10-31,2025-03-26,Qualified,988803.01,0.35,PROD-ANALYTICS,West
OPP000477,CUST119,2025-01-21,2025-03-01,Proposal,838031.69,0.60,PROD-PRO_SERVICES,Central
OPP000478,CUST130,2025-01-11,2025-03-04,Negotiation,1027285.86,0.80,PROD-IMPLEMENTATION,East
OPP000479,CUST141,2025-01-01,2025-03-07,Discovery,869078.02,0.15,PROD-PLATFORM,West
OPP000480,CUST008,2024-12-22,2025-03-10,Qualified,825252.54,0.35,PROD-ANALYTICS,Central
OPP000481,CUST106,2025-02-25,2025-04-01,Negotiation,543388.11,0.80,PROD-IMPLEMENTATION,East
OPP000482,CUST117,2025-02-15,2025-04-04,Discovery,1110174.27,0.15,PROD-PLATFORM,West
OPP000483,CUST128,2025-02-05,2025-04-07,Qualified,790783.35,0.35,PROD-ANALYTICS,Central
OPP000484,CUST139,2025-01-26,2025-04-10,Proposal,571077.06,0.60,PROD-PRO_SERVICES,East
OPP000485,CUST006,2025-01-16,2025-04-13,Negotiation,989293.15,0.80,PROD-IMPLEMENTATION,West
OPP000486,CUST017,2025-01-06,2025-04-16,Discovery,544716.69,0.15,PROD-PLATFORM,Central
OPP000487,CUST028,2024-12-27,2025-04-19,Qualified,906850.87,0.35,PROD-ANALYTICS,East
OPP000488,CUST039,2024-12-17,2025-04-22,Proposal,721163.80,0.60,PROD-PRO_SERVICES,West
OPP000489,CUST050,2024-12-07,2025-04-25,Negotiation,1031700.27,0.80,PROD-IMPLEMENTATION,Central
OPP000490,CUST061,2024-11-27,2025-04-28,Discovery,820099.79,0.15,PROD-PLATFORM,East
OPP000491,CUST072,2025-02-17,2025-04-03,Qualified,968897.23,0.35,PROD-ANALYTICS,West
OPP000492,CUST083,2025-02-07,2025-04-06,Proposal,1013148.45,0.60,PROD-PRO_SERVICES,Central
OPP000493,CUST094,2025-01-28,2025-04-09,Negotiation,818101.09,0.80,PROD-IMPLEMENTATION,East
OPP000494,CUST105,2025-01-18,2025-04-12,Discovery,925428.05,0.15,PROD-PLATFORM,West
OPP000495,CUST116,2025-01-08,2025-04-15,Qualified,840977.34,0.35,PROD-ANALYTICS,Central
OPP000496,CUST127,2024-12-29,2025-04-18,Proposal,548021.80,0.60,PROD-PRO_SERVICES,East
OPP000497,CUST138,2024-12-19,2025-04-21,Negotiation,507050.02,0.80,PROD-IMPLEMENTATION,West
OPP000498,CUST005,2024-12-09,2025-04-24,Discovery,1037026.17,0.15,PROD-PLATFORM,Central
OPP000499,CUST016,2024-11-29,2025-04-27,Qualified,565986.55,0.35,PROD-ANALYTICS,East
OPP000500,CUST027,2025-02-19,2025-04-02,Proposal,977661.20,0.60,PROD-PRO_SERVICES,West
OPP000501,CUST038,2025-02-09,2025-04-05,Negotiation,618780.14,0.80,PROD-IMPLEMENTATION,Central
OPP000502,CUST049,2025-01-30,2025-04-08,Discovery,1091981.25,0.15,PROD-PLATFORM,East
OPP000503,CUST060,2025-01-20,2025-04-11,Qualified,778979.38,0.35,PROD-ANALYTICS,West
OPP000504,CUST071,2025-01-10,2025-04-14,Proposal,920203.26,0.60,PROD-PRO_SERVICES,Central
OPP000505,CUST082,2024-12-31,2025-04-17,Negotiation,1079180.76,0.80,PROD-IMPLEMENTATION,East
OPP000506,CUST093,2024-12-21,2025-04-20,Discovery,675124.28,0.15,PROD-PLATFORM,West
OPP000507,CUST104,2024-12-11,2025-04-23,Qualified,639280.82,0.35,PROD-ANALYTICS,Central
OPP000508,CUST115,2024-12-01,2025-04-26,Proposal,708567.87,0.60,PROD-PRO_SERVICES,East
OPP000509,CUST126,2025-02-21,2025-04-01,Negotiation,1048426.47,0.80,PROD-IMPLEMENTATION,West
OPP000510,CUST137,2025-02-11,2025-04-04,Discovery,1046696.85,0.15,PROD-PLATFORM,Central
OPP000511,CUST004,2025-02-01,2025-04-07,Qualified,1040375.96,0.35,PROD-ANALYTICS,East
OPP000512,CUST015,2025-01-22,2025-04-10,Proposal,1016410.82,0.60,PROD-PRO_SERVICES,West
OPP000513,CUST113,2025-03-27,2025-05-01,Discovery,585323.80,0.15,PROD-PLATFORM,Central
OPP000514,CUST124,2025-03-17,2025-05-04,Qualified,1005201.97,0.35,PROD-ANALYTICS,East
OPP000515,CUST135,2025-03-07,2025-05-07,Proposal,658142.87,0.60,PROD-PRO_SERVICES,West
OPP000516,CUST002,2025-02-25,2025-05-10,Negotiation,696793.92,0.80,PROD-IMPLEMENTATION,Central
OPP000517,CUST013,2025-02-15,2025-05-13,Discovery,509365.07,0.15,PROD-PLATFORM,East
OPP000518,CUST024,2025-02-05,2025-05-16,Qualified,671605.44,0.35,PROD-ANALYTICS,West
OPP000519,CUST035,2025-01-26,2025-05-19,Proposal,1055014.92,0.60,PROD-PRO_SERVICES,Central
OPP000520,CUST046,2025-01-16,2025-05-22,Negotiation,628463.52,0.80,PROD-IMPLEMENTATION,East
OPP000521,CUST057,2025-01-06,2025-05-25,Discovery,766541.03,0.15,PROD-PLATFORM,West
OPP000522,CUST068,2024-12-27,2025-05-28,Qualified,544889.41,0.35,PROD-ANALYTICS,Central
OPP000523,CUST079,2025-03-19,2025-05-03,Proposal,733570.76,0.60,PROD-PRO_SERVICES,East
OPP000524,CUST090,2025-03-09,2025-05-06,Negotiation,765564.18,0.80,PROD-IMPLEMENTATION,West
OPP000525,CUST101,2025-02-27,2025-05-09,Discovery,1131199.26,0.15,PROD-PLATFORM,Central
OPP000526,CUST112,2025-02-17,2025-05-12,Qualified,825854.60,0.35,PROD-ANALYTICS,East
OPP000527,CUST123,2025-02-07,2025-05-15,Proposal,737881.10,0.60,PROD-PRO_SERVICES,West
OPP000528,CUST134,2025-01-28,2025-05-18,Negotiation,897727.76,0.80,PROD-IMPLEMENTATION,Central
OPP000529,CUST001,2025-01-18,2025-05-21,Discovery,919176.79,0.15,PROD-PLATFORM,West
OPP000530,CUST012,2025-01-08,2025-05-24,Qualified,527432.76,0.35,PROD-ANALYTICS,West
OPP000531,CUST023,2024-12-29,2025-05-27,Proposal,970498.32,0.60,PROD-PRO_SERVICES,Central
OPP000532,CUST034,2025-03-21,2025-05-02,Negotiation,575713.33,0.80,PROD-IMPLEMENTATION,East
OPP000533,CUST045,2025-03-11,2025-05-05,Discovery,532359.20,0.15,PROD-PLATFORM,West
OPP000534,CUST056,2025-03-01,2025-05-08,Qualified,755814.17,0.35,PROD-ANALYTICS,Central
OPP000535,CUST067,2025-02-19,2025-05-11,Proposal,693159.96,0.60,PROD-PRO_SERVICES,East
OPP000536,CUST078,2025-02-09,2025-05-14,Negotiation,1117265.51,0.80,PROD-IMPLEMENTATION,West
OPP000537,CUST089,2025-01-30,2025-05-17,Discovery,755450.00,0.15,PROD-PLATFORM,Central
OPP000538,CUST100,2025-01-20,2025-05-20,Qualified,997160.12,0.35,PROD-ANALYTICS,East
OPP000539,CUST111,2025-01-10,2025-05-23,Proposal,795734.95,0.60,PROD-PRO_SERVICES,West
OPP000540,CUST122,2024-12-31,2025-05-26,Negotiation,705045.73,0.80,PROD-IMPLEMENTATION,Central
OPP000541,CUST133,2025-03-23,2025-05-01,Discovery,822778.06,0.15,PROD-PLATFORM,East
OPP000542,CUST144,2025-03-13,2025-05-04,Qualified,770926.84,0.35,PROD-ANALYTICS,West
OPP000543,CUST011,2025-03-03,2025-05-07,Proposal,837666.60,0.60,PROD-PRO_SERVICES,Central
OPP000544,CUST022,2025-02-21,2025-05-10,Negotiation,1088724.82,0.80,PROD-IMPLEMENTATION,East
OPP000545,CUST120,2025-04-27,2025-06-01,Qualified,518161.22,0.35,PROD-ANALYTICS,West
OPP000546,CUST131,2025-04-17,2025-06-04,Proposal,840179.56,0.60,PROD-PRO_SERVICES,Central
OPP000547,CUST142,2025-04-07,2025-06-07,Negotiation,1025993.48,0.80,PROD-IMPLEMENTATION,East
OPP000548,CUST009,2025-03-28,2025-06-10,Discovery,480311.52,0.15,PROD-PLATFORM,West
OPP000549,CUST020,2025-03-18,2025-06-13,Qualified,458646.61,0.35,PROD-ANALYTICS,Central
OPP000550,CUST031,2025-03-08,2025-06-16,Proposal,474949.82,0.60,PROD-PRO_SERVICES,East
OPP000551,CUST042,2025-02-26,2025-06-19,Negotiation,946541.44,0.80,PROD-IMPLEMENTATION,West
OPP000552,CUST053,2025-02-16,2025-06-22,Discovery,491041.73,0.15,PROD-PLATFORM,Central
OPP000553,CUST064,2025-02-06,2025-06-25,Qualified,919804.83,0.35,PROD-ANALYTICS,East
OPP000554,CUST075,2025-01-27,2025-06-28,Proposal,935432.24,0.60,PROD-PRO_SERVICES,West
OPP000555,CUST086,2025-04-19,2025-06-03,Negotiation,549210.63,0.80,PROD-IMPLEMENTATION,Central
OPP000556,CUST097,2025-04-09,2025-06-06,Discovery,564851.82,0.15,PROD-PLATFORM,East
OPP000557,CUST108,2025-03-30,2025-06-09,Qualified,529808.93,0.35,PROD-ANALYTICS,West
OPP000558,CUST119,2025-03-20,2025-06-12,Proposal,510326.33,0.60,PROD-PRO_SERVICES,Central
OPP000559,CUST130,2025-03-10,2025-06-15,Negotiation,840402.10,0.80,PROD-IMPLEMENTATION,East
OPP000560,CUST141,2025-02-28,2025-06-18,Discovery,580737.66,0.15,PROD-PLATFORM,West
OPP000561,CUST008,2025-02-18,2025-06-21,Qualified,483400.45,0.35,PROD-ANALYTICS,Central
OPP000562,CUST019,2025-02-08,2025-06-24,Proposal,1007744.97,0.60,PROD-PRO_SERVICES,East
OPP000563,CUST030,2025-01-29,2025-06-27,Negotiation,665934.72,0.80,PROD-IMPLEMENTATION,West
OPP000564,CUST041,2025-04-21,2025-06-02,Discovery,626956.32,0.15,PROD-PLATFORM,Central
OPP000565,CUST052,2025-04-11,2025-06-05,Qualified,980319.44,0.35,PROD-ANALYTICS,East
OPP000566,CUST063,2025-04-01,2025-06-08,Proposal,788497.50,0.60,PROD-PRO_SERVICES,West
OPP000567,CUST074,2025-03-22,2025-06-11,Negotiation,621018.80,0.80,PROD-IMPLEMENTATION,Central
OPP000568,CUST085,2025-03-12,2025-06-14,Discovery,906114.13,0.15,PROD-PLATFORM,East
OPP000569,CUST096,2025-03-02,2025-06-17,Qualified,648451.74,0.35,PROD-ANALYTICS,West
OPP000570,CUST107,2025-02-20,2025-06-20,Proposal,567276.59,0.60,PROD-PRO_SERVICES,Central
OPP000571,CUST118,2025-02-10,2025-06-23,Negotiation,816742.76,0.80,PROD-IMPLEMENTATION,East
OPP000572,CUST129,2025-01-31,2025-06-26,Discovery,575823.73,0.15,PROD-PLATFORM,West
OPP000573,CUST140,2025-04-23,2025-06-01,Qualified,1000964.97,0.35,PROD-ANALYTICS,Central
OPP000574,CUST007,2025-04-13,2025-06-04,Proposal,826470.52,0.60,PROD-PRO_SERVICES,East
OPP000575,CUST018,2025-04-03,2025-06-07,Negotiation,918738.10,0.80,PROD-IMPLEMENTATION,West
OPP000576,CUST029,2025-03-24,2025-06-10,Discovery,946311.50,0.15,PROD-PLATFORM,Central
OPP000577,CUST127,2025-05-27,2025-07-01,Proposal,549490.90,0.60,PROD-PRO_SERVICES,East
OPP000578,CUST138,2025-05-17,2025-07-04,Negotiation,411421.19,0.80,PROD-IMPLEMENTATION,West
OPP000579,CUST005,2025-05-07,2025-07-07,Discovery,451367.77,0.15,PROD-PLATFORM,Central
OPP000580,CUST016,2025-04-27,2025-07-10,Qualified,624739.55,0.35,PROD-ANALYTICS,East
OPP000581,CUST027,2025-04-17,2025-07-13,Proposal,665040.41,0.60,PROD-PRO_SERVICES,West
OPP000582,CUST038,2025-04-07,2025-07-16,Negotiation,634145.76,0.80,PROD-IMPLEMENTATION,Central
OPP000583,CUST049,2025-03-28,2025-07-19,Discovery,677661.63,0.15,PROD-PLATFORM,East
OPP000584,CUST060,2025-03-18,2025-07-22,Qualified,766856.81,0.35,PROD-ANALYTICS,West
OPP000585,CUST071,2025-03-08,2025-07-25,Proposal,430970.40,0.60,PROD-PRO_SERVICES,Central
OPP000586,CUST082,2025-02-26,2025-07-28,Negotiation,861048.84,0.80,PROD-IMPLEMENTATION,East
OPP000587,CUST093,2025-05-19,2025-07-03,Discovery,894971.45,0.15,PROD-PLATFORM,West
OPP000588,CUST104,2025-05-09,2025-07-06,Qualified,865897.66,0.35,PROD-ANALYTICS,Central
OPP000589,CUST115,2025-04-29,2025-07-09,Proposal,550809.17,0.60,PROD-PRO_SERVICES,East
OPP000590,CUST126,2025-04-19,2025-07-12,Negotiation,598346.82,0.80,PROD-IMPLEMENTATION,West
OPP000591,CUST137,2025-04-09,2025-07-15,Discovery,433548.14,0.15,PROD-PLATFORM,Central
OPP000592,CUST004,2025-03-30,2025-07-18,Qualified,786897.46,0.35,PROD-ANALYTICS,East
OPP000593,CUST015,2025-03-20,2025-07-21,Proposal,479249.95,0.60,PROD-PRO_SERVICES,West
OPP000594,CUST026,2025-03-10,2025-07-24,Negotiation,771484.63,0.80,PROD-IMPLEMENTATION,Central
OPP000595,CUST037,2025-02-28,2025-07-27,Discovery,713785.69,0.15,PROD-PLATFORM,East
OPP000596,CUST048,2025-05-21,2025-07-02,Qualified,508828.58,0.35,PROD-ANALYTICS,West
OPP000597,CUST059,2025-05-11,2025-07-05,Proposal,729768.56,0.60,PROD-PRO_SERVICES,Central
OPP000598,CUST070,2025-05-01,2025-07-08,Negotiation,838634.50,0.80,PROD-IMPLEMENTATION,East
OPP000599,CUST081,2025-04-21,2025-07-11,Discovery,412523.29,0.15,PROD-PLATFORM,West
OPP000600,CUST092,2025-04-11,2025-07-14,Qualified,510350.18,0.35,PROD-ANALYTICS,Central
OPP000601,CUST103,2025-04-01,2025-07-17,Proposal,556501.01,0.60,PROD-PRO_SERVICES,East
OPP000602,CUST114,2025-03-22,2025-07-20,Negotiation,790661.71,0.80,PROD-IMPLEMENTATION,West
OPP000603,CUST125,2025-03-12,2025-07-23,Discovery,796320.72,0.15,PROD-PLATFORM,Central
OPP000604,CUST136,2025-03-02,2025-07-26,Qualified,575870.31,0.35,PROD-ANALYTICS,East
OPP000605,CUST003,2025-05-23,2025-07-01,Proposal,755589.26,0.60,PROD-PRO_SERVICES,West
OPP000606,CUST014,2025-05-13,2025-07-04,Negotiation,770070.97,0.80,PROD-IMPLEMENTATION,Central
OPP000607,CUST025,2025-05-03,2025-07-07,Discovery,904720.82,0.15,PROD-PLATFORM,East
OPP000608,CUST036,2025-04-23,2025-07-10,Qualified,547200.05,0.35,PROD-ANALYTICS,West
OPP000609,CUST134,2025-06-27,2025-08-01,Negotiation,757174.41,0.80,PROD-IMPLEMENTATION,Central
OPP000610,CUST001,2025-06-17,2025-08-04,Discovery,377593.46,0.15,PROD-PLATFORM,West
OPP000611,CUST012,2025-06-07,2025-08-07,Qualified,410490.32,0.35,PROD-ANALYTICS,West
OPP000612,CUST023,2025-05-28,2025-08-10,Proposal,803239.60,0.60,PROD-PRO_SERVICES,Central
OPP000613,CUST034,2025-05-18,2025-08-13,Negotiation,509501.41,0.80,PROD-IMPLEMENTATION,East
OPP000614,CUST045,2025-05-08,2025-08-16,Discovery,406206.77,0.15,PROD-PLATFORM,West
OPP000615,CUST056,2025-04-28,2025-08-19,Qualified,451687.42,0.35,PROD-ANALYTICS,Central
OPP000616,CUST067,2025-04-18,2025-08-22,Proposal,690768.37,0.60,PROD-PRO_SERVICES,East
OPP000617,CUST078,2025-04-08,2025-08-25,Negotiation,690083.01,0.80,PROD-IMPLEMENTATION,West
OPP000618,CUST089,2025-03-29,2025-08-28,Discovery,704117.35,0.15,PROD-PLATFORM,Central
OPP000619,CUST100,2025-06-19,2025-08-03,Qualified,478755.87,0.35,PROD-ANALYTICS,East
OPP000620,CUST111,2025-06-09,2025-08-06,Proposal,520335.02,0.60,PROD-PRO_SERVICES,West
OPP000621,CUST122,2025-05-30,2025-08-09,Negotiation,505247.20,0.80,PROD-IMPLEMENTATION,Central
OPP000622,CUST133,2025-05-20,2025-08-12,Discovery,384885.86,0.15,PROD-PLATFORM,East
OPP000623,CUST144,2025-05-10,2025-08-15,Qualified,431572.65,0.35,PROD-ANALYTICS,West
OPP000624,CUST011,2025-04-30,2025-08-18,Proposal,811932.38,0.60,PROD-PRO_SERVICES,Central
OPP000625,CUST022,2025-04-20,2025-08-21,Negotiation,500054.15,0.80,PROD-IMPLEMENTATION,East
OPP000626,CUST033,2025-04-10,2025-08-24,Discovery,802684.60,0.15,PROD-PLATFORM,West
OPP000627,CUST044,2025-03-31,2025-08-27,Qualified,617518.88,0.35,PROD-ANALYTICS,Central
OPP000628,CUST055,2025-06-21,2025-08-02,Proposal,807351.34,0.60,PROD-PRO_SERVICES,East
OPP000629,CUST066,2025-06-11,2025-08-05,Negotiation,671522.12,0.80,PROD-IMPLEMENTATION,West
OPP000630,CUST077,2025-06-01,2025-08-08,Discovery,476178.19,0.15,PROD-PLATFORM,Central
OPP000631,CUST088,2025-05-22,2025-08-11,Qualified,370354.06,0.35,PROD-ANALYTICS,East
OPP000632,CUST099,2025-05-12,2025-08-14,Proposal,750257.94,0.60,PROD-PRO_SERVICES,West
OPP000633,CUST110,2025-05-02,2025-08-17,Negotiation,620388.20,0.80,PROD-IMPLEMENTATION,Central
OPP000634,CUST121,2025-04-22,2025-08-20,Discovery,458630.50,0.15,PROD-PLATFORM,East
OPP000635,CUST132,2025-04-12,2025-08-23,Qualified,637603.52,0.35,PROD-ANALYTICS,West
OPP000636,CUST143,2025-04-02,2025-08-26,Proposal,723536.82,0.60,PROD-PRO_SERVICES,Central
OPP000637,CUST010,2025-06-23,2025-08-01,Negotiation,619166.28,0.80,PROD-IMPLEMENTATION,East
OPP000638,CUST021,2025-06-13,2025-08-04,Discovery,386007.92,0.15,PROD-PLATFORM,West
OPP000639,CUST032,2025-06-03,2025-08-07,Qualified,497986.48,0.35,PROD-ANALYTICS,Central
OPP000640,CUST043,2025-05-24,2025-08-10,Proposal,751227.18,0.60,PROD-PRO_SERVICES,East
OPP000641,CUST141,2025-07-28,2025-09-01,Discovery,346612.97,0.15,PROD-PLATFORM,West
OPP000642,CUST008,2025-07-18,2025-09-04,Qualified,502460.09,0.35,PROD-ANALYTICS,Central
OPP000643,CUST019,2025-07-08,2025-09-07,Proposal,668818.98,0.60,PROD-PRO_SERVICES,East
OPP000644,CUST030,2025-06-28,2025-09-10,Negotiation,365388.45,0.80,PROD-IMPLEMENTATION,West
OPP000645,CUST041,2025-06-18,2025-09-13,Discovery,360317.73,0.15,PROD-PLATFORM,Central
OPP000646,CUST052,2025-06-08,2025-09-16,Qualified,695521.86,0.35,PROD-ANALYTICS,East
OPP000647,CUST063,2025-05-29,2025-09-19,Proposal,601749.61,0.60,PROD-PRO_SERVICES,West
OPP000648,CUST074,2025-05-19,2025-09-22,Negotiation,329659.12,0.80,PROD-IMPLEMENTATION,Central
OPP000649,CUST085,2025-05-09,2025-09-25,Discovery,585460.11,0.15,PROD-PLATFORM,East
OPP000650,CUST096,2025-04-29,2025-09-28,Qualified,565928.47,0.35,PROD-ANALYTICS,West
OPP000651,CUST107,2025-07-20,2025-09-03,Proposal,543604.31,0.60,PROD-PRO_SERVICES,Central
OPP000652,CUST118,2025-07-10,2025-09-06,Negotiation,587913.90,0.80,PROD-IMPLEMENTATION,East
OPP000653,CUST129,2025-06-30,2025-09-09,Discovery,545476.92,0.15,PROD-PLATFORM,West
OPP000654,CUST140,2025-06-20,2025-09-12,Qualified,532438.76,0.35,PROD-ANALYTICS,Central
OPP000655,CUST007,2025-06-10,2025-09-15,Proposal,432612.67,0.60,PROD-PRO_SERVICES,East
OPP000656,CUST018,2025-05-31,2025-09-18,Negotiation,404304.18,0.80,PROD-IMPLEMENTATION,West
OPP000657,CUST029,2025-05-21,2025-09-21,Discovery,677260.65,0.15,PROD-PLATFORM,Central
OPP000658,CUST040,2025-05-11,2025-09-24,Qualified,412097.28,0.35,PROD-ANALYTICS,East
OPP000659,CUST051,2025-05-01,2025-09-27,Proposal,459793.26,0.60,PROD-PRO_SERVICES,West
OPP000660,CUST062,2025-07-22,2025-09-02,Negotiation,365885.77,0.80,PROD-IMPLEMENTATION,Central
OPP000661,CUST073,2025-07-12,2025-09-05,Discovery,542970.78,0.15,PROD-PLATFORM,East
OPP000662,CUST084,2025-07-02,2025-09-08,Qualified,680286.08,0.35,PROD-ANALYTICS,West
OPP000663,CUST095,2025-06-22,2025-09-11,Proposal,544762.56,0.60,PROD-PRO_SERVICES,Central
OPP000664,CUST106,2025-06-12,2025-09-14,Negotiation,671077.27,0.80,PROD-IMPLEMENTATION,East
OPP000665,CUST117,2025-06-02,2025-09-17,Discovery,433877.26,0.15,PROD-PLATFORM,West
OPP000666,CUST128,2025-05-23,2025-09-20,Qualified,368368.55,0.35,PROD-ANALYTICS,Central
OPP000667,CUST139,2025-05-13,2025-09-23,Proposal,485792.49,0.60,PROD-PRO_SERVICES,East
OPP000668,CUST006,2025-05-03,2025-09-26,Negotiation,449046.12,0.80,PROD-IMPLEMENTATION,West
OPP000669,CUST017,2025-07-24,2025-09-01,Discovery,476321.83,0.15,PROD-PLATFORM,Central
OPP000670,CUST028,2025-07-14,2025-09-04,Qualified,546564.39,0.35,PROD-ANALYTICS,East
OPP000671,CUST039,2025-07-04,2025-09-07,Proposal,670524.22,0.60,PROD-PRO_SERVICES,West
OPP000672,CUST050,2025-06-24,2025-09-10,Negotiation,530204.63,0.80,PROD-IMPLEMENTATION,Central
OPP000673,CUST004,2025-08-27,2025-10-01,Qualified,555267.35,0.35,PROD-ANALYTICS,East
OPP000674,CUST015,2025-08-17,2025-10-04,Proposal,495368.21,0.60,PROD-PRO_SERVICES,West
OPP000675,CUST026,2025-08-07,2025-10-07,Negotiation,329031.36,0.80,PROD-IMPLEMENTATION,Central
OPP000676,CUST037,2025-07-28,2025-10-10,Discovery,464290.08,0.15,PROD-PLATFORM,East
OPP000677,CUST048,2025-07-18,2025-10-13,Qualified,308438.83,0.35,PROD-ANALYTICS,West
OPP000678,CUST059,2025-07-08,2025-10-16,Proposal,321779.68,0.60,PROD-PRO_SERVICES,Central
OPP000679,CUST070,2025-06-28,2025-10-19,Negotiation,614799.86,0.80,PROD-IMPLEMENTATION,East
OPP000680,CUST081,2025-06-18,2025-10-22,Discovery,504041.85,0.15,PROD-PLATFORM,West
OPP000681,CUST092,2025-06-08,2025-10-25,Qualified,503084.24,0.35,PROD-ANALYTICS,Central
OPP000682,CUST103,2025-05-29,2025-10-28,Proposal,481643.85,0.60,PROD-PRO_SERVICES,East
OPP000683,CUST114,2025-08-19,2025-10-03,Negotiation,521183.37,0.80,PROD-IMPLEMENTATION,West
OPP000684,CUST125,2025-08-09,2025-10-06,Discovery,398172.80,0.15,PROD-PLATFORM,Central
OPP000685,CUST136,2025-07-30,2025-10-09,Qualified,394994.63,0.35,PROD-ANALYTICS,East
OPP000686,CUST003,2025-07-20,2025-10-12,Proposal,365493.86,0.60,PROD-PRO_SERVICES,West
OPP000687,CUST014,2025-07-10,2025-10-15,Negotiation,353539.32,0.80,PROD-IMPLEMENTATION,Central
OPP000688,CUST025,2025-06-30,2025-10-18,Discovery,440796.23,0.15,PROD-PLATFORM,East
OPP000689,CUST036,2025-06-20,2025-10-21,Qualified,425887.19,0.35,PROD-ANALYTICS,West
OPP000690,CUST047,2025-06-10,2025-10-24,Proposal,500342.68,0.60,PROD-PRO_SERVICES,Central
OPP000691,CUST058,2025-05-31,2025-10-27,Negotiation,309295.61,0.80,PROD-IMPLEMENTATION,East
OPP000692,CUST069,2025-08-21,2025-10-02,Discovery,379104.32,0.15,PROD-PLATFORM,West
OPP000693,CUST080,2025-08-11,2025-10-05,Qualified,392247.89,0.35,PROD-ANALYTICS,Central
OPP000694,CUST091,2025-08-01,2025-10-08,Proposal,400474.97,0.60,PROD-PRO_SERVICES,East
OPP000695,CUST102,2025-07-22,2025-10-11,Negotiation,599659.94,0.80,PROD-IMPLEMENTATION,West
OPP000696,CUST113,2025-07-12,2025-10-14,Discovery,483940.50,0.15,PROD-PLATFORM,Central
OPP000697,CUST124,2025-07-02,2025-10-17,Qualified,319691.25,0.35,PROD-ANALYTICS,East
OPP000698,CUST135,2025-06-22,2025-10-20,Proposal,301817.34,0.60,PROD-PRO_SERVICES,West
OPP000699,CUST002,2025-06-12,2025-10-23,Negotiation,592082.85,0.80,PROD-IMPLEMENTATION,Central
OPP000700,CUST013,2025-06-02,2025-10-26,Discovery,525359.27,0.15,PROD-PLATFORM,East
OPP000701,CUST024,2025-08-23,2025-10-01,Qualified,561779.29,0.35,PROD-ANALYTICS,West
OPP000702,CUST035,2025-08-13,2025-10-04,Proposal,370264.51,0.60,PROD-PRO_SERVICES,Central
OPP000703,CUST046,2025-08-03,2025-10-07,Negotiation,553161.29,0.80,PROD-IMPLEMENTATION,East
OPP000704,CUST057,2025-07-24,2025-10-10,Discovery,509671.16,0.15,PROD-PLATFORM,West
OPP000705,CUST011,2025-09-27,2025-11-01,Proposal,435765.84,0.60,PROD-PRO_SERVICES,Central
OPP000706,CUST022,2025-09-17,2025-11-04,Negotiation,270886.22,0.80,PROD-IMPLEMENTATION,East
OPP000707,CUST033,2025-09-07,2025-11-07,Discovery,442688.38,0.15,PROD-PLATFORM,West
OPP000708,CUST044,2025-08-28,2025-11-10,Qualified,329720.41,0.35,PROD-ANALYTICS,Central
OPP000709,CUST055,2025-08-18,2025-11-13,Proposal,394416.79,0.60,PROD-PRO_SERVICES,East
OPP000710,CUST066,2025-08-08,2025-11-16,Negotiation,333386.12,0.80,PROD-IMPLEMENTATION,West
OPP000711,CUST077,2025-07-29,2025-11-19,Discovery,328006.63,0.15,PROD-PLATFORM,Central
OPP000712,CUST088,2025-07-19,2025-11-22,Qualified,320180.48,0.35,PROD-ANALYTICS,East
OPP000713,CUST099,2025-07-09,2025-11-25,Proposal,530720.01,0.60,PROD-PRO_SERVICES,West
OPP000714,CUST110,2025-06-29,2025-11-28,Negotiation,532651.51,0.80,PROD-IMPLEMENTATION,Central
OPP000715,CUST121,2025-09-19,2025-11-03,Discovery,379660.40,0.15,PROD-PLATFORM,East
OPP000716,CUST132,2025-09-09,2025-11-06,Qualified,464281.90,0.35,PROD-ANALYTICS,West
OPP000717,CUST143,2025-08-30,2025-11-09,Proposal,433492.09,0.60,PROD-PRO_SERVICES,Central
OPP000718,CUST010,2025-08-20,2025-11-12,Negotiation,330825.28,0.80,PROD-IMPLEMENTATION,East
OPP000719,CUST021,2025-08-10,2025-11-15,Discovery,521276.71,0.15,PROD-PLATFORM,West
OPP000720,CUST032,2025-07-31,2025-11-18,Qualified,426404.51,0.35,PROD-ANALYTICS,Central
OPP000721,CUST043,2025-07-21,2025-11-21,Proposal,440251.47,0.60,PROD-PRO_SERVICES,East
OPP000722,CUST054,2025-07-11,2025-11-24,Negotiation,338220.62,0.80,PROD-IMPLEMENTATION,West
OPP000723,CUST065,2025-07-01,2025-11-27,Discovery,249913.23,0.15,PROD-PLATFORM,Central
OPP000724,CUST076,2025-09-21,2025-11-02,Qualified,398387.25,0.35,PROD-ANALYTICS,East
OPP000725,CUST087,2025-09-11,2025-11-05,Proposal,387053.53,0.60,PROD-PRO_SERVICES,West
OPP000726,CUST098,2025-09-01,2025-11-08,Negotiation,517407.10,0.80,PROD-IMPLEMENTATION,Central
OPP000727,CUST109,2025-08-22,2025-11-11,Discovery,298845.09,0.15,PROD-PLATFORM,East
OPP000728,CUST120,2025-08-12,2025-11-14,Qualified,528376.57,0.35,PROD-ANALYTICS,West
OPP000729,CUST131,2025-08-02,2025-11-17,Proposal,311561.81,0.60,PROD-PRO_SERVICES,Central
OPP000730,CUST142,2025-07-23,2025-11-20,Negotiation,543767.61,0.80,PROD-IMPLEMENTATION,East
OPP000731,CUST009,2025-07-13,2025-11-23,Discovery,277992.09,0.15,PROD-PLATFORM,West
OPP000732,CUST020,2025-07-03,2025-11-26,Qualified,305329.08,0.35,PROD-ANALYTICS,Central
OPP000733,CUST031,2025-09-23,2025-11-01,Proposal,303302.05,0.60,PROD-PRO_SERVICES,East
OPP000734,CUST042,2025-09-13,2025-11-04,Negotiation,455826.30,0.80,PROD-IMPLEMENTATION,West
OPP000735,CUST053,2025-09-03,2025-11-07,Discovery,366897.48,0.15,PROD-PLATFORM,Central
OPP000736,CUST064,2025-08-24,2025-11-10,Qualified,383501.93,0.35,PROD-ANALYTICS,East
OPP000737,CUST018,2025-10-27,2025-12-01,Negotiation,490156.59,0.80,PROD-IMPLEMENTATION,West
OPP000738,CUST029,2025-10-17,2025-12-04,Discovery,439680.45,0.15,PROD-PLATFORM,Central
OPP000739,CUST040,2025-10-07,2025-12-07,Qualified,260123.96,0.35,PROD-ANALYTICS,East
OPP000740,CUST051,2025-09-27,2025-12-10,Proposal,471431.21,0.60,PROD-PRO_SERVICES,West
OPP000741,CUST062,2025-09-17,2025-12-13,Negotiation,408758.42,0.80,PROD-IMPLEMENTATION,Central
OPP000742,CUST073,2025-09-07,2025-12-16,Discovery,290074.27,0.15,PROD-PLATFORM,East
OPP000743,CUST084,2025-08-28,2025-12-19,Qualified,245586.98,0.35,PROD-ANALYTICS,West
OPP000744,CUST095,2025-08-18,2025-12-22,Proposal,234698.40,0.60,PROD-PRO_SERVICES,Central
OPP000745,CUST106,2025-08-08,2025-12-25,Negotiation,419700.90,0.80,PROD-IMPLEMENTATION,East
OPP000746,CUST117,2025-07-29,2025-12-28,Discovery,318455.82,0.15,PROD-PLATFORM,West
OPP000747,CUST128,2025-10-19,2025-12-03,Qualified,464293.01,0.35,PROD-ANALYTICS,Central
OPP000748,CUST139,2025-10-09,2025-12-06,Proposal,436098.64,0.60,PROD-PRO_SERVICES,East
OPP000749,CUST006,2025-09-29,2025-12-09,Negotiation,387670.45,0.80,PROD-IMPLEMENTATION,West
OPP000750,CUST017,2025-09-19,2025-12-12,Discovery,495934.32,0.15,PROD-PLATFORM,Central
OPP000751,CUST028,2025-09-09,2025-12-15,Qualified,405025.89,0.35,PROD-ANALYTICS,East
OPP000752,CUST039,2025-08-30,2025-12-18,Proposal,229801.44,0.60,PROD-PRO_SERVICES,West
OPP000753,CUST050,2025-08-20,2025-12-21,Negotiation,419879.92,0.80,PROD-IMPLEMENTATION,Central
OPP000754,CUST061,2025-08-10,2025-12-24,Discovery,340889.15,0.15,PROD-PLATFORM,East
OPP000755,CUST072,2025-07-31,2025-12-27,Qualified,374047.23,0.35,PROD-ANALYTICS,West
OPP000756,CUST083,2025-10-21,2025-12-02,Proposal,386427.71,0.60,PROD-PRO_SERVICES,Central
OPP000757,CUST094,2025-10-11,2025-12-05,Negotiation,338542.36,0.80,PROD-IMPLEMENTATION,East
OPP000758,CUST105,2025-10-01,2025-12-08,Discovery,317555.68,0.15,PROD-PLATFORM,West
OPP000759,CUST116,2025-09-21,2025-12-11,Qualified,286349.57,0.35,PROD-ANALYTICS,Central
OPP000760,CUST127,2025-09-11,2025-12-14,Proposal,463110.30,0.60,PROD-PRO_SERVICES,East
OPP000761,CUST138,2025-09-01,2025-12-17,Negotiation,434275.97,0.80,PROD-IMPLEMENTATION,West
OPP000762,CUST005,2025-08-22,2025-12-20,Discovery,284428.82,0.15,PROD-PLATFORM,Central
OPP000763,CUST016,2025-08-12,2025-12-23,Qualified,455290.54,0.35,PROD-ANALYTICS,East
OPP000764,CUST027,2025-08-02,2025-12-26,Proposal,323783.44,0.60,PROD-PRO_SERVICES,West
OPP000765,CUST038,2025-10-23,2025-12-01,Negotiation,465701.45,0.80,PROD-IMPLEMENTATION,Central
OPP000766,CUST049,2025-10-13,2025-12-04,Discovery,303492.30,0.15,PROD-PLATFORM,East
OPP000767,CUST060,2025-10-03,2025-12-07,Qualified,300185.38,0.35,PROD-ANALYTICS,West
OPP000768,CUST071,2025-09-23,2025-12-10,Proposal,502643.19,0.60,PROD-PRO_SERVICES,Central
